<?xml version="1.0" standalone="yes"?>
<QuizDataSet xmlns="http://tempuri.org/QuizDataSet.xsd">
  <RESPONSES>
    <Text>:)
</Text>
    <qID>7</qID>
  </RESPONSES>
  <USERS>
    <Name>Gabriel</Name>
  </USERS>
  <DATA>
    <TimeStamp>126566</TimeStamp>
    <NumFaces>1</NumFaces>
    <Pulse>65</Pulse>
    <EXPRESSION_BROW_RAISER_LEFT>0</EXPRESSION_BROW_RAISER_LEFT>
    <EXPRESSION_BROW_RAISER_RIGHT>0</EXPRESSION_BROW_RAISER_RIGHT>
    <EXPRESSION_BROW_LOWERER_LEFT>100</EXPRESSION_BROW_LOWERER_LEFT>
    <EXPRESSION_BROW_LOWERER_RIGHT>0</EXPRESSION_BROW_LOWERER_RIGHT>
    <EXPRESSION_SMILE>86</EXPRESSION_SMILE>
    <EXPRESSION_KISS>0</EXPRESSION_KISS>
    <EXPRESSION_MOUTH_OPEN>24</EXPRESSION_MOUTH_OPEN>
    <EXPRESSION_EYES_CLOSED_LEFT>0</EXPRESSION_EYES_CLOSED_LEFT>
    <EXPRESSION_EYES_CLOSED_RIGHT>0</EXPRESSION_EYES_CLOSED_RIGHT>
    <EXPRESSION_EYES_TURN_LEFT>0</EXPRESSION_EYES_TURN_LEFT>
    <EXPRESSION_EYES_TURN_RIGHT>0</EXPRESSION_EYES_TURN_RIGHT>
    <EXPRESSION_EYES_UP>0</EXPRESSION_EYES_UP>
    <EXPRESSION_EYES_DOWN>100</EXPRESSION_EYES_DOWN>
    <EMOTION_PRIMARY_ANGER_EVIDENCE>0</EMOTION_PRIMARY_ANGER_EVIDENCE>
    <EMOTION_PRIMARY_ANGER_INTENSITY>0.0353953056</EMOTION_PRIMARY_ANGER_INTENSITY>
    <EMOTION_PRIMARY_CONTEMPT_EVIDENCE>0</EMOTION_PRIMARY_CONTEMPT_EVIDENCE>
    <EMOTION_PRIMARY_CONTEMPT_INTENSITY>0.028600594</EMOTION_PRIMARY_CONTEMPT_INTENSITY>
    <EMOTION_PRIMARY_DISGUST_EVIDENCE>-1</EMOTION_PRIMARY_DISGUST_EVIDENCE>
    <EMOTION_PRIMARY_DISGUST_INTENSITY>0.00265159737</EMOTION_PRIMARY_DISGUST_INTENSITY>
    <EMOTION_PRIMARY_FEAR_EVIDENCE>0</EMOTION_PRIMARY_FEAR_EVIDENCE>
    <EMOTION_PRIMARY_FEAR_INTENSITY>0.00732793</EMOTION_PRIMARY_FEAR_INTENSITY>
    <EMOTION_PRIMARY_JOY_EVIDENCE>2</EMOTION_PRIMARY_JOY_EVIDENCE>
    <EMOTION_PRIMARY_JOY_INTENSITY>0.972758532</EMOTION_PRIMARY_JOY_INTENSITY>
    <EMOTION_PRIMARY_SADNESS_EVIDENCE>-1</EMOTION_PRIMARY_SADNESS_EVIDENCE>
    <EMOTION_PRIMARY_SADNESS_INTENSITY>0.0004189126</EMOTION_PRIMARY_SADNESS_INTENSITY>
    <EMOTION_PRIMARY_SURPRISE_EVIDENCE>-2</EMOTION_PRIMARY_SURPRISE_EVIDENCE>
    <EMOTION_PRIMARY_SURPRISE_INTENSITY>0.00153264892</EMOTION_PRIMARY_SURPRISE_INTENSITY>
    <EMOTION_SENTIMENT_NEGATIVE_EVIDENCE>0</EMOTION_SENTIMENT_NEGATIVE_EVIDENCE>
    <EMOTION_SENTIMENT_NEGATIVE_INTENSITY>0.232174188</EMOTION_SENTIMENT_NEGATIVE_INTENSITY>
    <EMOTION_SENTIMENT_POSITIVE_EVIDENCE>2</EMOTION_SENTIMENT_POSITIVE_EVIDENCE>
    <EMOTION_SENTIMENT_POSITIVE_INTENSITY>0.946432948</EMOTION_SENTIMENT_POSITIVE_INTENSITY>
    <EMOTION_SENTIMENT_NEUTRAL_EVIDENCE>-3</EMOTION_SENTIMENT_NEUTRAL_EVIDENCE>
    <EMOTION_SENTIMENT_NEUTRAL_INTENSITY>0.0005036297</EMOTION_SENTIMENT_NEUTRAL_INTENSITY>
  </DATA>
  <DATA>
    <TimeStamp>126766</TimeStamp>
    <NumFaces>1</NumFaces>
    <Pulse>65</Pulse>
    <EXPRESSION_BROW_RAISER_LEFT>0</EXPRESSION_BROW_RAISER_LEFT>
    <EXPRESSION_BROW_RAISER_RIGHT>0</EXPRESSION_BROW_RAISER_RIGHT>
    <EXPRESSION_BROW_LOWERER_LEFT>100</EXPRESSION_BROW_LOWERER_LEFT>
    <EXPRESSION_BROW_LOWERER_RIGHT>0</EXPRESSION_BROW_LOWERER_RIGHT>
    <EXPRESSION_SMILE>85</EXPRESSION_SMILE>
    <EXPRESSION_KISS>0</EXPRESSION_KISS>
    <EXPRESSION_MOUTH_OPEN>24</EXPRESSION_MOUTH_OPEN>
    <EXPRESSION_EYES_CLOSED_LEFT>0</EXPRESSION_EYES_CLOSED_LEFT>
    <EXPRESSION_EYES_CLOSED_RIGHT>0</EXPRESSION_EYES_CLOSED_RIGHT>
    <EXPRESSION_EYES_TURN_LEFT>0</EXPRESSION_EYES_TURN_LEFT>
    <EXPRESSION_EYES_TURN_RIGHT>0</EXPRESSION_EYES_TURN_RIGHT>
    <EXPRESSION_EYES_UP>0</EXPRESSION_EYES_UP>
    <EXPRESSION_EYES_DOWN>100</EXPRESSION_EYES_DOWN>
    <EMOTION_PRIMARY_ANGER_EVIDENCE>0</EMOTION_PRIMARY_ANGER_EVIDENCE>
    <EMOTION_PRIMARY_ANGER_INTENSITY>0.03164281</EMOTION_PRIMARY_ANGER_INTENSITY>
    <EMOTION_PRIMARY_CONTEMPT_EVIDENCE>0</EMOTION_PRIMARY_CONTEMPT_EVIDENCE>
    <EMOTION_PRIMARY_CONTEMPT_INTENSITY>0.03241429</EMOTION_PRIMARY_CONTEMPT_INTENSITY>
    <EMOTION_PRIMARY_DISGUST_EVIDENCE>-1</EMOTION_PRIMARY_DISGUST_EVIDENCE>
    <EMOTION_PRIMARY_DISGUST_INTENSITY>0.00207402953</EMOTION_PRIMARY_DISGUST_INTENSITY>
    <EMOTION_PRIMARY_FEAR_EVIDENCE>0</EMOTION_PRIMARY_FEAR_EVIDENCE>
    <EMOTION_PRIMARY_FEAR_INTENSITY>0.006588558</EMOTION_PRIMARY_FEAR_INTENSITY>
    <EMOTION_PRIMARY_JOY_EVIDENCE>2</EMOTION_PRIMARY_JOY_EVIDENCE>
    <EMOTION_PRIMARY_JOY_INTENSITY>0.980130851</EMOTION_PRIMARY_JOY_INTENSITY>
    <EMOTION_PRIMARY_SADNESS_EVIDENCE>-2</EMOTION_PRIMARY_SADNESS_EVIDENCE>
    <EMOTION_PRIMARY_SADNESS_INTENSITY>0.000160239259</EMOTION_PRIMARY_SADNESS_INTENSITY>
    <EMOTION_PRIMARY_SURPRISE_EVIDENCE>-2</EMOTION_PRIMARY_SURPRISE_EVIDENCE>
    <EMOTION_PRIMARY_SURPRISE_INTENSITY>0.001948711</EMOTION_PRIMARY_SURPRISE_INTENSITY>
    <EMOTION_SENTIMENT_NEGATIVE_EVIDENCE>0</EMOTION_SENTIMENT_NEGATIVE_EVIDENCE>
    <EMOTION_SENTIMENT_NEGATIVE_INTENSITY>0.1479537</EMOTION_SENTIMENT_NEGATIVE_INTENSITY>
    <EMOTION_SENTIMENT_POSITIVE_EVIDENCE>3</EMOTION_SENTIMENT_POSITIVE_EVIDENCE>
    <EMOTION_SENTIMENT_POSITIVE_INTENSITY>0.9614203</EMOTION_SENTIMENT_POSITIVE_INTENSITY>
    <EMOTION_SENTIMENT_NEUTRAL_EVIDENCE>-3</EMOTION_SENTIMENT_NEUTRAL_EVIDENCE>
    <EMOTION_SENTIMENT_NEUTRAL_INTENSITY>0.000482319825</EMOTION_SENTIMENT_NEUTRAL_INTENSITY>
  </DATA>
  <DATA>
    <TimeStamp>126968</TimeStamp>
    <NumFaces>1</NumFaces>
    <Pulse>65</Pulse>
    <EXPRESSION_BROW_RAISER_LEFT>0</EXPRESSION_BROW_RAISER_LEFT>
    <EXPRESSION_BROW_RAISER_RIGHT>0</EXPRESSION_BROW_RAISER_RIGHT>
    <EXPRESSION_BROW_LOWERER_LEFT>100</EXPRESSION_BROW_LOWERER_LEFT>
    <EXPRESSION_BROW_LOWERER_RIGHT>0</EXPRESSION_BROW_LOWERER_RIGHT>
    <EXPRESSION_SMILE>83</EXPRESSION_SMILE>
    <EXPRESSION_KISS>0</EXPRESSION_KISS>
    <EXPRESSION_MOUTH_OPEN>22</EXPRESSION_MOUTH_OPEN>
    <EXPRESSION_EYES_CLOSED_LEFT>0</EXPRESSION_EYES_CLOSED_LEFT>
    <EXPRESSION_EYES_CLOSED_RIGHT>0</EXPRESSION_EYES_CLOSED_RIGHT>
    <EXPRESSION_EYES_TURN_LEFT>0</EXPRESSION_EYES_TURN_LEFT>
    <EXPRESSION_EYES_TURN_RIGHT>0</EXPRESSION_EYES_TURN_RIGHT>
    <EXPRESSION_EYES_UP>0</EXPRESSION_EYES_UP>
    <EXPRESSION_EYES_DOWN>100</EXPRESSION_EYES_DOWN>
    <EMOTION_PRIMARY_ANGER_EVIDENCE>0</EMOTION_PRIMARY_ANGER_EVIDENCE>
    <EMOTION_PRIMARY_ANGER_INTENSITY>0.0324002</EMOTION_PRIMARY_ANGER_INTENSITY>
    <EMOTION_PRIMARY_CONTEMPT_EVIDENCE>0</EMOTION_PRIMARY_CONTEMPT_EVIDENCE>
    <EMOTION_PRIMARY_CONTEMPT_INTENSITY>0.0323380679</EMOTION_PRIMARY_CONTEMPT_INTENSITY>
    <EMOTION_PRIMARY_DISGUST_EVIDENCE>-1</EMOTION_PRIMARY_DISGUST_EVIDENCE>
    <EMOTION_PRIMARY_DISGUST_INTENSITY>0.00182756968</EMOTION_PRIMARY_DISGUST_INTENSITY>
    <EMOTION_PRIMARY_FEAR_EVIDENCE>-1</EMOTION_PRIMARY_FEAR_EVIDENCE>
    <EMOTION_PRIMARY_FEAR_INTENSITY>0.003970331</EMOTION_PRIMARY_FEAR_INTENSITY>
    <EMOTION_PRIMARY_JOY_EVIDENCE>2</EMOTION_PRIMARY_JOY_EVIDENCE>
    <EMOTION_PRIMARY_JOY_INTENSITY>0.9859393</EMOTION_PRIMARY_JOY_INTENSITY>
    <EMOTION_PRIMARY_SADNESS_EVIDENCE>-2</EMOTION_PRIMARY_SADNESS_EVIDENCE>
    <EMOTION_PRIMARY_SADNESS_INTENSITY>0.000176482281</EMOTION_PRIMARY_SADNESS_INTENSITY>
    <EMOTION_PRIMARY_SURPRISE_EVIDENCE>-2</EMOTION_PRIMARY_SURPRISE_EVIDENCE>
    <EMOTION_PRIMARY_SURPRISE_INTENSITY>0.00178209762</EMOTION_PRIMARY_SURPRISE_INTENSITY>
    <EMOTION_SENTIMENT_NEGATIVE_EVIDENCE>0</EMOTION_SENTIMENT_NEGATIVE_EVIDENCE>
    <EMOTION_SENTIMENT_NEGATIVE_INTENSITY>0.132585719</EMOTION_SENTIMENT_NEGATIVE_INTENSITY>
    <EMOTION_SENTIMENT_POSITIVE_EVIDENCE>3</EMOTION_SENTIMENT_POSITIVE_EVIDENCE>
    <EMOTION_SENTIMENT_POSITIVE_INTENSITY>0.973559</EMOTION_SENTIMENT_POSITIVE_INTENSITY>
    <EMOTION_SENTIMENT_NEUTRAL_EVIDENCE>-3</EMOTION_SENTIMENT_NEUTRAL_EVIDENCE>
    <EMOTION_SENTIMENT_NEUTRAL_INTENSITY>0.000417514762</EMOTION_SENTIMENT_NEUTRAL_INTENSITY>
  </DATA>
  <DATA>
    <TimeStamp>127169</TimeStamp>
    <NumFaces>1</NumFaces>
    <Pulse>65</Pulse>
    <EXPRESSION_BROW_RAISER_LEFT>0</EXPRESSION_BROW_RAISER_LEFT>
    <EXPRESSION_BROW_RAISER_RIGHT>0</EXPRESSION_BROW_RAISER_RIGHT>
    <EXPRESSION_BROW_LOWERER_LEFT>100</EXPRESSION_BROW_LOWERER_LEFT>
    <EXPRESSION_BROW_LOWERER_RIGHT>48</EXPRESSION_BROW_LOWERER_RIGHT>
    <EXPRESSION_SMILE>82</EXPRESSION_SMILE>
    <EXPRESSION_KISS>0</EXPRESSION_KISS>
    <EXPRESSION_MOUTH_OPEN>20</EXPRESSION_MOUTH_OPEN>
    <EXPRESSION_EYES_CLOSED_LEFT>0</EXPRESSION_EYES_CLOSED_LEFT>
    <EXPRESSION_EYES_CLOSED_RIGHT>0</EXPRESSION_EYES_CLOSED_RIGHT>
    <EXPRESSION_EYES_TURN_LEFT>0</EXPRESSION_EYES_TURN_LEFT>
    <EXPRESSION_EYES_TURN_RIGHT>0</EXPRESSION_EYES_TURN_RIGHT>
    <EXPRESSION_EYES_UP>0</EXPRESSION_EYES_UP>
    <EXPRESSION_EYES_DOWN>100</EXPRESSION_EYES_DOWN>
    <EMOTION_PRIMARY_ANGER_EVIDENCE>-1</EMOTION_PRIMARY_ANGER_EVIDENCE>
    <EMOTION_PRIMARY_ANGER_INTENSITY>0.008127073</EMOTION_PRIMARY_ANGER_INTENSITY>
    <EMOTION_PRIMARY_CONTEMPT_EVIDENCE>0</EMOTION_PRIMARY_CONTEMPT_EVIDENCE>
    <EMOTION_PRIMARY_CONTEMPT_INTENSITY>0.03465369</EMOTION_PRIMARY_CONTEMPT_INTENSITY>
    <EMOTION_PRIMARY_DISGUST_EVIDENCE>-2</EMOTION_PRIMARY_DISGUST_EVIDENCE>
    <EMOTION_PRIMARY_DISGUST_INTENSITY>0.00151681877</EMOTION_PRIMARY_DISGUST_INTENSITY>
    <EMOTION_PRIMARY_FEAR_EVIDENCE>-1</EMOTION_PRIMARY_FEAR_EVIDENCE>
    <EMOTION_PRIMARY_FEAR_INTENSITY>0.00256557716</EMOTION_PRIMARY_FEAR_INTENSITY>
    <EMOTION_PRIMARY_JOY_EVIDENCE>3</EMOTION_PRIMARY_JOY_EVIDENCE>
    <EMOTION_PRIMARY_JOY_INTENSITY>0.9938976</EMOTION_PRIMARY_JOY_INTENSITY>
    <EMOTION_PRIMARY_SADNESS_EVIDENCE>-2</EMOTION_PRIMARY_SADNESS_EVIDENCE>
    <EMOTION_PRIMARY_SADNESS_INTENSITY>4.68398866E-05</EMOTION_PRIMARY_SADNESS_INTENSITY>
    <EMOTION_PRIMARY_SURPRISE_EVIDENCE>-2</EMOTION_PRIMARY_SURPRISE_EVIDENCE>
    <EMOTION_PRIMARY_SURPRISE_INTENSITY>0.00183907337</EMOTION_PRIMARY_SURPRISE_INTENSITY>
    <EMOTION_SENTIMENT_NEGATIVE_EVIDENCE>0</EMOTION_SENTIMENT_NEGATIVE_EVIDENCE>
    <EMOTION_SENTIMENT_NEGATIVE_INTENSITY>0.0684739</EMOTION_SENTIMENT_NEGATIVE_INTENSITY>
    <EMOTION_SENTIMENT_POSITIVE_EVIDENCE>4</EMOTION_SENTIMENT_POSITIVE_EVIDENCE>
    <EMOTION_SENTIMENT_POSITIVE_INTENSITY>0.989641368</EMOTION_SENTIMENT_POSITIVE_INTENSITY>
    <EMOTION_SENTIMENT_NEUTRAL_EVIDENCE>-3</EMOTION_SENTIMENT_NEUTRAL_EVIDENCE>
    <EMOTION_SENTIMENT_NEUTRAL_INTENSITY>0.000192137551</EMOTION_SENTIMENT_NEUTRAL_INTENSITY>
  </DATA>
  <DATA>
    <TimeStamp>127370</TimeStamp>
    <NumFaces>1</NumFaces>
    <Pulse>65</Pulse>
    <EXPRESSION_BROW_RAISER_LEFT>0</EXPRESSION_BROW_RAISER_LEFT>
    <EXPRESSION_BROW_RAISER_RIGHT>0</EXPRESSION_BROW_RAISER_RIGHT>
    <EXPRESSION_BROW_LOWERER_LEFT>100</EXPRESSION_BROW_LOWERER_LEFT>
    <EXPRESSION_BROW_LOWERER_RIGHT>0</EXPRESSION_BROW_LOWERER_RIGHT>
    <EXPRESSION_SMILE>81</EXPRESSION_SMILE>
    <EXPRESSION_KISS>0</EXPRESSION_KISS>
    <EXPRESSION_MOUTH_OPEN>21</EXPRESSION_MOUTH_OPEN>
    <EXPRESSION_EYES_CLOSED_LEFT>0</EXPRESSION_EYES_CLOSED_LEFT>
    <EXPRESSION_EYES_CLOSED_RIGHT>0</EXPRESSION_EYES_CLOSED_RIGHT>
    <EXPRESSION_EYES_TURN_LEFT>0</EXPRESSION_EYES_TURN_LEFT>
    <EXPRESSION_EYES_TURN_RIGHT>0</EXPRESSION_EYES_TURN_RIGHT>
    <EXPRESSION_EYES_UP>0</EXPRESSION_EYES_UP>
    <EXPRESSION_EYES_DOWN>100</EXPRESSION_EYES_DOWN>
    <EMOTION_PRIMARY_ANGER_EVIDENCE>-1</EMOTION_PRIMARY_ANGER_EVIDENCE>
    <EMOTION_PRIMARY_ANGER_INTENSITY>0.007935471</EMOTION_PRIMARY_ANGER_INTENSITY>
    <EMOTION_PRIMARY_CONTEMPT_EVIDENCE>0</EMOTION_PRIMARY_CONTEMPT_EVIDENCE>
    <EMOTION_PRIMARY_CONTEMPT_INTENSITY>0.0317138061</EMOTION_PRIMARY_CONTEMPT_INTENSITY>
    <EMOTION_PRIMARY_DISGUST_EVIDENCE>-2</EMOTION_PRIMARY_DISGUST_EVIDENCE>
    <EMOTION_PRIMARY_DISGUST_INTENSITY>0.001487246</EMOTION_PRIMARY_DISGUST_INTENSITY>
    <EMOTION_PRIMARY_FEAR_EVIDENCE>-1</EMOTION_PRIMARY_FEAR_EVIDENCE>
    <EMOTION_PRIMARY_FEAR_INTENSITY>0.00189490593</EMOTION_PRIMARY_FEAR_INTENSITY>
    <EMOTION_PRIMARY_JOY_EVIDENCE>3</EMOTION_PRIMARY_JOY_EVIDENCE>
    <EMOTION_PRIMARY_JOY_INTENSITY>0.993373632</EMOTION_PRIMARY_JOY_INTENSITY>
    <EMOTION_PRIMARY_SADNESS_EVIDENCE>-2</EMOTION_PRIMARY_SADNESS_EVIDENCE>
    <EMOTION_PRIMARY_SADNESS_INTENSITY>7.543562E-05</EMOTION_PRIMARY_SADNESS_INTENSITY>
    <EMOTION_PRIMARY_SURPRISE_EVIDENCE>-2</EMOTION_PRIMARY_SURPRISE_EVIDENCE>
    <EMOTION_PRIMARY_SURPRISE_INTENSITY>0.00182490167</EMOTION_PRIMARY_SURPRISE_INTENSITY>
    <EMOTION_SENTIMENT_NEGATIVE_EVIDENCE>0</EMOTION_SENTIMENT_NEGATIVE_EVIDENCE>
    <EMOTION_SENTIMENT_NEGATIVE_INTENSITY>0.0615529</EMOTION_SENTIMENT_NEGATIVE_INTENSITY>
    <EMOTION_SENTIMENT_POSITIVE_EVIDENCE>4</EMOTION_SENTIMENT_POSITIVE_EVIDENCE>
    <EMOTION_SENTIMENT_POSITIVE_INTENSITY>0.9901296</EMOTION_SENTIMENT_POSITIVE_INTENSITY>
    <EMOTION_SENTIMENT_NEUTRAL_EVIDENCE>-3</EMOTION_SENTIMENT_NEUTRAL_EVIDENCE>
    <EMOTION_SENTIMENT_NEUTRAL_INTENSITY>0.000269975018</EMOTION_SENTIMENT_NEUTRAL_INTENSITY>
  </DATA>
  <DATA>
    <TimeStamp>127570</TimeStamp>
    <NumFaces>1</NumFaces>
    <Pulse>65</Pulse>
    <EXPRESSION_BROW_RAISER_LEFT>0</EXPRESSION_BROW_RAISER_LEFT>
    <EXPRESSION_BROW_RAISER_RIGHT>0</EXPRESSION_BROW_RAISER_RIGHT>
    <EXPRESSION_BROW_LOWERER_LEFT>100</EXPRESSION_BROW_LOWERER_LEFT>
    <EXPRESSION_BROW_LOWERER_RIGHT>0</EXPRESSION_BROW_LOWERER_RIGHT>
    <EXPRESSION_SMILE>63</EXPRESSION_SMILE>
    <EXPRESSION_KISS>0</EXPRESSION_KISS>
    <EXPRESSION_MOUTH_OPEN>25</EXPRESSION_MOUTH_OPEN>
    <EXPRESSION_EYES_CLOSED_LEFT>0</EXPRESSION_EYES_CLOSED_LEFT>
    <EXPRESSION_EYES_CLOSED_RIGHT>0</EXPRESSION_EYES_CLOSED_RIGHT>
    <EXPRESSION_EYES_TURN_LEFT>0</EXPRESSION_EYES_TURN_LEFT>
    <EXPRESSION_EYES_TURN_RIGHT>0</EXPRESSION_EYES_TURN_RIGHT>
    <EXPRESSION_EYES_UP>0</EXPRESSION_EYES_UP>
    <EXPRESSION_EYES_DOWN>0</EXPRESSION_EYES_DOWN>
    <EMOTION_PRIMARY_ANGER_EVIDENCE>-1</EMOTION_PRIMARY_ANGER_EVIDENCE>
    <EMOTION_PRIMARY_ANGER_INTENSITY>0.009745817</EMOTION_PRIMARY_ANGER_INTENSITY>
    <EMOTION_PRIMARY_CONTEMPT_EVIDENCE>-1</EMOTION_PRIMARY_CONTEMPT_EVIDENCE>
    <EMOTION_PRIMARY_CONTEMPT_INTENSITY>0.0120614162</EMOTION_PRIMARY_CONTEMPT_INTENSITY>
    <EMOTION_PRIMARY_DISGUST_EVIDENCE>-1</EMOTION_PRIMARY_DISGUST_EVIDENCE>
    <EMOTION_PRIMARY_DISGUST_INTENSITY>0.00197774987</EMOTION_PRIMARY_DISGUST_INTENSITY>
    <EMOTION_PRIMARY_FEAR_EVIDENCE>-1</EMOTION_PRIMARY_FEAR_EVIDENCE>
    <EMOTION_PRIMARY_FEAR_INTENSITY>0.001298589</EMOTION_PRIMARY_FEAR_INTENSITY>
    <EMOTION_PRIMARY_JOY_EVIDENCE>2</EMOTION_PRIMARY_JOY_EVIDENCE>
    <EMOTION_PRIMARY_JOY_INTENSITY>0.98680985</EMOTION_PRIMARY_JOY_INTENSITY>
    <EMOTION_PRIMARY_SADNESS_EVIDENCE>-2</EMOTION_PRIMARY_SADNESS_EVIDENCE>
    <EMOTION_PRIMARY_SADNESS_INTENSITY>3.917811E-05</EMOTION_PRIMARY_SADNESS_INTENSITY>
    <EMOTION_PRIMARY_SURPRISE_EVIDENCE>-1</EMOTION_PRIMARY_SURPRISE_EVIDENCE>
    <EMOTION_PRIMARY_SURPRISE_INTENSITY>0.00362482364</EMOTION_PRIMARY_SURPRISE_INTENSITY>
    <EMOTION_SENTIMENT_NEGATIVE_EVIDENCE>-1</EMOTION_SENTIMENT_NEGATIVE_EVIDENCE>
    <EMOTION_SENTIMENT_NEGATIVE_INTENSITY>0.0217392631</EMOTION_SENTIMENT_NEGATIVE_INTENSITY>
    <EMOTION_SENTIMENT_POSITIVE_EVIDENCE>3</EMOTION_SENTIMENT_POSITIVE_EVIDENCE>
    <EMOTION_SENTIMENT_POSITIVE_INTENSITY>0.9875704</EMOTION_SENTIMENT_POSITIVE_INTENSITY>
    <EMOTION_SENTIMENT_NEUTRAL_EVIDENCE>-2</EMOTION_SENTIMENT_NEUTRAL_EVIDENCE>
    <EMOTION_SENTIMENT_NEUTRAL_INTENSITY>0.00269178813</EMOTION_SENTIMENT_NEUTRAL_INTENSITY>
  </DATA>
  <DATA>
    <TimeStamp>127771</TimeStamp>
    <NumFaces>1</NumFaces>
    <Pulse>65</Pulse>
    <EXPRESSION_BROW_RAISER_LEFT>0</EXPRESSION_BROW_RAISER_LEFT>
    <EXPRESSION_BROW_RAISER_RIGHT>0</EXPRESSION_BROW_RAISER_RIGHT>
    <EXPRESSION_BROW_LOWERER_LEFT>100</EXPRESSION_BROW_LOWERER_LEFT>
    <EXPRESSION_BROW_LOWERER_RIGHT>0</EXPRESSION_BROW_LOWERER_RIGHT>
    <EXPRESSION_SMILE>5</EXPRESSION_SMILE>
    <EXPRESSION_KISS>0</EXPRESSION_KISS>
    <EXPRESSION_MOUTH_OPEN>32</EXPRESSION_MOUTH_OPEN>
    <EXPRESSION_EYES_CLOSED_LEFT>0</EXPRESSION_EYES_CLOSED_LEFT>
    <EXPRESSION_EYES_CLOSED_RIGHT>0</EXPRESSION_EYES_CLOSED_RIGHT>
    <EXPRESSION_EYES_TURN_LEFT>0</EXPRESSION_EYES_TURN_LEFT>
    <EXPRESSION_EYES_TURN_RIGHT>0</EXPRESSION_EYES_TURN_RIGHT>
    <EXPRESSION_EYES_UP>0</EXPRESSION_EYES_UP>
    <EXPRESSION_EYES_DOWN>0</EXPRESSION_EYES_DOWN>
    <EMOTION_PRIMARY_ANGER_EVIDENCE>0</EMOTION_PRIMARY_ANGER_EVIDENCE>
    <EMOTION_PRIMARY_ANGER_INTENSITY>0.0274519213</EMOTION_PRIMARY_ANGER_INTENSITY>
    <EMOTION_PRIMARY_CONTEMPT_EVIDENCE>-1</EMOTION_PRIMARY_CONTEMPT_EVIDENCE>
    <EMOTION_PRIMARY_CONTEMPT_INTENSITY>0.007842995</EMOTION_PRIMARY_CONTEMPT_INTENSITY>
    <EMOTION_PRIMARY_DISGUST_EVIDENCE>-1</EMOTION_PRIMARY_DISGUST_EVIDENCE>
    <EMOTION_PRIMARY_DISGUST_INTENSITY>0.00306613767</EMOTION_PRIMARY_DISGUST_INTENSITY>
    <EMOTION_PRIMARY_FEAR_EVIDENCE>-1</EMOTION_PRIMARY_FEAR_EVIDENCE>
    <EMOTION_PRIMARY_FEAR_INTENSITY>0.00262164231</EMOTION_PRIMARY_FEAR_INTENSITY>
    <EMOTION_PRIMARY_JOY_EVIDENCE>1</EMOTION_PRIMARY_JOY_EVIDENCE>
    <EMOTION_PRIMARY_JOY_INTENSITY>0.867983</EMOTION_PRIMARY_JOY_INTENSITY>
    <EMOTION_PRIMARY_SADNESS_EVIDENCE>-2</EMOTION_PRIMARY_SADNESS_EVIDENCE>
    <EMOTION_PRIMARY_SADNESS_INTENSITY>7.972138E-05</EMOTION_PRIMARY_SADNESS_INTENSITY>
    <EMOTION_PRIMARY_SURPRISE_EVIDENCE>-1</EMOTION_PRIMARY_SURPRISE_EVIDENCE>
    <EMOTION_PRIMARY_SURPRISE_INTENSITY>0.005375415</EMOTION_PRIMARY_SURPRISE_INTENSITY>
    <EMOTION_SENTIMENT_NEGATIVE_EVIDENCE>-1</EMOTION_SENTIMENT_NEGATIVE_EVIDENCE>
    <EMOTION_SENTIMENT_NEGATIVE_INTENSITY>0.0384553336</EMOTION_SENTIMENT_NEGATIVE_INTENSITY>
    <EMOTION_SENTIMENT_POSITIVE_EVIDENCE>2</EMOTION_SENTIMENT_POSITIVE_EVIDENCE>
    <EMOTION_SENTIMENT_POSITIVE_INTENSITY>0.898081958</EMOTION_SENTIMENT_POSITIVE_INTENSITY>
    <EMOTION_SENTIMENT_NEUTRAL_EVIDENCE>-1</EMOTION_SENTIMENT_NEUTRAL_EVIDENCE>
    <EMOTION_SENTIMENT_NEUTRAL_INTENSITY>0.009957909</EMOTION_SENTIMENT_NEUTRAL_INTENSITY>
  </DATA>
  <DATA>
    <TimeStamp>127971</TimeStamp>
    <NumFaces>1</NumFaces>
    <Pulse>65</Pulse>
    <EXPRESSION_BROW_RAISER_LEFT>0</EXPRESSION_BROW_RAISER_LEFT>
    <EXPRESSION_BROW_RAISER_RIGHT>0</EXPRESSION_BROW_RAISER_RIGHT>
    <EXPRESSION_BROW_LOWERER_LEFT>51</EXPRESSION_BROW_LOWERER_LEFT>
    <EXPRESSION_BROW_LOWERER_RIGHT>0</EXPRESSION_BROW_LOWERER_RIGHT>
    <EXPRESSION_SMILE>0</EXPRESSION_SMILE>
    <EXPRESSION_KISS>0</EXPRESSION_KISS>
    <EXPRESSION_MOUTH_OPEN>27</EXPRESSION_MOUTH_OPEN>
    <EXPRESSION_EYES_CLOSED_LEFT>0</EXPRESSION_EYES_CLOSED_LEFT>
    <EXPRESSION_EYES_CLOSED_RIGHT>0</EXPRESSION_EYES_CLOSED_RIGHT>
    <EXPRESSION_EYES_TURN_LEFT>0</EXPRESSION_EYES_TURN_LEFT>
    <EXPRESSION_EYES_TURN_RIGHT>0</EXPRESSION_EYES_TURN_RIGHT>
    <EXPRESSION_EYES_UP>0</EXPRESSION_EYES_UP>
    <EXPRESSION_EYES_DOWN>0</EXPRESSION_EYES_DOWN>
    <EMOTION_PRIMARY_ANGER_EVIDENCE>0</EMOTION_PRIMARY_ANGER_EVIDENCE>
    <EMOTION_PRIMARY_ANGER_INTENSITY>0.0271597356</EMOTION_PRIMARY_ANGER_INTENSITY>
    <EMOTION_PRIMARY_CONTEMPT_EVIDENCE>-1</EMOTION_PRIMARY_CONTEMPT_EVIDENCE>
    <EMOTION_PRIMARY_CONTEMPT_INTENSITY>0.0118408492</EMOTION_PRIMARY_CONTEMPT_INTENSITY>
    <EMOTION_PRIMARY_DISGUST_EVIDENCE>-1</EMOTION_PRIMARY_DISGUST_EVIDENCE>
    <EMOTION_PRIMARY_DISGUST_INTENSITY>0.00355349528</EMOTION_PRIMARY_DISGUST_INTENSITY>
    <EMOTION_PRIMARY_FEAR_EVIDENCE>-1</EMOTION_PRIMARY_FEAR_EVIDENCE>
    <EMOTION_PRIMARY_FEAR_INTENSITY>0.002121985</EMOTION_PRIMARY_FEAR_INTENSITY>
    <EMOTION_PRIMARY_JOY_EVIDENCE>1</EMOTION_PRIMARY_JOY_EVIDENCE>
    <EMOTION_PRIMARY_JOY_INTENSITY>0.8741266</EMOTION_PRIMARY_JOY_INTENSITY>
    <EMOTION_PRIMARY_SADNESS_EVIDENCE>-2</EMOTION_PRIMARY_SADNESS_EVIDENCE>
    <EMOTION_PRIMARY_SADNESS_INTENSITY>9.004035E-06</EMOTION_PRIMARY_SADNESS_INTENSITY>
    <EMOTION_PRIMARY_SURPRISE_EVIDENCE>-1</EMOTION_PRIMARY_SURPRISE_EVIDENCE>
    <EMOTION_PRIMARY_SURPRISE_INTENSITY>0.009796565</EMOTION_PRIMARY_SURPRISE_INTENSITY>
    <EMOTION_SENTIMENT_NEGATIVE_EVIDENCE>-1</EMOTION_SENTIMENT_NEGATIVE_EVIDENCE>
    <EMOTION_SENTIMENT_NEGATIVE_INTENSITY>0.0159549844</EMOTION_SENTIMENT_NEGATIVE_INTENSITY>
    <EMOTION_SENTIMENT_POSITIVE_EVIDENCE>2</EMOTION_SENTIMENT_POSITIVE_EVIDENCE>
    <EMOTION_SENTIMENT_POSITIVE_INTENSITY>0.9086947</EMOTION_SENTIMENT_POSITIVE_INTENSITY>
    <EMOTION_SENTIMENT_NEUTRAL_EVIDENCE>-1</EMOTION_SENTIMENT_NEUTRAL_EVIDENCE>
    <EMOTION_SENTIMENT_NEUTRAL_INTENSITY>0.0261963084</EMOTION_SENTIMENT_NEUTRAL_INTENSITY>
  </DATA>
  <DATA>
    <TimeStamp>128173</TimeStamp>
    <NumFaces>1</NumFaces>
    <Pulse>65</Pulse>
    <EXPRESSION_BROW_RAISER_LEFT>0</EXPRESSION_BROW_RAISER_LEFT>
    <EXPRESSION_BROW_RAISER_RIGHT>0</EXPRESSION_BROW_RAISER_RIGHT>
    <EXPRESSION_BROW_LOWERER_LEFT>100</EXPRESSION_BROW_LOWERER_LEFT>
    <EXPRESSION_BROW_LOWERER_RIGHT>58</EXPRESSION_BROW_LOWERER_RIGHT>
    <EXPRESSION_SMILE>0</EXPRESSION_SMILE>
    <EXPRESSION_KISS>0</EXPRESSION_KISS>
    <EXPRESSION_MOUTH_OPEN>26</EXPRESSION_MOUTH_OPEN>
    <EXPRESSION_EYES_CLOSED_LEFT>0</EXPRESSION_EYES_CLOSED_LEFT>
    <EXPRESSION_EYES_CLOSED_RIGHT>0</EXPRESSION_EYES_CLOSED_RIGHT>
    <EXPRESSION_EYES_TURN_LEFT>0</EXPRESSION_EYES_TURN_LEFT>
    <EXPRESSION_EYES_TURN_RIGHT>0</EXPRESSION_EYES_TURN_RIGHT>
    <EXPRESSION_EYES_UP>0</EXPRESSION_EYES_UP>
    <EXPRESSION_EYES_DOWN>0</EXPRESSION_EYES_DOWN>
    <EMOTION_PRIMARY_ANGER_EVIDENCE>0</EMOTION_PRIMARY_ANGER_EVIDENCE>
    <EMOTION_PRIMARY_ANGER_INTENSITY>0.0578906946</EMOTION_PRIMARY_ANGER_INTENSITY>
    <EMOTION_PRIMARY_CONTEMPT_EVIDENCE>0</EMOTION_PRIMARY_CONTEMPT_EVIDENCE>
    <EMOTION_PRIMARY_CONTEMPT_INTENSITY>0.0209966265</EMOTION_PRIMARY_CONTEMPT_INTENSITY>
    <EMOTION_PRIMARY_DISGUST_EVIDENCE>-1</EMOTION_PRIMARY_DISGUST_EVIDENCE>
    <EMOTION_PRIMARY_DISGUST_INTENSITY>0.00367015554</EMOTION_PRIMARY_DISGUST_INTENSITY>
    <EMOTION_PRIMARY_FEAR_EVIDENCE>-1</EMOTION_PRIMARY_FEAR_EVIDENCE>
    <EMOTION_PRIMARY_FEAR_INTENSITY>0.00258624065</EMOTION_PRIMARY_FEAR_INTENSITY>
    <EMOTION_PRIMARY_JOY_EVIDENCE>1</EMOTION_PRIMARY_JOY_EVIDENCE>
    <EMOTION_PRIMARY_JOY_INTENSITY>0.7812684</EMOTION_PRIMARY_JOY_INTENSITY>
    <EMOTION_PRIMARY_SADNESS_EVIDENCE>-2</EMOTION_PRIMARY_SADNESS_EVIDENCE>
    <EMOTION_PRIMARY_SADNESS_INTENSITY>1.76093854E-05</EMOTION_PRIMARY_SADNESS_INTENSITY>
    <EMOTION_PRIMARY_SURPRISE_EVIDENCE>0</EMOTION_PRIMARY_SURPRISE_EVIDENCE>
    <EMOTION_PRIMARY_SURPRISE_INTENSITY>0.0224932414</EMOTION_PRIMARY_SURPRISE_INTENSITY>
    <EMOTION_SENTIMENT_NEGATIVE_EVIDENCE>-1</EMOTION_SENTIMENT_NEGATIVE_EVIDENCE>
    <EMOTION_SENTIMENT_NEGATIVE_INTENSITY>0.0173710883</EMOTION_SENTIMENT_NEGATIVE_INTENSITY>
    <EMOTION_SENTIMENT_POSITIVE_EVIDENCE>2</EMOTION_SENTIMENT_POSITIVE_EVIDENCE>
    <EMOTION_SENTIMENT_POSITIVE_INTENSITY>0.851018667</EMOTION_SENTIMENT_POSITIVE_INTENSITY>
    <EMOTION_SENTIMENT_NEUTRAL_EVIDENCE>-1</EMOTION_SENTIMENT_NEUTRAL_EVIDENCE>
    <EMOTION_SENTIMENT_NEUTRAL_INTENSITY>0.0423523</EMOTION_SENTIMENT_NEUTRAL_INTENSITY>
  </DATA>
  <DATA>
    <TimeStamp>128374</TimeStamp>
    <NumFaces>1</NumFaces>
    <Pulse>65</Pulse>
    <EXPRESSION_BROW_RAISER_LEFT>0</EXPRESSION_BROW_RAISER_LEFT>
    <EXPRESSION_BROW_RAISER_RIGHT>0</EXPRESSION_BROW_RAISER_RIGHT>
    <EXPRESSION_BROW_LOWERER_LEFT>0</EXPRESSION_BROW_LOWERER_LEFT>
    <EXPRESSION_BROW_LOWERER_RIGHT>0</EXPRESSION_BROW_LOWERER_RIGHT>
    <EXPRESSION_SMILE>0</EXPRESSION_SMILE>
    <EXPRESSION_KISS>0</EXPRESSION_KISS>
    <EXPRESSION_MOUTH_OPEN>0</EXPRESSION_MOUTH_OPEN>
    <EXPRESSION_EYES_CLOSED_LEFT>0</EXPRESSION_EYES_CLOSED_LEFT>
    <EXPRESSION_EYES_CLOSED_RIGHT>0</EXPRESSION_EYES_CLOSED_RIGHT>
    <EXPRESSION_EYES_TURN_LEFT>0</EXPRESSION_EYES_TURN_LEFT>
    <EXPRESSION_EYES_TURN_RIGHT>0</EXPRESSION_EYES_TURN_RIGHT>
    <EXPRESSION_EYES_UP>100</EXPRESSION_EYES_UP>
    <EXPRESSION_EYES_DOWN>0</EXPRESSION_EYES_DOWN>
    <EMOTION_PRIMARY_ANGER_EVIDENCE>0</EMOTION_PRIMARY_ANGER_EVIDENCE>
    <EMOTION_PRIMARY_ANGER_INTENSITY>0.01974951</EMOTION_PRIMARY_ANGER_INTENSITY>
    <EMOTION_PRIMARY_CONTEMPT_EVIDENCE>0</EMOTION_PRIMARY_CONTEMPT_EVIDENCE>
    <EMOTION_PRIMARY_CONTEMPT_INTENSITY>0.3560645</EMOTION_PRIMARY_CONTEMPT_INTENSITY>
    <EMOTION_PRIMARY_DISGUST_EVIDENCE>0</EMOTION_PRIMARY_DISGUST_EVIDENCE>
    <EMOTION_PRIMARY_DISGUST_INTENSITY>0.0345766321</EMOTION_PRIMARY_DISGUST_INTENSITY>
    <EMOTION_PRIMARY_FEAR_EVIDENCE>0</EMOTION_PRIMARY_FEAR_EVIDENCE>
    <EMOTION_PRIMARY_FEAR_INTENSITY>0.0165718216</EMOTION_PRIMARY_FEAR_INTENSITY>
    <EMOTION_PRIMARY_JOY_EVIDENCE>-1</EMOTION_PRIMARY_JOY_EVIDENCE>
    <EMOTION_PRIMARY_JOY_INTENSITY>0.022477217</EMOTION_PRIMARY_JOY_INTENSITY>
    <EMOTION_PRIMARY_SADNESS_EVIDENCE>0</EMOTION_PRIMARY_SADNESS_EVIDENCE>
    <EMOTION_PRIMARY_SADNESS_INTENSITY>0.0230442565</EMOTION_PRIMARY_SADNESS_INTENSITY>
    <EMOTION_PRIMARY_SURPRISE_EVIDENCE>-1</EMOTION_PRIMARY_SURPRISE_EVIDENCE>
    <EMOTION_PRIMARY_SURPRISE_INTENSITY>0.00880454</EMOTION_PRIMARY_SURPRISE_INTENSITY>
    <EMOTION_SENTIMENT_NEGATIVE_EVIDENCE>1</EMOTION_SENTIMENT_NEGATIVE_EVIDENCE>
    <EMOTION_SENTIMENT_NEGATIVE_INTENSITY>0.6143229</EMOTION_SENTIMENT_NEGATIVE_INTENSITY>
    <EMOTION_SENTIMENT_POSITIVE_EVIDENCE>0</EMOTION_SENTIMENT_POSITIVE_EVIDENCE>
    <EMOTION_SENTIMENT_POSITIVE_INTENSITY>0.118189335</EMOTION_SENTIMENT_POSITIVE_INTENSITY>
    <EMOTION_SENTIMENT_NEUTRAL_EVIDENCE>-1</EMOTION_SENTIMENT_NEUTRAL_EVIDENCE>
    <EMOTION_SENTIMENT_NEUTRAL_INTENSITY>0.0544913821</EMOTION_SENTIMENT_NEUTRAL_INTENSITY>
  </DATA>
  <DATA>
    <TimeStamp>128575</TimeStamp>
    <NumFaces>1</NumFaces>
    <Pulse>65</Pulse>
    <EXPRESSION_BROW_RAISER_LEFT>0</EXPRESSION_BROW_RAISER_LEFT>
    <EXPRESSION_BROW_RAISER_RIGHT>0</EXPRESSION_BROW_RAISER_RIGHT>
    <EXPRESSION_BROW_LOWERER_LEFT>100</EXPRESSION_BROW_LOWERER_LEFT>
    <EXPRESSION_BROW_LOWERER_RIGHT>0</EXPRESSION_BROW_LOWERER_RIGHT>
    <EXPRESSION_SMILE>0</EXPRESSION_SMILE>
    <EXPRESSION_KISS>0</EXPRESSION_KISS>
    <EXPRESSION_MOUTH_OPEN>0</EXPRESSION_MOUTH_OPEN>
    <EXPRESSION_EYES_CLOSED_LEFT>0</EXPRESSION_EYES_CLOSED_LEFT>
    <EXPRESSION_EYES_CLOSED_RIGHT>0</EXPRESSION_EYES_CLOSED_RIGHT>
    <EXPRESSION_EYES_TURN_LEFT>100</EXPRESSION_EYES_TURN_LEFT>
    <EXPRESSION_EYES_TURN_RIGHT>0</EXPRESSION_EYES_TURN_RIGHT>
    <EXPRESSION_EYES_UP>0</EXPRESSION_EYES_UP>
    <EXPRESSION_EYES_DOWN>0</EXPRESSION_EYES_DOWN>
    <EMOTION_PRIMARY_ANGER_EVIDENCE>0</EMOTION_PRIMARY_ANGER_EVIDENCE>
    <EMOTION_PRIMARY_ANGER_INTENSITY>0.0538350157</EMOTION_PRIMARY_ANGER_INTENSITY>
    <EMOTION_PRIMARY_CONTEMPT_EVIDENCE>0</EMOTION_PRIMARY_CONTEMPT_EVIDENCE>
    <EMOTION_PRIMARY_CONTEMPT_INTENSITY>0.127197459</EMOTION_PRIMARY_CONTEMPT_INTENSITY>
    <EMOTION_PRIMARY_DISGUST_EVIDENCE>-1</EMOTION_PRIMARY_DISGUST_EVIDENCE>
    <EMOTION_PRIMARY_DISGUST_INTENSITY>0.0112296017</EMOTION_PRIMARY_DISGUST_INTENSITY>
    <EMOTION_PRIMARY_FEAR_EVIDENCE>0</EMOTION_PRIMARY_FEAR_EVIDENCE>
    <EMOTION_PRIMARY_FEAR_INTENSITY>0.008863013</EMOTION_PRIMARY_FEAR_INTENSITY>
    <EMOTION_PRIMARY_JOY_EVIDENCE>0</EMOTION_PRIMARY_JOY_EVIDENCE>
    <EMOTION_PRIMARY_JOY_INTENSITY>0.0455442779</EMOTION_PRIMARY_JOY_INTENSITY>
    <EMOTION_PRIMARY_SADNESS_EVIDENCE>-1</EMOTION_PRIMARY_SADNESS_EVIDENCE>
    <EMOTION_PRIMARY_SADNESS_INTENSITY>0.004559197</EMOTION_PRIMARY_SADNESS_INTENSITY>
    <EMOTION_PRIMARY_SURPRISE_EVIDENCE>0</EMOTION_PRIMARY_SURPRISE_EVIDENCE>
    <EMOTION_PRIMARY_SURPRISE_INTENSITY>0.03286048</EMOTION_PRIMARY_SURPRISE_INTENSITY>
    <EMOTION_SENTIMENT_NEGATIVE_EVIDENCE>0</EMOTION_SENTIMENT_NEGATIVE_EVIDENCE>
    <EMOTION_SENTIMENT_NEGATIVE_INTENSITY>0.138107464</EMOTION_SENTIMENT_NEGATIVE_INTENSITY>
    <EMOTION_SENTIMENT_POSITIVE_EVIDENCE>0</EMOTION_SENTIMENT_POSITIVE_EVIDENCE>
    <EMOTION_SENTIMENT_POSITIVE_INTENSITY>0.214016512</EMOTION_SENTIMENT_POSITIVE_INTENSITY>
    <EMOTION_SENTIMENT_NEUTRAL_EVIDENCE>0</EMOTION_SENTIMENT_NEUTRAL_EVIDENCE>
    <EMOTION_SENTIMENT_NEUTRAL_INTENSITY>0.148819059</EMOTION_SENTIMENT_NEUTRAL_INTENSITY>
  </DATA>
  <DATA>
    <TimeStamp>128776</TimeStamp>
    <NumFaces>1</NumFaces>
    <Pulse>65</Pulse>
    <EXPRESSION_BROW_RAISER_LEFT>0</EXPRESSION_BROW_RAISER_LEFT>
    <EXPRESSION_BROW_RAISER_RIGHT>0</EXPRESSION_BROW_RAISER_RIGHT>
    <EXPRESSION_BROW_LOWERER_LEFT>100</EXPRESSION_BROW_LOWERER_LEFT>
    <EXPRESSION_BROW_LOWERER_RIGHT>0</EXPRESSION_BROW_LOWERER_RIGHT>
    <EXPRESSION_SMILE>0</EXPRESSION_SMILE>
    <EXPRESSION_KISS>0</EXPRESSION_KISS>
    <EXPRESSION_MOUTH_OPEN>0</EXPRESSION_MOUTH_OPEN>
    <EXPRESSION_EYES_CLOSED_LEFT>0</EXPRESSION_EYES_CLOSED_LEFT>
    <EXPRESSION_EYES_CLOSED_RIGHT>0</EXPRESSION_EYES_CLOSED_RIGHT>
    <EXPRESSION_EYES_TURN_LEFT>100</EXPRESSION_EYES_TURN_LEFT>
    <EXPRESSION_EYES_TURN_RIGHT>0</EXPRESSION_EYES_TURN_RIGHT>
    <EXPRESSION_EYES_UP>0</EXPRESSION_EYES_UP>
    <EXPRESSION_EYES_DOWN>0</EXPRESSION_EYES_DOWN>
    <EMOTION_PRIMARY_ANGER_EVIDENCE>0</EMOTION_PRIMARY_ANGER_EVIDENCE>
    <EMOTION_PRIMARY_ANGER_INTENSITY>0.387884736</EMOTION_PRIMARY_ANGER_INTENSITY>
    <EMOTION_PRIMARY_CONTEMPT_EVIDENCE>0</EMOTION_PRIMARY_CONTEMPT_EVIDENCE>
    <EMOTION_PRIMARY_CONTEMPT_INTENSITY>0.027359793</EMOTION_PRIMARY_CONTEMPT_INTENSITY>
    <EMOTION_PRIMARY_DISGUST_EVIDENCE>-1</EMOTION_PRIMARY_DISGUST_EVIDENCE>
    <EMOTION_PRIMARY_DISGUST_INTENSITY>0.0145371919</EMOTION_PRIMARY_DISGUST_INTENSITY>
    <EMOTION_PRIMARY_FEAR_EVIDENCE>-1</EMOTION_PRIMARY_FEAR_EVIDENCE>
    <EMOTION_PRIMARY_FEAR_INTENSITY>0.00167108665</EMOTION_PRIMARY_FEAR_INTENSITY>
    <EMOTION_PRIMARY_JOY_EVIDENCE>0</EMOTION_PRIMARY_JOY_EVIDENCE>
    <EMOTION_PRIMARY_JOY_INTENSITY>0.261086136</EMOTION_PRIMARY_JOY_INTENSITY>
    <EMOTION_PRIMARY_SADNESS_EVIDENCE>-1</EMOTION_PRIMARY_SADNESS_EVIDENCE>
    <EMOTION_PRIMARY_SADNESS_INTENSITY>0.00036459777</EMOTION_PRIMARY_SADNESS_INTENSITY>
    <EMOTION_PRIMARY_SURPRISE_EVIDENCE>0</EMOTION_PRIMARY_SURPRISE_EVIDENCE>
    <EMOTION_PRIMARY_SURPRISE_INTENSITY>0.046097666</EMOTION_PRIMARY_SURPRISE_INTENSITY>
    <EMOTION_SENTIMENT_NEGATIVE_EVIDENCE>0</EMOTION_SENTIMENT_NEGATIVE_EVIDENCE>
    <EMOTION_SENTIMENT_NEGATIVE_INTENSITY>0.05827974</EMOTION_SENTIMENT_NEGATIVE_INTENSITY>
    <EMOTION_SENTIMENT_POSITIVE_EVIDENCE>0</EMOTION_SENTIMENT_POSITIVE_EVIDENCE>
    <EMOTION_SENTIMENT_POSITIVE_INTENSITY>0.4825814</EMOTION_SENTIMENT_POSITIVE_INTENSITY>
    <EMOTION_SENTIMENT_NEUTRAL_EVIDENCE>0</EMOTION_SENTIMENT_NEUTRAL_EVIDENCE>
    <EMOTION_SENTIMENT_NEUTRAL_INTENSITY>0.212677628</EMOTION_SENTIMENT_NEUTRAL_INTENSITY>
  </DATA>
  <DATA>
    <TimeStamp>128977</TimeStamp>
    <NumFaces>1</NumFaces>
    <Pulse>65</Pulse>
    <EXPRESSION_BROW_RAISER_LEFT>0</EXPRESSION_BROW_RAISER_LEFT>
    <EXPRESSION_BROW_RAISER_RIGHT>0</EXPRESSION_BROW_RAISER_RIGHT>
    <EXPRESSION_BROW_LOWERER_LEFT>41</EXPRESSION_BROW_LOWERER_LEFT>
    <EXPRESSION_BROW_LOWERER_RIGHT>0</EXPRESSION_BROW_LOWERER_RIGHT>
    <EXPRESSION_SMILE>0</EXPRESSION_SMILE>
    <EXPRESSION_KISS>0</EXPRESSION_KISS>
    <EXPRESSION_MOUTH_OPEN>0</EXPRESSION_MOUTH_OPEN>
    <EXPRESSION_EYES_CLOSED_LEFT>0</EXPRESSION_EYES_CLOSED_LEFT>
    <EXPRESSION_EYES_CLOSED_RIGHT>0</EXPRESSION_EYES_CLOSED_RIGHT>
    <EXPRESSION_EYES_TURN_LEFT>100</EXPRESSION_EYES_TURN_LEFT>
    <EXPRESSION_EYES_TURN_RIGHT>0</EXPRESSION_EYES_TURN_RIGHT>
    <EXPRESSION_EYES_UP>0</EXPRESSION_EYES_UP>
    <EXPRESSION_EYES_DOWN>0</EXPRESSION_EYES_DOWN>
    <EMOTION_PRIMARY_ANGER_EVIDENCE>0</EMOTION_PRIMARY_ANGER_EVIDENCE>
    <EMOTION_PRIMARY_ANGER_INTENSITY>0.2885218</EMOTION_PRIMARY_ANGER_INTENSITY>
    <EMOTION_PRIMARY_CONTEMPT_EVIDENCE>0</EMOTION_PRIMARY_CONTEMPT_EVIDENCE>
    <EMOTION_PRIMARY_CONTEMPT_INTENSITY>0.11959298</EMOTION_PRIMARY_CONTEMPT_INTENSITY>
    <EMOTION_PRIMARY_DISGUST_EVIDENCE>-1</EMOTION_PRIMARY_DISGUST_EVIDENCE>
    <EMOTION_PRIMARY_DISGUST_INTENSITY>0.007443958</EMOTION_PRIMARY_DISGUST_INTENSITY>
    <EMOTION_PRIMARY_FEAR_EVIDENCE>-1</EMOTION_PRIMARY_FEAR_EVIDENCE>
    <EMOTION_PRIMARY_FEAR_INTENSITY>0.00269906642</EMOTION_PRIMARY_FEAR_INTENSITY>
    <EMOTION_PRIMARY_JOY_EVIDENCE>0</EMOTION_PRIMARY_JOY_EVIDENCE>
    <EMOTION_PRIMARY_JOY_INTENSITY>0.260260046</EMOTION_PRIMARY_JOY_INTENSITY>
    <EMOTION_PRIMARY_SADNESS_EVIDENCE>-2</EMOTION_PRIMARY_SADNESS_EVIDENCE>
    <EMOTION_PRIMARY_SADNESS_INTENSITY>0.000244517054</EMOTION_PRIMARY_SADNESS_INTENSITY>
    <EMOTION_PRIMARY_SURPRISE_EVIDENCE>0</EMOTION_PRIMARY_SURPRISE_EVIDENCE>
    <EMOTION_PRIMARY_SURPRISE_INTENSITY>0.03705467</EMOTION_PRIMARY_SURPRISE_INTENSITY>
    <EMOTION_SENTIMENT_NEGATIVE_EVIDENCE>-1</EMOTION_SENTIMENT_NEGATIVE_EVIDENCE>
    <EMOTION_SENTIMENT_NEGATIVE_INTENSITY>0.048403684</EMOTION_SENTIMENT_NEGATIVE_INTENSITY>
    <EMOTION_SENTIMENT_POSITIVE_EVIDENCE>0</EMOTION_SENTIMENT_POSITIVE_EVIDENCE>
    <EMOTION_SENTIMENT_POSITIVE_INTENSITY>0.469474554</EMOTION_SENTIMENT_POSITIVE_INTENSITY>
    <EMOTION_SENTIMENT_NEUTRAL_EVIDENCE>0</EMOTION_SENTIMENT_NEUTRAL_EVIDENCE>
    <EMOTION_SENTIMENT_NEUTRAL_INTENSITY>0.193453088</EMOTION_SENTIMENT_NEUTRAL_INTENSITY>
  </DATA>
  <DATA>
    <TimeStamp>129177</TimeStamp>
    <NumFaces>1</NumFaces>
    <Pulse>65</Pulse>
    <EXPRESSION_BROW_RAISER_LEFT>0</EXPRESSION_BROW_RAISER_LEFT>
    <EXPRESSION_BROW_RAISER_RIGHT>0</EXPRESSION_BROW_RAISER_RIGHT>
    <EXPRESSION_BROW_LOWERER_LEFT>100</EXPRESSION_BROW_LOWERER_LEFT>
    <EXPRESSION_BROW_LOWERER_RIGHT>56</EXPRESSION_BROW_LOWERER_RIGHT>
    <EXPRESSION_SMILE>0</EXPRESSION_SMILE>
    <EXPRESSION_KISS>0</EXPRESSION_KISS>
    <EXPRESSION_MOUTH_OPEN>0</EXPRESSION_MOUTH_OPEN>
    <EXPRESSION_EYES_CLOSED_LEFT>0</EXPRESSION_EYES_CLOSED_LEFT>
    <EXPRESSION_EYES_CLOSED_RIGHT>0</EXPRESSION_EYES_CLOSED_RIGHT>
    <EXPRESSION_EYES_TURN_LEFT>100</EXPRESSION_EYES_TURN_LEFT>
    <EXPRESSION_EYES_TURN_RIGHT>0</EXPRESSION_EYES_TURN_RIGHT>
    <EXPRESSION_EYES_UP>100</EXPRESSION_EYES_UP>
    <EXPRESSION_EYES_DOWN>0</EXPRESSION_EYES_DOWN>
    <EMOTION_PRIMARY_ANGER_EVIDENCE>0</EMOTION_PRIMARY_ANGER_EVIDENCE>
    <EMOTION_PRIMARY_ANGER_INTENSITY>0.3579919</EMOTION_PRIMARY_ANGER_INTENSITY>
    <EMOTION_PRIMARY_CONTEMPT_EVIDENCE>0</EMOTION_PRIMARY_CONTEMPT_EVIDENCE>
    <EMOTION_PRIMARY_CONTEMPT_INTENSITY>0.0489696264</EMOTION_PRIMARY_CONTEMPT_INTENSITY>
    <EMOTION_PRIMARY_DISGUST_EVIDENCE>-1</EMOTION_PRIMARY_DISGUST_EVIDENCE>
    <EMOTION_PRIMARY_DISGUST_INTENSITY>0.00617798977</EMOTION_PRIMARY_DISGUST_INTENSITY>
    <EMOTION_PRIMARY_FEAR_EVIDENCE>-1</EMOTION_PRIMARY_FEAR_EVIDENCE>
    <EMOTION_PRIMARY_FEAR_INTENSITY>0.00179937051</EMOTION_PRIMARY_FEAR_INTENSITY>
    <EMOTION_PRIMARY_JOY_EVIDENCE>0</EMOTION_PRIMARY_JOY_EVIDENCE>
    <EMOTION_PRIMARY_JOY_INTENSITY>0.24307321</EMOTION_PRIMARY_JOY_INTENSITY>
    <EMOTION_PRIMARY_SADNESS_EVIDENCE>-1</EMOTION_PRIMARY_SADNESS_EVIDENCE>
    <EMOTION_PRIMARY_SADNESS_INTENSITY>0.000365853863</EMOTION_PRIMARY_SADNESS_INTENSITY>
    <EMOTION_PRIMARY_SURPRISE_EVIDENCE>0</EMOTION_PRIMARY_SURPRISE_EVIDENCE>
    <EMOTION_PRIMARY_SURPRISE_INTENSITY>0.0285543241</EMOTION_PRIMARY_SURPRISE_INTENSITY>
    <EMOTION_SENTIMENT_NEGATIVE_EVIDENCE>0</EMOTION_SENTIMENT_NEGATIVE_EVIDENCE>
    <EMOTION_SENTIMENT_NEGATIVE_INTENSITY>0.0589366853</EMOTION_SENTIMENT_NEGATIVE_INTENSITY>
    <EMOTION_SENTIMENT_POSITIVE_EVIDENCE>0</EMOTION_SENTIMENT_POSITIVE_EVIDENCE>
    <EMOTION_SENTIMENT_POSITIVE_INTENSITY>0.473007143</EMOTION_SENTIMENT_POSITIVE_INTENSITY>
    <EMOTION_SENTIMENT_NEUTRAL_EVIDENCE>0</EMOTION_SENTIMENT_NEUTRAL_EVIDENCE>
    <EMOTION_SENTIMENT_NEUTRAL_INTENSITY>0.14970383</EMOTION_SENTIMENT_NEUTRAL_INTENSITY>
  </DATA>
  <DATA>
    <TimeStamp>129378</TimeStamp>
    <NumFaces>1</NumFaces>
    <Pulse>65</Pulse>
    <EXPRESSION_BROW_RAISER_LEFT>0</EXPRESSION_BROW_RAISER_LEFT>
    <EXPRESSION_BROW_RAISER_RIGHT>0</EXPRESSION_BROW_RAISER_RIGHT>
    <EXPRESSION_BROW_LOWERER_LEFT>100</EXPRESSION_BROW_LOWERER_LEFT>
    <EXPRESSION_BROW_LOWERER_RIGHT>0</EXPRESSION_BROW_LOWERER_RIGHT>
    <EXPRESSION_SMILE>0</EXPRESSION_SMILE>
    <EXPRESSION_KISS>0</EXPRESSION_KISS>
    <EXPRESSION_MOUTH_OPEN>0</EXPRESSION_MOUTH_OPEN>
    <EXPRESSION_EYES_CLOSED_LEFT>0</EXPRESSION_EYES_CLOSED_LEFT>
    <EXPRESSION_EYES_CLOSED_RIGHT>0</EXPRESSION_EYES_CLOSED_RIGHT>
    <EXPRESSION_EYES_TURN_LEFT>100</EXPRESSION_EYES_TURN_LEFT>
    <EXPRESSION_EYES_TURN_RIGHT>0</EXPRESSION_EYES_TURN_RIGHT>
    <EXPRESSION_EYES_UP>100</EXPRESSION_EYES_UP>
    <EXPRESSION_EYES_DOWN>0</EXPRESSION_EYES_DOWN>
    <EMOTION_PRIMARY_ANGER_EVIDENCE>0</EMOTION_PRIMARY_ANGER_EVIDENCE>
    <EMOTION_PRIMARY_ANGER_INTENSITY>0.224380612</EMOTION_PRIMARY_ANGER_INTENSITY>
    <EMOTION_PRIMARY_CONTEMPT_EVIDENCE>0</EMOTION_PRIMARY_CONTEMPT_EVIDENCE>
    <EMOTION_PRIMARY_CONTEMPT_INTENSITY>0.0756015256</EMOTION_PRIMARY_CONTEMPT_INTENSITY>
    <EMOTION_PRIMARY_DISGUST_EVIDENCE>-1</EMOTION_PRIMARY_DISGUST_EVIDENCE>
    <EMOTION_PRIMARY_DISGUST_INTENSITY>0.00387454731</EMOTION_PRIMARY_DISGUST_INTENSITY>
    <EMOTION_PRIMARY_FEAR_EVIDENCE>-1</EMOTION_PRIMARY_FEAR_EVIDENCE>
    <EMOTION_PRIMARY_FEAR_INTENSITY>0.00174109417</EMOTION_PRIMARY_FEAR_INTENSITY>
    <EMOTION_PRIMARY_JOY_EVIDENCE>0</EMOTION_PRIMARY_JOY_EVIDENCE>
    <EMOTION_PRIMARY_JOY_INTENSITY>0.241084069</EMOTION_PRIMARY_JOY_INTENSITY>
    <EMOTION_PRIMARY_SADNESS_EVIDENCE>-2</EMOTION_PRIMARY_SADNESS_EVIDENCE>
    <EMOTION_PRIMARY_SADNESS_INTENSITY>0.000244661758</EMOTION_PRIMARY_SADNESS_INTENSITY>
    <EMOTION_PRIMARY_SURPRISE_EVIDENCE>0</EMOTION_PRIMARY_SURPRISE_EVIDENCE>
    <EMOTION_PRIMARY_SURPRISE_INTENSITY>0.0328631252</EMOTION_PRIMARY_SURPRISE_INTENSITY>
    <EMOTION_SENTIMENT_NEGATIVE_EVIDENCE>-1</EMOTION_SENTIMENT_NEGATIVE_EVIDENCE>
    <EMOTION_SENTIMENT_NEGATIVE_INTENSITY>0.03325173</EMOTION_SENTIMENT_NEGATIVE_INTENSITY>
    <EMOTION_SENTIMENT_POSITIVE_EVIDENCE>0</EMOTION_SENTIMENT_POSITIVE_EVIDENCE>
    <EMOTION_SENTIMENT_POSITIVE_INTENSITY>0.507068753</EMOTION_SENTIMENT_POSITIVE_INTENSITY>
    <EMOTION_SENTIMENT_NEUTRAL_EVIDENCE>0</EMOTION_SENTIMENT_NEUTRAL_EVIDENCE>
    <EMOTION_SENTIMENT_NEUTRAL_INTENSITY>0.1871877</EMOTION_SENTIMENT_NEUTRAL_INTENSITY>
  </DATA>
  <DATA>
    <TimeStamp>129578</TimeStamp>
    <NumFaces>1</NumFaces>
    <Pulse>65</Pulse>
    <EXPRESSION_BROW_RAISER_LEFT>0</EXPRESSION_BROW_RAISER_LEFT>
    <EXPRESSION_BROW_RAISER_RIGHT>0</EXPRESSION_BROW_RAISER_RIGHT>
    <EXPRESSION_BROW_LOWERER_LEFT>100</EXPRESSION_BROW_LOWERER_LEFT>
    <EXPRESSION_BROW_LOWERER_RIGHT>0</EXPRESSION_BROW_LOWERER_RIGHT>
    <EXPRESSION_SMILE>0</EXPRESSION_SMILE>
    <EXPRESSION_KISS>0</EXPRESSION_KISS>
    <EXPRESSION_MOUTH_OPEN>0</EXPRESSION_MOUTH_OPEN>
    <EXPRESSION_EYES_CLOSED_LEFT>0</EXPRESSION_EYES_CLOSED_LEFT>
    <EXPRESSION_EYES_CLOSED_RIGHT>0</EXPRESSION_EYES_CLOSED_RIGHT>
    <EXPRESSION_EYES_TURN_LEFT>100</EXPRESSION_EYES_TURN_LEFT>
    <EXPRESSION_EYES_TURN_RIGHT>0</EXPRESSION_EYES_TURN_RIGHT>
    <EXPRESSION_EYES_UP>100</EXPRESSION_EYES_UP>
    <EXPRESSION_EYES_DOWN>0</EXPRESSION_EYES_DOWN>
    <EMOTION_PRIMARY_ANGER_EVIDENCE>0</EMOTION_PRIMARY_ANGER_EVIDENCE>
    <EMOTION_PRIMARY_ANGER_INTENSITY>0.3310835</EMOTION_PRIMARY_ANGER_INTENSITY>
    <EMOTION_PRIMARY_CONTEMPT_EVIDENCE>0</EMOTION_PRIMARY_CONTEMPT_EVIDENCE>
    <EMOTION_PRIMARY_CONTEMPT_INTENSITY>0.0497744866</EMOTION_PRIMARY_CONTEMPT_INTENSITY>
    <EMOTION_PRIMARY_DISGUST_EVIDENCE>-1</EMOTION_PRIMARY_DISGUST_EVIDENCE>
    <EMOTION_PRIMARY_DISGUST_INTENSITY>0.008469288</EMOTION_PRIMARY_DISGUST_INTENSITY>
    <EMOTION_PRIMARY_FEAR_EVIDENCE>-1</EMOTION_PRIMARY_FEAR_EVIDENCE>
    <EMOTION_PRIMARY_FEAR_INTENSITY>0.0023029435</EMOTION_PRIMARY_FEAR_INTENSITY>
    <EMOTION_PRIMARY_JOY_EVIDENCE>0</EMOTION_PRIMARY_JOY_EVIDENCE>
    <EMOTION_PRIMARY_JOY_INTENSITY>0.301679015</EMOTION_PRIMARY_JOY_INTENSITY>
    <EMOTION_PRIMARY_SADNESS_EVIDENCE>-1</EMOTION_PRIMARY_SADNESS_EVIDENCE>
    <EMOTION_PRIMARY_SADNESS_INTENSITY>0.000288425741</EMOTION_PRIMARY_SADNESS_INTENSITY>
    <EMOTION_PRIMARY_SURPRISE_EVIDENCE>0</EMOTION_PRIMARY_SURPRISE_EVIDENCE>
    <EMOTION_PRIMARY_SURPRISE_INTENSITY>0.0362967774</EMOTION_PRIMARY_SURPRISE_INTENSITY>
    <EMOTION_SENTIMENT_NEGATIVE_EVIDENCE>-1</EMOTION_SENTIMENT_NEGATIVE_EVIDENCE>
    <EMOTION_SENTIMENT_NEGATIVE_INTENSITY>0.05769183</EMOTION_SENTIMENT_NEGATIVE_INTENSITY>
    <EMOTION_SENTIMENT_POSITIVE_EVIDENCE>0</EMOTION_SENTIMENT_POSITIVE_EVIDENCE>
    <EMOTION_SENTIMENT_POSITIVE_INTENSITY>0.505982339</EMOTION_SENTIMENT_POSITIVE_INTENSITY>
    <EMOTION_SENTIMENT_NEUTRAL_EVIDENCE>0</EMOTION_SENTIMENT_NEUTRAL_EVIDENCE>
    <EMOTION_SENTIMENT_NEUTRAL_INTENSITY>0.1402594</EMOTION_SENTIMENT_NEUTRAL_INTENSITY>
  </DATA>
  <DATA>
    <TimeStamp>129778</TimeStamp>
    <NumFaces>1</NumFaces>
    <Pulse>65</Pulse>
    <EXPRESSION_BROW_RAISER_LEFT>0</EXPRESSION_BROW_RAISER_LEFT>
    <EXPRESSION_BROW_RAISER_RIGHT>0</EXPRESSION_BROW_RAISER_RIGHT>
    <EXPRESSION_BROW_LOWERER_LEFT>100</EXPRESSION_BROW_LOWERER_LEFT>
    <EXPRESSION_BROW_LOWERER_RIGHT>0</EXPRESSION_BROW_LOWERER_RIGHT>
    <EXPRESSION_SMILE>0</EXPRESSION_SMILE>
    <EXPRESSION_KISS>0</EXPRESSION_KISS>
    <EXPRESSION_MOUTH_OPEN>0</EXPRESSION_MOUTH_OPEN>
    <EXPRESSION_EYES_CLOSED_LEFT>0</EXPRESSION_EYES_CLOSED_LEFT>
    <EXPRESSION_EYES_CLOSED_RIGHT>0</EXPRESSION_EYES_CLOSED_RIGHT>
    <EXPRESSION_EYES_TURN_LEFT>100</EXPRESSION_EYES_TURN_LEFT>
    <EXPRESSION_EYES_TURN_RIGHT>0</EXPRESSION_EYES_TURN_RIGHT>
    <EXPRESSION_EYES_UP>0</EXPRESSION_EYES_UP>
    <EXPRESSION_EYES_DOWN>0</EXPRESSION_EYES_DOWN>
    <EMOTION_PRIMARY_ANGER_EVIDENCE>0</EMOTION_PRIMARY_ANGER_EVIDENCE>
    <EMOTION_PRIMARY_ANGER_INTENSITY>0.212023959</EMOTION_PRIMARY_ANGER_INTENSITY>
    <EMOTION_PRIMARY_CONTEMPT_EVIDENCE>0</EMOTION_PRIMARY_CONTEMPT_EVIDENCE>
    <EMOTION_PRIMARY_CONTEMPT_INTENSITY>0.0632258654</EMOTION_PRIMARY_CONTEMPT_INTENSITY>
    <EMOTION_PRIMARY_DISGUST_EVIDENCE>-1</EMOTION_PRIMARY_DISGUST_EVIDENCE>
    <EMOTION_PRIMARY_DISGUST_INTENSITY>0.007167624</EMOTION_PRIMARY_DISGUST_INTENSITY>
    <EMOTION_PRIMARY_FEAR_EVIDENCE>-1</EMOTION_PRIMARY_FEAR_EVIDENCE>
    <EMOTION_PRIMARY_FEAR_INTENSITY>0.00297851837</EMOTION_PRIMARY_FEAR_INTENSITY>
    <EMOTION_PRIMARY_JOY_EVIDENCE>0</EMOTION_PRIMARY_JOY_EVIDENCE>
    <EMOTION_PRIMARY_JOY_INTENSITY>0.295636028</EMOTION_PRIMARY_JOY_INTENSITY>
    <EMOTION_PRIMARY_SADNESS_EVIDENCE>-1</EMOTION_PRIMARY_SADNESS_EVIDENCE>
    <EMOTION_PRIMARY_SADNESS_INTENSITY>0.0002653639</EMOTION_PRIMARY_SADNESS_INTENSITY>
    <EMOTION_PRIMARY_SURPRISE_EVIDENCE>0</EMOTION_PRIMARY_SURPRISE_EVIDENCE>
    <EMOTION_PRIMARY_SURPRISE_INTENSITY>0.0263988934</EMOTION_PRIMARY_SURPRISE_INTENSITY>
    <EMOTION_SENTIMENT_NEGATIVE_EVIDENCE>0</EMOTION_SENTIMENT_NEGATIVE_EVIDENCE>
    <EMOTION_SENTIMENT_NEGATIVE_INTENSITY>0.06168424</EMOTION_SENTIMENT_NEGATIVE_INTENSITY>
    <EMOTION_SENTIMENT_POSITIVE_EVIDENCE>0</EMOTION_SENTIMENT_POSITIVE_EVIDENCE>
    <EMOTION_SENTIMENT_POSITIVE_INTENSITY>0.4967829</EMOTION_SENTIMENT_POSITIVE_INTENSITY>
    <EMOTION_SENTIMENT_NEUTRAL_EVIDENCE>0</EMOTION_SENTIMENT_NEUTRAL_EVIDENCE>
    <EMOTION_SENTIMENT_NEUTRAL_INTENSITY>0.102946572</EMOTION_SENTIMENT_NEUTRAL_INTENSITY>
  </DATA>
  <DATA>
    <TimeStamp>129979</TimeStamp>
    <NumFaces>1</NumFaces>
    <Pulse>65</Pulse>
    <EXPRESSION_BROW_RAISER_LEFT>0</EXPRESSION_BROW_RAISER_LEFT>
    <EXPRESSION_BROW_RAISER_RIGHT>0</EXPRESSION_BROW_RAISER_RIGHT>
    <EXPRESSION_BROW_LOWERER_LEFT>100</EXPRESSION_BROW_LOWERER_LEFT>
    <EXPRESSION_BROW_LOWERER_RIGHT>0</EXPRESSION_BROW_LOWERER_RIGHT>
    <EXPRESSION_SMILE>0</EXPRESSION_SMILE>
    <EXPRESSION_KISS>0</EXPRESSION_KISS>
    <EXPRESSION_MOUTH_OPEN>0</EXPRESSION_MOUTH_OPEN>
    <EXPRESSION_EYES_CLOSED_LEFT>0</EXPRESSION_EYES_CLOSED_LEFT>
    <EXPRESSION_EYES_CLOSED_RIGHT>0</EXPRESSION_EYES_CLOSED_RIGHT>
    <EXPRESSION_EYES_TURN_LEFT>100</EXPRESSION_EYES_TURN_LEFT>
    <EXPRESSION_EYES_TURN_RIGHT>0</EXPRESSION_EYES_TURN_RIGHT>
    <EXPRESSION_EYES_UP>0</EXPRESSION_EYES_UP>
    <EXPRESSION_EYES_DOWN>0</EXPRESSION_EYES_DOWN>
    <EMOTION_PRIMARY_ANGER_EVIDENCE>0</EMOTION_PRIMARY_ANGER_EVIDENCE>
    <EMOTION_PRIMARY_ANGER_INTENSITY>0.241894826</EMOTION_PRIMARY_ANGER_INTENSITY>
    <EMOTION_PRIMARY_CONTEMPT_EVIDENCE>0</EMOTION_PRIMARY_CONTEMPT_EVIDENCE>
    <EMOTION_PRIMARY_CONTEMPT_INTENSITY>0.03811859</EMOTION_PRIMARY_CONTEMPT_INTENSITY>
    <EMOTION_PRIMARY_DISGUST_EVIDENCE>-1</EMOTION_PRIMARY_DISGUST_EVIDENCE>
    <EMOTION_PRIMARY_DISGUST_INTENSITY>0.009189991</EMOTION_PRIMARY_DISGUST_INTENSITY>
    <EMOTION_PRIMARY_FEAR_EVIDENCE>-1</EMOTION_PRIMARY_FEAR_EVIDENCE>
    <EMOTION_PRIMARY_FEAR_INTENSITY>0.003917761</EMOTION_PRIMARY_FEAR_INTENSITY>
    <EMOTION_PRIMARY_JOY_EVIDENCE>0</EMOTION_PRIMARY_JOY_EVIDENCE>
    <EMOTION_PRIMARY_JOY_INTENSITY>0.437730074</EMOTION_PRIMARY_JOY_INTENSITY>
    <EMOTION_PRIMARY_SADNESS_EVIDENCE>-1</EMOTION_PRIMARY_SADNESS_EVIDENCE>
    <EMOTION_PRIMARY_SADNESS_INTENSITY>0.000297829771</EMOTION_PRIMARY_SADNESS_INTENSITY>
    <EMOTION_PRIMARY_SURPRISE_EVIDENCE>0</EMOTION_PRIMARY_SURPRISE_EVIDENCE>
    <EMOTION_PRIMARY_SURPRISE_INTENSITY>0.0243404917</EMOTION_PRIMARY_SURPRISE_INTENSITY>
    <EMOTION_SENTIMENT_NEGATIVE_EVIDENCE>0</EMOTION_SENTIMENT_NEGATIVE_EVIDENCE>
    <EMOTION_SENTIMENT_NEGATIVE_INTENSITY>0.06883199</EMOTION_SENTIMENT_NEGATIVE_INTENSITY>
    <EMOTION_SENTIMENT_POSITIVE_EVIDENCE>1</EMOTION_SENTIMENT_POSITIVE_EVIDENCE>
    <EMOTION_SENTIMENT_POSITIVE_INTENSITY>0.5808272</EMOTION_SENTIMENT_POSITIVE_INTENSITY>
    <EMOTION_SENTIMENT_NEUTRAL_EVIDENCE>0</EMOTION_SENTIMENT_NEUTRAL_EVIDENCE>
    <EMOTION_SENTIMENT_NEUTRAL_INTENSITY>0.09138341</EMOTION_SENTIMENT_NEUTRAL_INTENSITY>
  </DATA>
  <DATA>
    <TimeStamp>130179</TimeStamp>
    <NumFaces>1</NumFaces>
    <Pulse>65</Pulse>
    <EXPRESSION_BROW_RAISER_LEFT>0</EXPRESSION_BROW_RAISER_LEFT>
    <EXPRESSION_BROW_RAISER_RIGHT>0</EXPRESSION_BROW_RAISER_RIGHT>
    <EXPRESSION_BROW_LOWERER_LEFT>100</EXPRESSION_BROW_LOWERER_LEFT>
    <EXPRESSION_BROW_LOWERER_RIGHT>0</EXPRESSION_BROW_LOWERER_RIGHT>
    <EXPRESSION_SMILE>0</EXPRESSION_SMILE>
    <EXPRESSION_KISS>0</EXPRESSION_KISS>
    <EXPRESSION_MOUTH_OPEN>0</EXPRESSION_MOUTH_OPEN>
    <EXPRESSION_EYES_CLOSED_LEFT>0</EXPRESSION_EYES_CLOSED_LEFT>
    <EXPRESSION_EYES_CLOSED_RIGHT>0</EXPRESSION_EYES_CLOSED_RIGHT>
    <EXPRESSION_EYES_TURN_LEFT>0</EXPRESSION_EYES_TURN_LEFT>
    <EXPRESSION_EYES_TURN_RIGHT>0</EXPRESSION_EYES_TURN_RIGHT>
    <EXPRESSION_EYES_UP>0</EXPRESSION_EYES_UP>
    <EXPRESSION_EYES_DOWN>0</EXPRESSION_EYES_DOWN>
    <EMOTION_PRIMARY_ANGER_EVIDENCE>0</EMOTION_PRIMARY_ANGER_EVIDENCE>
    <EMOTION_PRIMARY_ANGER_INTENSITY>0.164931029</EMOTION_PRIMARY_ANGER_INTENSITY>
    <EMOTION_PRIMARY_CONTEMPT_EVIDENCE>0</EMOTION_PRIMARY_CONTEMPT_EVIDENCE>
    <EMOTION_PRIMARY_CONTEMPT_INTENSITY>0.0678876042</EMOTION_PRIMARY_CONTEMPT_INTENSITY>
    <EMOTION_PRIMARY_DISGUST_EVIDENCE>-1</EMOTION_PRIMARY_DISGUST_EVIDENCE>
    <EMOTION_PRIMARY_DISGUST_INTENSITY>0.00799183547</EMOTION_PRIMARY_DISGUST_INTENSITY>
    <EMOTION_PRIMARY_FEAR_EVIDENCE>-1</EMOTION_PRIMARY_FEAR_EVIDENCE>
    <EMOTION_PRIMARY_FEAR_INTENSITY>0.002539015</EMOTION_PRIMARY_FEAR_INTENSITY>
    <EMOTION_PRIMARY_JOY_EVIDENCE>0</EMOTION_PRIMARY_JOY_EVIDENCE>
    <EMOTION_PRIMARY_JOY_INTENSITY>0.3476322</EMOTION_PRIMARY_JOY_INTENSITY>
    <EMOTION_PRIMARY_SADNESS_EVIDENCE>-1</EMOTION_PRIMARY_SADNESS_EVIDENCE>
    <EMOTION_PRIMARY_SADNESS_INTENSITY>0.000634608848</EMOTION_PRIMARY_SADNESS_INTENSITY>
    <EMOTION_PRIMARY_SURPRISE_EVIDENCE>-1</EMOTION_PRIMARY_SURPRISE_EVIDENCE>
    <EMOTION_PRIMARY_SURPRISE_INTENSITY>0.0191761274</EMOTION_PRIMARY_SURPRISE_INTENSITY>
    <EMOTION_SENTIMENT_NEGATIVE_EVIDENCE>0</EMOTION_SENTIMENT_NEGATIVE_EVIDENCE>
    <EMOTION_SENTIMENT_NEGATIVE_INTENSITY>0.09033232</EMOTION_SENTIMENT_NEGATIVE_INTENSITY>
    <EMOTION_SENTIMENT_POSITIVE_EVIDENCE>0</EMOTION_SENTIMENT_POSITIVE_EVIDENCE>
    <EMOTION_SENTIMENT_POSITIVE_INTENSITY>0.528983533</EMOTION_SENTIMENT_POSITIVE_INTENSITY>
    <EMOTION_SENTIMENT_NEUTRAL_EVIDENCE>-1</EMOTION_SENTIMENT_NEUTRAL_EVIDENCE>
    <EMOTION_SENTIMENT_NEUTRAL_INTENSITY>0.0621393956</EMOTION_SENTIMENT_NEUTRAL_INTENSITY>
  </DATA>
  <DATA>
    <TimeStamp>130380</TimeStamp>
    <NumFaces>1</NumFaces>
    <Pulse>65</Pulse>
    <EXPRESSION_BROW_RAISER_LEFT>0</EXPRESSION_BROW_RAISER_LEFT>
    <EXPRESSION_BROW_RAISER_RIGHT>0</EXPRESSION_BROW_RAISER_RIGHT>
    <EXPRESSION_BROW_LOWERER_LEFT>100</EXPRESSION_BROW_LOWERER_LEFT>
    <EXPRESSION_BROW_LOWERER_RIGHT>0</EXPRESSION_BROW_LOWERER_RIGHT>
    <EXPRESSION_SMILE>0</EXPRESSION_SMILE>
    <EXPRESSION_KISS>0</EXPRESSION_KISS>
    <EXPRESSION_MOUTH_OPEN>0</EXPRESSION_MOUTH_OPEN>
    <EXPRESSION_EYES_CLOSED_LEFT>0</EXPRESSION_EYES_CLOSED_LEFT>
    <EXPRESSION_EYES_CLOSED_RIGHT>0</EXPRESSION_EYES_CLOSED_RIGHT>
    <EXPRESSION_EYES_TURN_LEFT>0</EXPRESSION_EYES_TURN_LEFT>
    <EXPRESSION_EYES_TURN_RIGHT>0</EXPRESSION_EYES_TURN_RIGHT>
    <EXPRESSION_EYES_UP>0</EXPRESSION_EYES_UP>
    <EXPRESSION_EYES_DOWN>0</EXPRESSION_EYES_DOWN>
    <EMOTION_PRIMARY_ANGER_EVIDENCE>0</EMOTION_PRIMARY_ANGER_EVIDENCE>
    <EMOTION_PRIMARY_ANGER_INTENSITY>0.385162026</EMOTION_PRIMARY_ANGER_INTENSITY>
    <EMOTION_PRIMARY_CONTEMPT_EVIDENCE>0</EMOTION_PRIMARY_CONTEMPT_EVIDENCE>
    <EMOTION_PRIMARY_CONTEMPT_INTENSITY>0.05464038</EMOTION_PRIMARY_CONTEMPT_INTENSITY>
    <EMOTION_PRIMARY_DISGUST_EVIDENCE>-1</EMOTION_PRIMARY_DISGUST_EVIDENCE>
    <EMOTION_PRIMARY_DISGUST_INTENSITY>0.0124438731</EMOTION_PRIMARY_DISGUST_INTENSITY>
    <EMOTION_PRIMARY_FEAR_EVIDENCE>-1</EMOTION_PRIMARY_FEAR_EVIDENCE>
    <EMOTION_PRIMARY_FEAR_INTENSITY>0.005751613</EMOTION_PRIMARY_FEAR_INTENSITY>
    <EMOTION_PRIMARY_JOY_EVIDENCE>0</EMOTION_PRIMARY_JOY_EVIDENCE>
    <EMOTION_PRIMARY_JOY_INTENSITY>0.3385391</EMOTION_PRIMARY_JOY_INTENSITY>
    <EMOTION_PRIMARY_SADNESS_EVIDENCE>-1</EMOTION_PRIMARY_SADNESS_EVIDENCE>
    <EMOTION_PRIMARY_SADNESS_INTENSITY>0.0005040817</EMOTION_PRIMARY_SADNESS_INTENSITY>
    <EMOTION_PRIMARY_SURPRISE_EVIDENCE>0</EMOTION_PRIMARY_SURPRISE_EVIDENCE>
    <EMOTION_PRIMARY_SURPRISE_INTENSITY>0.03001777</EMOTION_PRIMARY_SURPRISE_INTENSITY>
    <EMOTION_SENTIMENT_NEGATIVE_EVIDENCE>0</EMOTION_SENTIMENT_NEGATIVE_EVIDENCE>
    <EMOTION_SENTIMENT_NEGATIVE_INTENSITY>0.122779779</EMOTION_SENTIMENT_NEGATIVE_INTENSITY>
    <EMOTION_SENTIMENT_POSITIVE_EVIDENCE>0</EMOTION_SENTIMENT_POSITIVE_EVIDENCE>
    <EMOTION_SENTIMENT_POSITIVE_INTENSITY>0.468439668</EMOTION_SENTIMENT_POSITIVE_INTENSITY>
    <EMOTION_SENTIMENT_NEUTRAL_EVIDENCE>-1</EMOTION_SENTIMENT_NEUTRAL_EVIDENCE>
    <EMOTION_SENTIMENT_NEUTRAL_INTENSITY>0.08372602</EMOTION_SENTIMENT_NEUTRAL_INTENSITY>
  </DATA>
  <DATA>
    <TimeStamp>130580</TimeStamp>
    <NumFaces>1</NumFaces>
    <Pulse>65</Pulse>
    <EXPRESSION_BROW_RAISER_LEFT>0</EXPRESSION_BROW_RAISER_LEFT>
    <EXPRESSION_BROW_RAISER_RIGHT>0</EXPRESSION_BROW_RAISER_RIGHT>
    <EXPRESSION_BROW_LOWERER_LEFT>100</EXPRESSION_BROW_LOWERER_LEFT>
    <EXPRESSION_BROW_LOWERER_RIGHT>0</EXPRESSION_BROW_LOWERER_RIGHT>
    <EXPRESSION_SMILE>0</EXPRESSION_SMILE>
    <EXPRESSION_KISS>0</EXPRESSION_KISS>
    <EXPRESSION_MOUTH_OPEN>0</EXPRESSION_MOUTH_OPEN>
    <EXPRESSION_EYES_CLOSED_LEFT>0</EXPRESSION_EYES_CLOSED_LEFT>
    <EXPRESSION_EYES_CLOSED_RIGHT>0</EXPRESSION_EYES_CLOSED_RIGHT>
    <EXPRESSION_EYES_TURN_LEFT>0</EXPRESSION_EYES_TURN_LEFT>
    <EXPRESSION_EYES_TURN_RIGHT>0</EXPRESSION_EYES_TURN_RIGHT>
    <EXPRESSION_EYES_UP>0</EXPRESSION_EYES_UP>
    <EXPRESSION_EYES_DOWN>0</EXPRESSION_EYES_DOWN>
    <EMOTION_PRIMARY_ANGER_EVIDENCE>0</EMOTION_PRIMARY_ANGER_EVIDENCE>
    <EMOTION_PRIMARY_ANGER_INTENSITY>0.169522911</EMOTION_PRIMARY_ANGER_INTENSITY>
    <EMOTION_PRIMARY_CONTEMPT_EVIDENCE>0</EMOTION_PRIMARY_CONTEMPT_EVIDENCE>
    <EMOTION_PRIMARY_CONTEMPT_INTENSITY>0.03332369</EMOTION_PRIMARY_CONTEMPT_INTENSITY>
    <EMOTION_PRIMARY_DISGUST_EVIDENCE>-1</EMOTION_PRIMARY_DISGUST_EVIDENCE>
    <EMOTION_PRIMARY_DISGUST_INTENSITY>0.007668237</EMOTION_PRIMARY_DISGUST_INTENSITY>
    <EMOTION_PRIMARY_FEAR_EVIDENCE>-1</EMOTION_PRIMARY_FEAR_EVIDENCE>
    <EMOTION_PRIMARY_FEAR_INTENSITY>0.00362700922</EMOTION_PRIMARY_FEAR_INTENSITY>
    <EMOTION_PRIMARY_JOY_EVIDENCE>0</EMOTION_PRIMARY_JOY_EVIDENCE>
    <EMOTION_PRIMARY_JOY_INTENSITY>0.39082548</EMOTION_PRIMARY_JOY_INTENSITY>
    <EMOTION_PRIMARY_SADNESS_EVIDENCE>-1</EMOTION_PRIMARY_SADNESS_EVIDENCE>
    <EMOTION_PRIMARY_SADNESS_INTENSITY>0.000394668663</EMOTION_PRIMARY_SADNESS_INTENSITY>
    <EMOTION_PRIMARY_SURPRISE_EVIDENCE>0</EMOTION_PRIMARY_SURPRISE_EVIDENCE>
    <EMOTION_PRIMARY_SURPRISE_INTENSITY>0.0271045826</EMOTION_PRIMARY_SURPRISE_INTENSITY>
    <EMOTION_SENTIMENT_NEGATIVE_EVIDENCE>0</EMOTION_SENTIMENT_NEGATIVE_EVIDENCE>
    <EMOTION_SENTIMENT_NEGATIVE_INTENSITY>0.06107682</EMOTION_SENTIMENT_NEGATIVE_INTENSITY>
    <EMOTION_SENTIMENT_POSITIVE_EVIDENCE>1</EMOTION_SENTIMENT_POSITIVE_EVIDENCE>
    <EMOTION_SENTIMENT_POSITIVE_INTENSITY>0.575201154</EMOTION_SENTIMENT_POSITIVE_INTENSITY>
    <EMOTION_SENTIMENT_NEUTRAL_EVIDENCE>-1</EMOTION_SENTIMENT_NEUTRAL_EVIDENCE>
    <EMOTION_SENTIMENT_NEUTRAL_INTENSITY>0.0845309943</EMOTION_SENTIMENT_NEUTRAL_INTENSITY>
  </DATA>
  <DATA>
    <TimeStamp>130780</TimeStamp>
    <NumFaces>1</NumFaces>
    <Pulse>65</Pulse>
    <EXPRESSION_BROW_RAISER_LEFT>0</EXPRESSION_BROW_RAISER_LEFT>
    <EXPRESSION_BROW_RAISER_RIGHT>0</EXPRESSION_BROW_RAISER_RIGHT>
    <EXPRESSION_BROW_LOWERER_LEFT>100</EXPRESSION_BROW_LOWERER_LEFT>
    <EXPRESSION_BROW_LOWERER_RIGHT>0</EXPRESSION_BROW_LOWERER_RIGHT>
    <EXPRESSION_SMILE>0</EXPRESSION_SMILE>
    <EXPRESSION_KISS>0</EXPRESSION_KISS>
    <EXPRESSION_MOUTH_OPEN>0</EXPRESSION_MOUTH_OPEN>
    <EXPRESSION_EYES_CLOSED_LEFT>0</EXPRESSION_EYES_CLOSED_LEFT>
    <EXPRESSION_EYES_CLOSED_RIGHT>0</EXPRESSION_EYES_CLOSED_RIGHT>
    <EXPRESSION_EYES_TURN_LEFT>0</EXPRESSION_EYES_TURN_LEFT>
    <EXPRESSION_EYES_TURN_RIGHT>0</EXPRESSION_EYES_TURN_RIGHT>
    <EXPRESSION_EYES_UP>0</EXPRESSION_EYES_UP>
    <EXPRESSION_EYES_DOWN>0</EXPRESSION_EYES_DOWN>
    <EMOTION_PRIMARY_ANGER_EVIDENCE>0</EMOTION_PRIMARY_ANGER_EVIDENCE>
    <EMOTION_PRIMARY_ANGER_INTENSITY>0.159915626</EMOTION_PRIMARY_ANGER_INTENSITY>
    <EMOTION_PRIMARY_CONTEMPT_EVIDENCE>0</EMOTION_PRIMARY_CONTEMPT_EVIDENCE>
    <EMOTION_PRIMARY_CONTEMPT_INTENSITY>0.0782177448</EMOTION_PRIMARY_CONTEMPT_INTENSITY>
    <EMOTION_PRIMARY_DISGUST_EVIDENCE>-1</EMOTION_PRIMARY_DISGUST_EVIDENCE>
    <EMOTION_PRIMARY_DISGUST_INTENSITY>0.006629206</EMOTION_PRIMARY_DISGUST_INTENSITY>
    <EMOTION_PRIMARY_FEAR_EVIDENCE>-1</EMOTION_PRIMARY_FEAR_EVIDENCE>
    <EMOTION_PRIMARY_FEAR_INTENSITY>0.002194898</EMOTION_PRIMARY_FEAR_INTENSITY>
    <EMOTION_PRIMARY_JOY_EVIDENCE>0</EMOTION_PRIMARY_JOY_EVIDENCE>
    <EMOTION_PRIMARY_JOY_INTENSITY>0.4879217</EMOTION_PRIMARY_JOY_INTENSITY>
    <EMOTION_PRIMARY_SADNESS_EVIDENCE>-1</EMOTION_PRIMARY_SADNESS_EVIDENCE>
    <EMOTION_PRIMARY_SADNESS_INTENSITY>0.00038942488</EMOTION_PRIMARY_SADNESS_INTENSITY>
    <EMOTION_PRIMARY_SURPRISE_EVIDENCE>0</EMOTION_PRIMARY_SURPRISE_EVIDENCE>
    <EMOTION_PRIMARY_SURPRISE_INTENSITY>0.0267148521</EMOTION_PRIMARY_SURPRISE_INTENSITY>
    <EMOTION_SENTIMENT_NEGATIVE_EVIDENCE>-1</EMOTION_SENTIMENT_NEGATIVE_EVIDENCE>
    <EMOTION_SENTIMENT_NEGATIVE_INTENSITY>0.0500641949</EMOTION_SENTIMENT_NEGATIVE_INTENSITY>
    <EMOTION_SENTIMENT_POSITIVE_EVIDENCE>1</EMOTION_SENTIMENT_POSITIVE_EVIDENCE>
    <EMOTION_SENTIMENT_POSITIVE_INTENSITY>0.646349251</EMOTION_SENTIMENT_POSITIVE_INTENSITY>
    <EMOTION_SENTIMENT_NEUTRAL_EVIDENCE>-1</EMOTION_SENTIMENT_NEUTRAL_EVIDENCE>
    <EMOTION_SENTIMENT_NEUTRAL_INTENSITY>0.08388972</EMOTION_SENTIMENT_NEUTRAL_INTENSITY>
  </DATA>
  <DATA>
    <TimeStamp>130981</TimeStamp>
    <NumFaces>1</NumFaces>
    <Pulse>65</Pulse>
    <EXPRESSION_BROW_RAISER_LEFT>0</EXPRESSION_BROW_RAISER_LEFT>
    <EXPRESSION_BROW_RAISER_RIGHT>0</EXPRESSION_BROW_RAISER_RIGHT>
    <EXPRESSION_BROW_LOWERER_LEFT>100</EXPRESSION_BROW_LOWERER_LEFT>
    <EXPRESSION_BROW_LOWERER_RIGHT>0</EXPRESSION_BROW_LOWERER_RIGHT>
    <EXPRESSION_SMILE>0</EXPRESSION_SMILE>
    <EXPRESSION_KISS>0</EXPRESSION_KISS>
    <EXPRESSION_MOUTH_OPEN>0</EXPRESSION_MOUTH_OPEN>
    <EXPRESSION_EYES_CLOSED_LEFT>0</EXPRESSION_EYES_CLOSED_LEFT>
    <EXPRESSION_EYES_CLOSED_RIGHT>0</EXPRESSION_EYES_CLOSED_RIGHT>
    <EXPRESSION_EYES_TURN_LEFT>0</EXPRESSION_EYES_TURN_LEFT>
    <EXPRESSION_EYES_TURN_RIGHT>0</EXPRESSION_EYES_TURN_RIGHT>
    <EXPRESSION_EYES_UP>0</EXPRESSION_EYES_UP>
    <EXPRESSION_EYES_DOWN>0</EXPRESSION_EYES_DOWN>
    <EMOTION_PRIMARY_ANGER_EVIDENCE>0</EMOTION_PRIMARY_ANGER_EVIDENCE>
    <EMOTION_PRIMARY_ANGER_INTENSITY>0.0816819</EMOTION_PRIMARY_ANGER_INTENSITY>
    <EMOTION_PRIMARY_CONTEMPT_EVIDENCE>0</EMOTION_PRIMARY_CONTEMPT_EVIDENCE>
    <EMOTION_PRIMARY_CONTEMPT_INTENSITY>0.0823481</EMOTION_PRIMARY_CONTEMPT_INTENSITY>
    <EMOTION_PRIMARY_DISGUST_EVIDENCE>-1</EMOTION_PRIMARY_DISGUST_EVIDENCE>
    <EMOTION_PRIMARY_DISGUST_INTENSITY>0.0070677055</EMOTION_PRIMARY_DISGUST_INTENSITY>
    <EMOTION_PRIMARY_FEAR_EVIDENCE>-1</EMOTION_PRIMARY_FEAR_EVIDENCE>
    <EMOTION_PRIMARY_FEAR_INTENSITY>0.00149763655</EMOTION_PRIMARY_FEAR_INTENSITY>
    <EMOTION_PRIMARY_JOY_EVIDENCE>0</EMOTION_PRIMARY_JOY_EVIDENCE>
    <EMOTION_PRIMARY_JOY_INTENSITY>0.580126345</EMOTION_PRIMARY_JOY_INTENSITY>
    <EMOTION_PRIMARY_SADNESS_EVIDENCE>-1</EMOTION_PRIMARY_SADNESS_EVIDENCE>
    <EMOTION_PRIMARY_SADNESS_INTENSITY>0.0004277584</EMOTION_PRIMARY_SADNESS_INTENSITY>
    <EMOTION_PRIMARY_SURPRISE_EVIDENCE>-1</EMOTION_PRIMARY_SURPRISE_EVIDENCE>
    <EMOTION_PRIMARY_SURPRISE_INTENSITY>0.0202237144</EMOTION_PRIMARY_SURPRISE_INTENSITY>
    <EMOTION_SENTIMENT_NEGATIVE_EVIDENCE>0</EMOTION_SENTIMENT_NEGATIVE_EVIDENCE>
    <EMOTION_SENTIMENT_NEGATIVE_INTENSITY>0.0602218</EMOTION_SENTIMENT_NEGATIVE_INTENSITY>
    <EMOTION_SENTIMENT_POSITIVE_EVIDENCE>1</EMOTION_SENTIMENT_POSITIVE_EVIDENCE>
    <EMOTION_SENTIMENT_POSITIVE_INTENSITY>0.7057112</EMOTION_SENTIMENT_POSITIVE_INTENSITY>
    <EMOTION_SENTIMENT_NEUTRAL_EVIDENCE>-1</EMOTION_SENTIMENT_NEUTRAL_EVIDENCE>
    <EMOTION_SENTIMENT_NEUTRAL_INTENSITY>0.0343623161</EMOTION_SENTIMENT_NEUTRAL_INTENSITY>
  </DATA>
  <DATA>
    <TimeStamp>131182</TimeStamp>
    <NumFaces>1</NumFaces>
    <Pulse>65</Pulse>
    <EXPRESSION_BROW_RAISER_LEFT>0</EXPRESSION_BROW_RAISER_LEFT>
    <EXPRESSION_BROW_RAISER_RIGHT>0</EXPRESSION_BROW_RAISER_RIGHT>
    <EXPRESSION_BROW_LOWERER_LEFT>100</EXPRESSION_BROW_LOWERER_LEFT>
    <EXPRESSION_BROW_LOWERER_RIGHT>0</EXPRESSION_BROW_LOWERER_RIGHT>
    <EXPRESSION_SMILE>0</EXPRESSION_SMILE>
    <EXPRESSION_KISS>0</EXPRESSION_KISS>
    <EXPRESSION_MOUTH_OPEN>0</EXPRESSION_MOUTH_OPEN>
    <EXPRESSION_EYES_CLOSED_LEFT>0</EXPRESSION_EYES_CLOSED_LEFT>
    <EXPRESSION_EYES_CLOSED_RIGHT>0</EXPRESSION_EYES_CLOSED_RIGHT>
    <EXPRESSION_EYES_TURN_LEFT>100</EXPRESSION_EYES_TURN_LEFT>
    <EXPRESSION_EYES_TURN_RIGHT>0</EXPRESSION_EYES_TURN_RIGHT>
    <EXPRESSION_EYES_UP>0</EXPRESSION_EYES_UP>
    <EXPRESSION_EYES_DOWN>0</EXPRESSION_EYES_DOWN>
    <EMOTION_PRIMARY_ANGER_EVIDENCE>0</EMOTION_PRIMARY_ANGER_EVIDENCE>
    <EMOTION_PRIMARY_ANGER_INTENSITY>0.08859252</EMOTION_PRIMARY_ANGER_INTENSITY>
    <EMOTION_PRIMARY_CONTEMPT_EVIDENCE>0</EMOTION_PRIMARY_CONTEMPT_EVIDENCE>
    <EMOTION_PRIMARY_CONTEMPT_INTENSITY>0.06347157</EMOTION_PRIMARY_CONTEMPT_INTENSITY>
    <EMOTION_PRIMARY_DISGUST_EVIDENCE>-1</EMOTION_PRIMARY_DISGUST_EVIDENCE>
    <EMOTION_PRIMARY_DISGUST_INTENSITY>0.008010572</EMOTION_PRIMARY_DISGUST_INTENSITY>
    <EMOTION_PRIMARY_FEAR_EVIDENCE>-1</EMOTION_PRIMARY_FEAR_EVIDENCE>
    <EMOTION_PRIMARY_FEAR_INTENSITY>0.001953192</EMOTION_PRIMARY_FEAR_INTENSITY>
    <EMOTION_PRIMARY_JOY_EVIDENCE>0</EMOTION_PRIMARY_JOY_EVIDENCE>
    <EMOTION_PRIMARY_JOY_INTENSITY>0.5109837</EMOTION_PRIMARY_JOY_INTENSITY>
    <EMOTION_PRIMARY_SADNESS_EVIDENCE>-1</EMOTION_PRIMARY_SADNESS_EVIDENCE>
    <EMOTION_PRIMARY_SADNESS_INTENSITY>0.000418920419</EMOTION_PRIMARY_SADNESS_INTENSITY>
    <EMOTION_PRIMARY_SURPRISE_EVIDENCE>0</EMOTION_PRIMARY_SURPRISE_EVIDENCE>
    <EMOTION_PRIMARY_SURPRISE_INTENSITY>0.02143149</EMOTION_PRIMARY_SURPRISE_INTENSITY>
    <EMOTION_SENTIMENT_NEGATIVE_EVIDENCE>-1</EMOTION_SENTIMENT_NEGATIVE_EVIDENCE>
    <EMOTION_SENTIMENT_NEGATIVE_INTENSITY>0.04584572</EMOTION_SENTIMENT_NEGATIVE_INTENSITY>
    <EMOTION_SENTIMENT_POSITIVE_EVIDENCE>1</EMOTION_SENTIMENT_POSITIVE_EVIDENCE>
    <EMOTION_SENTIMENT_POSITIVE_INTENSITY>0.6742917</EMOTION_SENTIMENT_POSITIVE_INTENSITY>
    <EMOTION_SENTIMENT_NEUTRAL_EVIDENCE>-1</EMOTION_SENTIMENT_NEUTRAL_EVIDENCE>
    <EMOTION_SENTIMENT_NEUTRAL_INTENSITY>0.0873011351</EMOTION_SENTIMENT_NEUTRAL_INTENSITY>
  </DATA>
  <DATA>
    <TimeStamp>131384</TimeStamp>
    <NumFaces>1</NumFaces>
    <Pulse>65</Pulse>
    <EXPRESSION_BROW_RAISER_LEFT>0</EXPRESSION_BROW_RAISER_LEFT>
    <EXPRESSION_BROW_RAISER_RIGHT>0</EXPRESSION_BROW_RAISER_RIGHT>
    <EXPRESSION_BROW_LOWERER_LEFT>100</EXPRESSION_BROW_LOWERER_LEFT>
    <EXPRESSION_BROW_LOWERER_RIGHT>0</EXPRESSION_BROW_LOWERER_RIGHT>
    <EXPRESSION_SMILE>0</EXPRESSION_SMILE>
    <EXPRESSION_KISS>0</EXPRESSION_KISS>
    <EXPRESSION_MOUTH_OPEN>0</EXPRESSION_MOUTH_OPEN>
    <EXPRESSION_EYES_CLOSED_LEFT>0</EXPRESSION_EYES_CLOSED_LEFT>
    <EXPRESSION_EYES_CLOSED_RIGHT>0</EXPRESSION_EYES_CLOSED_RIGHT>
    <EXPRESSION_EYES_TURN_LEFT>0</EXPRESSION_EYES_TURN_LEFT>
    <EXPRESSION_EYES_TURN_RIGHT>0</EXPRESSION_EYES_TURN_RIGHT>
    <EXPRESSION_EYES_UP>0</EXPRESSION_EYES_UP>
    <EXPRESSION_EYES_DOWN>0</EXPRESSION_EYES_DOWN>
    <EMOTION_PRIMARY_ANGER_EVIDENCE>0</EMOTION_PRIMARY_ANGER_EVIDENCE>
    <EMOTION_PRIMARY_ANGER_INTENSITY>0.031126311</EMOTION_PRIMARY_ANGER_INTENSITY>
    <EMOTION_PRIMARY_CONTEMPT_EVIDENCE>0</EMOTION_PRIMARY_CONTEMPT_EVIDENCE>
    <EMOTION_PRIMARY_CONTEMPT_INTENSITY>0.050278455</EMOTION_PRIMARY_CONTEMPT_INTENSITY>
    <EMOTION_PRIMARY_DISGUST_EVIDENCE>-1</EMOTION_PRIMARY_DISGUST_EVIDENCE>
    <EMOTION_PRIMARY_DISGUST_INTENSITY>0.003846387</EMOTION_PRIMARY_DISGUST_INTENSITY>
    <EMOTION_PRIMARY_FEAR_EVIDENCE>-1</EMOTION_PRIMARY_FEAR_EVIDENCE>
    <EMOTION_PRIMARY_FEAR_INTENSITY>0.0004449395</EMOTION_PRIMARY_FEAR_INTENSITY>
    <EMOTION_PRIMARY_JOY_EVIDENCE>1</EMOTION_PRIMARY_JOY_EVIDENCE>
    <EMOTION_PRIMARY_JOY_INTENSITY>0.7684255</EMOTION_PRIMARY_JOY_INTENSITY>
    <EMOTION_PRIMARY_SADNESS_EVIDENCE>-2</EMOTION_PRIMARY_SADNESS_EVIDENCE>
    <EMOTION_PRIMARY_SADNESS_INTENSITY>0.000186281366</EMOTION_PRIMARY_SADNESS_INTENSITY>
    <EMOTION_PRIMARY_SURPRISE_EVIDENCE>-1</EMOTION_PRIMARY_SURPRISE_EVIDENCE>
    <EMOTION_PRIMARY_SURPRISE_INTENSITY>0.008665042</EMOTION_PRIMARY_SURPRISE_INTENSITY>
    <EMOTION_SENTIMENT_NEGATIVE_EVIDENCE>-1</EMOTION_SENTIMENT_NEGATIVE_EVIDENCE>
    <EMOTION_SENTIMENT_NEGATIVE_INTENSITY>0.03560324</EMOTION_SENTIMENT_NEGATIVE_INTENSITY>
    <EMOTION_SENTIMENT_POSITIVE_EVIDENCE>2</EMOTION_SENTIMENT_POSITIVE_EVIDENCE>
    <EMOTION_SENTIMENT_POSITIVE_INTENSITY>0.8582143</EMOTION_SENTIMENT_POSITIVE_INTENSITY>
    <EMOTION_SENTIMENT_NEUTRAL_EVIDENCE>-1</EMOTION_SENTIMENT_NEUTRAL_EVIDENCE>
    <EMOTION_SENTIMENT_NEUTRAL_INTENSITY>0.01675229</EMOTION_SENTIMENT_NEUTRAL_INTENSITY>
  </DATA>
  <DATA>
    <TimeStamp>131584</TimeStamp>
    <NumFaces>1</NumFaces>
    <Pulse>65</Pulse>
    <EXPRESSION_BROW_RAISER_LEFT>0</EXPRESSION_BROW_RAISER_LEFT>
    <EXPRESSION_BROW_RAISER_RIGHT>0</EXPRESSION_BROW_RAISER_RIGHT>
    <EXPRESSION_BROW_LOWERER_LEFT>100</EXPRESSION_BROW_LOWERER_LEFT>
    <EXPRESSION_BROW_LOWERER_RIGHT>0</EXPRESSION_BROW_LOWERER_RIGHT>
    <EXPRESSION_SMILE>2</EXPRESSION_SMILE>
    <EXPRESSION_KISS>0</EXPRESSION_KISS>
    <EXPRESSION_MOUTH_OPEN>10</EXPRESSION_MOUTH_OPEN>
    <EXPRESSION_EYES_CLOSED_LEFT>0</EXPRESSION_EYES_CLOSED_LEFT>
    <EXPRESSION_EYES_CLOSED_RIGHT>0</EXPRESSION_EYES_CLOSED_RIGHT>
    <EXPRESSION_EYES_TURN_LEFT>0</EXPRESSION_EYES_TURN_LEFT>
    <EXPRESSION_EYES_TURN_RIGHT>0</EXPRESSION_EYES_TURN_RIGHT>
    <EXPRESSION_EYES_UP>0</EXPRESSION_EYES_UP>
    <EXPRESSION_EYES_DOWN>0</EXPRESSION_EYES_DOWN>
    <EMOTION_PRIMARY_ANGER_EVIDENCE>0</EMOTION_PRIMARY_ANGER_EVIDENCE>
    <EMOTION_PRIMARY_ANGER_INTENSITY>0.0188851245</EMOTION_PRIMARY_ANGER_INTENSITY>
    <EMOTION_PRIMARY_CONTEMPT_EVIDENCE>-1</EMOTION_PRIMARY_CONTEMPT_EVIDENCE>
    <EMOTION_PRIMARY_CONTEMPT_INTENSITY>0.013514963</EMOTION_PRIMARY_CONTEMPT_INTENSITY>
    <EMOTION_PRIMARY_DISGUST_EVIDENCE>-1</EMOTION_PRIMARY_DISGUST_EVIDENCE>
    <EMOTION_PRIMARY_DISGUST_INTENSITY>0.0024937063</EMOTION_PRIMARY_DISGUST_INTENSITY>
    <EMOTION_PRIMARY_FEAR_EVIDENCE>-1</EMOTION_PRIMARY_FEAR_EVIDENCE>
    <EMOTION_PRIMARY_FEAR_INTENSITY>0.0007156168</EMOTION_PRIMARY_FEAR_INTENSITY>
    <EMOTION_PRIMARY_JOY_EVIDENCE>2</EMOTION_PRIMARY_JOY_EVIDENCE>
    <EMOTION_PRIMARY_JOY_INTENSITY>0.982423663</EMOTION_PRIMARY_JOY_INTENSITY>
    <EMOTION_PRIMARY_SADNESS_EVIDENCE>-2</EMOTION_PRIMARY_SADNESS_EVIDENCE>
    <EMOTION_PRIMARY_SADNESS_INTENSITY>4.923573E-05</EMOTION_PRIMARY_SADNESS_INTENSITY>
    <EMOTION_PRIMARY_SURPRISE_EVIDENCE>-1</EMOTION_PRIMARY_SURPRISE_EVIDENCE>
    <EMOTION_PRIMARY_SURPRISE_INTENSITY>0.003815961</EMOTION_PRIMARY_SURPRISE_INTENSITY>
    <EMOTION_SENTIMENT_NEGATIVE_EVIDENCE>-1</EMOTION_SENTIMENT_NEGATIVE_EVIDENCE>
    <EMOTION_SENTIMENT_NEGATIVE_INTENSITY>0.0156883374</EMOTION_SENTIMENT_NEGATIVE_INTENSITY>
    <EMOTION_SENTIMENT_POSITIVE_EVIDENCE>3</EMOTION_SENTIMENT_POSITIVE_EVIDENCE>
    <EMOTION_SENTIMENT_POSITIVE_INTENSITY>0.9858797</EMOTION_SENTIMENT_POSITIVE_INTENSITY>
    <EMOTION_SENTIMENT_NEUTRAL_EVIDENCE>-1</EMOTION_SENTIMENT_NEUTRAL_EVIDENCE>
    <EMOTION_SENTIMENT_NEUTRAL_INTENSITY>0.0125202769</EMOTION_SENTIMENT_NEUTRAL_INTENSITY>
  </DATA>
  <DATA>
    <TimeStamp>131784</TimeStamp>
    <NumFaces>1</NumFaces>
    <Pulse>65</Pulse>
    <EXPRESSION_BROW_RAISER_LEFT>0</EXPRESSION_BROW_RAISER_LEFT>
    <EXPRESSION_BROW_RAISER_RIGHT>0</EXPRESSION_BROW_RAISER_RIGHT>
    <EXPRESSION_BROW_LOWERER_LEFT>25</EXPRESSION_BROW_LOWERER_LEFT>
    <EXPRESSION_BROW_LOWERER_RIGHT>0</EXPRESSION_BROW_LOWERER_RIGHT>
    <EXPRESSION_SMILE>0</EXPRESSION_SMILE>
    <EXPRESSION_KISS>0</EXPRESSION_KISS>
    <EXPRESSION_MOUTH_OPEN>17</EXPRESSION_MOUTH_OPEN>
    <EXPRESSION_EYES_CLOSED_LEFT>0</EXPRESSION_EYES_CLOSED_LEFT>
    <EXPRESSION_EYES_CLOSED_RIGHT>0</EXPRESSION_EYES_CLOSED_RIGHT>
    <EXPRESSION_EYES_TURN_LEFT>100</EXPRESSION_EYES_TURN_LEFT>
    <EXPRESSION_EYES_TURN_RIGHT>0</EXPRESSION_EYES_TURN_RIGHT>
    <EXPRESSION_EYES_UP>0</EXPRESSION_EYES_UP>
    <EXPRESSION_EYES_DOWN>0</EXPRESSION_EYES_DOWN>
    <EMOTION_PRIMARY_ANGER_EVIDENCE>-1</EMOTION_PRIMARY_ANGER_EVIDENCE>
    <EMOTION_PRIMARY_ANGER_INTENSITY>0.0124145057</EMOTION_PRIMARY_ANGER_INTENSITY>
    <EMOTION_PRIMARY_CONTEMPT_EVIDENCE>-1</EMOTION_PRIMARY_CONTEMPT_EVIDENCE>
    <EMOTION_PRIMARY_CONTEMPT_INTENSITY>0.0121200886</EMOTION_PRIMARY_CONTEMPT_INTENSITY>
    <EMOTION_PRIMARY_DISGUST_EVIDENCE>-1</EMOTION_PRIMARY_DISGUST_EVIDENCE>
    <EMOTION_PRIMARY_DISGUST_INTENSITY>0.00302377017</EMOTION_PRIMARY_DISGUST_INTENSITY>
    <EMOTION_PRIMARY_FEAR_EVIDENCE>-1</EMOTION_PRIMARY_FEAR_EVIDENCE>
    <EMOTION_PRIMARY_FEAR_INTENSITY>0.00132648437</EMOTION_PRIMARY_FEAR_INTENSITY>
    <EMOTION_PRIMARY_JOY_EVIDENCE>2</EMOTION_PRIMARY_JOY_EVIDENCE>
    <EMOTION_PRIMARY_JOY_INTENSITY>0.9861147</EMOTION_PRIMARY_JOY_INTENSITY>
    <EMOTION_PRIMARY_SADNESS_EVIDENCE>-2</EMOTION_PRIMARY_SADNESS_EVIDENCE>
    <EMOTION_PRIMARY_SADNESS_INTENSITY>5.625598E-05</EMOTION_PRIMARY_SADNESS_INTENSITY>
    <EMOTION_PRIMARY_SURPRISE_EVIDENCE>-1</EMOTION_PRIMARY_SURPRISE_EVIDENCE>
    <EMOTION_PRIMARY_SURPRISE_INTENSITY>0.003363591</EMOTION_PRIMARY_SURPRISE_INTENSITY>
    <EMOTION_SENTIMENT_NEGATIVE_EVIDENCE>-1</EMOTION_SENTIMENT_NEGATIVE_EVIDENCE>
    <EMOTION_SENTIMENT_NEGATIVE_INTENSITY>0.0239979979</EMOTION_SENTIMENT_NEGATIVE_INTENSITY>
    <EMOTION_SENTIMENT_POSITIVE_EVIDENCE>3</EMOTION_SENTIMENT_POSITIVE_EVIDENCE>
    <EMOTION_SENTIMENT_POSITIVE_INTENSITY>0.9860686</EMOTION_SENTIMENT_POSITIVE_INTENSITY>
    <EMOTION_SENTIMENT_NEUTRAL_EVIDENCE>-2</EMOTION_SENTIMENT_NEUTRAL_EVIDENCE>
    <EMOTION_SENTIMENT_NEUTRAL_INTENSITY>0.00473754946</EMOTION_SENTIMENT_NEUTRAL_INTENSITY>
  </DATA>
  <DATA>
    <TimeStamp>131984</TimeStamp>
    <NumFaces>1</NumFaces>
    <Pulse>65</Pulse>
    <EXPRESSION_BROW_RAISER_LEFT>0</EXPRESSION_BROW_RAISER_LEFT>
    <EXPRESSION_BROW_RAISER_RIGHT>0</EXPRESSION_BROW_RAISER_RIGHT>
    <EXPRESSION_BROW_LOWERER_LEFT>100</EXPRESSION_BROW_LOWERER_LEFT>
    <EXPRESSION_BROW_LOWERER_RIGHT>0</EXPRESSION_BROW_LOWERER_RIGHT>
    <EXPRESSION_SMILE>0</EXPRESSION_SMILE>
    <EXPRESSION_KISS>0</EXPRESSION_KISS>
    <EXPRESSION_MOUTH_OPEN>17</EXPRESSION_MOUTH_OPEN>
    <EXPRESSION_EYES_CLOSED_LEFT>0</EXPRESSION_EYES_CLOSED_LEFT>
    <EXPRESSION_EYES_CLOSED_RIGHT>0</EXPRESSION_EYES_CLOSED_RIGHT>
    <EXPRESSION_EYES_TURN_LEFT>0</EXPRESSION_EYES_TURN_LEFT>
    <EXPRESSION_EYES_TURN_RIGHT>0</EXPRESSION_EYES_TURN_RIGHT>
    <EXPRESSION_EYES_UP>0</EXPRESSION_EYES_UP>
    <EXPRESSION_EYES_DOWN>0</EXPRESSION_EYES_DOWN>
    <EMOTION_PRIMARY_ANGER_EVIDENCE>-1</EMOTION_PRIMARY_ANGER_EVIDENCE>
    <EMOTION_PRIMARY_ANGER_INTENSITY>0.0126398494</EMOTION_PRIMARY_ANGER_INTENSITY>
    <EMOTION_PRIMARY_CONTEMPT_EVIDENCE>-1</EMOTION_PRIMARY_CONTEMPT_EVIDENCE>
    <EMOTION_PRIMARY_CONTEMPT_INTENSITY>0.02043219</EMOTION_PRIMARY_CONTEMPT_INTENSITY>
    <EMOTION_PRIMARY_DISGUST_EVIDENCE>-1</EMOTION_PRIMARY_DISGUST_EVIDENCE>
    <EMOTION_PRIMARY_DISGUST_INTENSITY>0.0040615215</EMOTION_PRIMARY_DISGUST_INTENSITY>
    <EMOTION_PRIMARY_FEAR_EVIDENCE>-1</EMOTION_PRIMARY_FEAR_EVIDENCE>
    <EMOTION_PRIMARY_FEAR_INTENSITY>0.00177479011</EMOTION_PRIMARY_FEAR_INTENSITY>
    <EMOTION_PRIMARY_JOY_EVIDENCE>1</EMOTION_PRIMARY_JOY_EVIDENCE>
    <EMOTION_PRIMARY_JOY_INTENSITY>0.943993</EMOTION_PRIMARY_JOY_INTENSITY>
    <EMOTION_PRIMARY_SADNESS_EVIDENCE>-1</EMOTION_PRIMARY_SADNESS_EVIDENCE>
    <EMOTION_PRIMARY_SADNESS_INTENSITY>0.000382719358</EMOTION_PRIMARY_SADNESS_INTENSITY>
    <EMOTION_PRIMARY_SURPRISE_EVIDENCE>-1</EMOTION_PRIMARY_SURPRISE_EVIDENCE>
    <EMOTION_PRIMARY_SURPRISE_INTENSITY>0.00637174537</EMOTION_PRIMARY_SURPRISE_INTENSITY>
    <EMOTION_SENTIMENT_NEGATIVE_EVIDENCE>-1</EMOTION_SENTIMENT_NEGATIVE_EVIDENCE>
    <EMOTION_SENTIMENT_NEGATIVE_INTENSITY>0.0371583253</EMOTION_SENTIMENT_NEGATIVE_INTENSITY>
    <EMOTION_SENTIMENT_POSITIVE_EVIDENCE>3</EMOTION_SENTIMENT_POSITIVE_EVIDENCE>
    <EMOTION_SENTIMENT_POSITIVE_INTENSITY>0.9532696</EMOTION_SENTIMENT_POSITIVE_INTENSITY>
    <EMOTION_SENTIMENT_NEUTRAL_EVIDENCE>-2</EMOTION_SENTIMENT_NEUTRAL_EVIDENCE>
    <EMOTION_SENTIMENT_NEUTRAL_INTENSITY>0.008322067</EMOTION_SENTIMENT_NEUTRAL_INTENSITY>
  </DATA>
  <DATA>
    <TimeStamp>132185</TimeStamp>
    <NumFaces>1</NumFaces>
    <Pulse>65</Pulse>
    <EXPRESSION_BROW_RAISER_LEFT>0</EXPRESSION_BROW_RAISER_LEFT>
    <EXPRESSION_BROW_RAISER_RIGHT>0</EXPRESSION_BROW_RAISER_RIGHT>
    <EXPRESSION_BROW_LOWERER_LEFT>100</EXPRESSION_BROW_LOWERER_LEFT>
    <EXPRESSION_BROW_LOWERER_RIGHT>0</EXPRESSION_BROW_LOWERER_RIGHT>
    <EXPRESSION_SMILE>0</EXPRESSION_SMILE>
    <EXPRESSION_KISS>0</EXPRESSION_KISS>
    <EXPRESSION_MOUTH_OPEN>13</EXPRESSION_MOUTH_OPEN>
    <EXPRESSION_EYES_CLOSED_LEFT>0</EXPRESSION_EYES_CLOSED_LEFT>
    <EXPRESSION_EYES_CLOSED_RIGHT>0</EXPRESSION_EYES_CLOSED_RIGHT>
    <EXPRESSION_EYES_TURN_LEFT>0</EXPRESSION_EYES_TURN_LEFT>
    <EXPRESSION_EYES_TURN_RIGHT>0</EXPRESSION_EYES_TURN_RIGHT>
    <EXPRESSION_EYES_UP>0</EXPRESSION_EYES_UP>
    <EXPRESSION_EYES_DOWN>0</EXPRESSION_EYES_DOWN>
    <EMOTION_PRIMARY_ANGER_EVIDENCE>-1</EMOTION_PRIMARY_ANGER_EVIDENCE>
    <EMOTION_PRIMARY_ANGER_INTENSITY>0.0118169328</EMOTION_PRIMARY_ANGER_INTENSITY>
    <EMOTION_PRIMARY_CONTEMPT_EVIDENCE>-1</EMOTION_PRIMARY_CONTEMPT_EVIDENCE>
    <EMOTION_PRIMARY_CONTEMPT_INTENSITY>0.009948342</EMOTION_PRIMARY_CONTEMPT_INTENSITY>
    <EMOTION_PRIMARY_DISGUST_EVIDENCE>-1</EMOTION_PRIMARY_DISGUST_EVIDENCE>
    <EMOTION_PRIMARY_DISGUST_INTENSITY>0.002219978</EMOTION_PRIMARY_DISGUST_INTENSITY>
    <EMOTION_PRIMARY_FEAR_EVIDENCE>-1</EMOTION_PRIMARY_FEAR_EVIDENCE>
    <EMOTION_PRIMARY_FEAR_INTENSITY>0.0009793169</EMOTION_PRIMARY_FEAR_INTENSITY>
    <EMOTION_PRIMARY_JOY_EVIDENCE>2</EMOTION_PRIMARY_JOY_EVIDENCE>
    <EMOTION_PRIMARY_JOY_INTENSITY>0.9895679</EMOTION_PRIMARY_JOY_INTENSITY>
    <EMOTION_PRIMARY_SADNESS_EVIDENCE>-2</EMOTION_PRIMARY_SADNESS_EVIDENCE>
    <EMOTION_PRIMARY_SADNESS_INTENSITY>2.444243E-05</EMOTION_PRIMARY_SADNESS_INTENSITY>
    <EMOTION_PRIMARY_SURPRISE_EVIDENCE>-1</EMOTION_PRIMARY_SURPRISE_EVIDENCE>
    <EMOTION_PRIMARY_SURPRISE_INTENSITY>0.00427244464</EMOTION_PRIMARY_SURPRISE_INTENSITY>
    <EMOTION_SENTIMENT_NEGATIVE_EVIDENCE>-2</EMOTION_SENTIMENT_NEGATIVE_EVIDENCE>
    <EMOTION_SENTIMENT_NEGATIVE_INTENSITY>0.0137091046</EMOTION_SENTIMENT_NEGATIVE_INTENSITY>
    <EMOTION_SENTIMENT_POSITIVE_EVIDENCE>4</EMOTION_SENTIMENT_POSITIVE_EVIDENCE>
    <EMOTION_SENTIMENT_POSITIVE_INTENSITY>0.9912045</EMOTION_SENTIMENT_POSITIVE_INTENSITY>
    <EMOTION_SENTIMENT_NEUTRAL_EVIDENCE>-2</EMOTION_SENTIMENT_NEUTRAL_EVIDENCE>
    <EMOTION_SENTIMENT_NEUTRAL_INTENSITY>0.006491644</EMOTION_SENTIMENT_NEUTRAL_INTENSITY>
  </DATA>
  <DATA>
    <TimeStamp>132385</TimeStamp>
    <NumFaces>1</NumFaces>
    <Pulse>65</Pulse>
    <EXPRESSION_BROW_RAISER_LEFT>0</EXPRESSION_BROW_RAISER_LEFT>
    <EXPRESSION_BROW_RAISER_RIGHT>0</EXPRESSION_BROW_RAISER_RIGHT>
    <EXPRESSION_BROW_LOWERER_LEFT>100</EXPRESSION_BROW_LOWERER_LEFT>
    <EXPRESSION_BROW_LOWERER_RIGHT>21</EXPRESSION_BROW_LOWERER_RIGHT>
    <EXPRESSION_SMILE>38</EXPRESSION_SMILE>
    <EXPRESSION_KISS>0</EXPRESSION_KISS>
    <EXPRESSION_MOUTH_OPEN>17</EXPRESSION_MOUTH_OPEN>
    <EXPRESSION_EYES_CLOSED_LEFT>0</EXPRESSION_EYES_CLOSED_LEFT>
    <EXPRESSION_EYES_CLOSED_RIGHT>0</EXPRESSION_EYES_CLOSED_RIGHT>
    <EXPRESSION_EYES_TURN_LEFT>0</EXPRESSION_EYES_TURN_LEFT>
    <EXPRESSION_EYES_TURN_RIGHT>0</EXPRESSION_EYES_TURN_RIGHT>
    <EXPRESSION_EYES_UP>0</EXPRESSION_EYES_UP>
    <EXPRESSION_EYES_DOWN>0</EXPRESSION_EYES_DOWN>
    <EMOTION_PRIMARY_ANGER_EVIDENCE>-1</EMOTION_PRIMARY_ANGER_EVIDENCE>
    <EMOTION_PRIMARY_ANGER_INTENSITY>0.0135534313</EMOTION_PRIMARY_ANGER_INTENSITY>
    <EMOTION_PRIMARY_CONTEMPT_EVIDENCE>-1</EMOTION_PRIMARY_CONTEMPT_EVIDENCE>
    <EMOTION_PRIMARY_CONTEMPT_INTENSITY>0.0145840012</EMOTION_PRIMARY_CONTEMPT_INTENSITY>
    <EMOTION_PRIMARY_DISGUST_EVIDENCE>-1</EMOTION_PRIMARY_DISGUST_EVIDENCE>
    <EMOTION_PRIMARY_DISGUST_INTENSITY>0.00287597743</EMOTION_PRIMARY_DISGUST_INTENSITY>
    <EMOTION_PRIMARY_FEAR_EVIDENCE>-1</EMOTION_PRIMARY_FEAR_EVIDENCE>
    <EMOTION_PRIMARY_FEAR_INTENSITY>0.00058367243</EMOTION_PRIMARY_FEAR_INTENSITY>
    <EMOTION_PRIMARY_JOY_EVIDENCE>3</EMOTION_PRIMARY_JOY_EVIDENCE>
    <EMOTION_PRIMARY_JOY_INTENSITY>0.9951654</EMOTION_PRIMARY_JOY_INTENSITY>
    <EMOTION_PRIMARY_SADNESS_EVIDENCE>-2</EMOTION_PRIMARY_SADNESS_EVIDENCE>
    <EMOTION_PRIMARY_SADNESS_INTENSITY>1.09708026E-05</EMOTION_PRIMARY_SADNESS_INTENSITY>
    <EMOTION_PRIMARY_SURPRISE_EVIDENCE>-1</EMOTION_PRIMARY_SURPRISE_EVIDENCE>
    <EMOTION_PRIMARY_SURPRISE_INTENSITY>0.00404824363</EMOTION_PRIMARY_SURPRISE_INTENSITY>
    <EMOTION_SENTIMENT_NEGATIVE_EVIDENCE>-2</EMOTION_SENTIMENT_NEGATIVE_EVIDENCE>
    <EMOTION_SENTIMENT_NEGATIVE_INTENSITY>0.0112596983</EMOTION_SENTIMENT_NEGATIVE_INTENSITY>
    <EMOTION_SENTIMENT_POSITIVE_EVIDENCE>4</EMOTION_SENTIMENT_POSITIVE_EVIDENCE>
    <EMOTION_SENTIMENT_POSITIVE_INTENSITY>0.995545447</EMOTION_SENTIMENT_POSITIVE_INTENSITY>
    <EMOTION_SENTIMENT_NEUTRAL_EVIDENCE>-2</EMOTION_SENTIMENT_NEUTRAL_EVIDENCE>
    <EMOTION_SENTIMENT_NEUTRAL_INTENSITY>0.00664157374</EMOTION_SENTIMENT_NEUTRAL_INTENSITY>
  </DATA>
  <DATA>
    <TimeStamp>132586</TimeStamp>
    <NumFaces>1</NumFaces>
    <Pulse>65</Pulse>
    <EXPRESSION_BROW_RAISER_LEFT>0</EXPRESSION_BROW_RAISER_LEFT>
    <EXPRESSION_BROW_RAISER_RIGHT>0</EXPRESSION_BROW_RAISER_RIGHT>
    <EXPRESSION_BROW_LOWERER_LEFT>100</EXPRESSION_BROW_LOWERER_LEFT>
    <EXPRESSION_BROW_LOWERER_RIGHT>0</EXPRESSION_BROW_LOWERER_RIGHT>
    <EXPRESSION_SMILE>28</EXPRESSION_SMILE>
    <EXPRESSION_KISS>0</EXPRESSION_KISS>
    <EXPRESSION_MOUTH_OPEN>25</EXPRESSION_MOUTH_OPEN>
    <EXPRESSION_EYES_CLOSED_LEFT>0</EXPRESSION_EYES_CLOSED_LEFT>
    <EXPRESSION_EYES_CLOSED_RIGHT>0</EXPRESSION_EYES_CLOSED_RIGHT>
    <EXPRESSION_EYES_TURN_LEFT>0</EXPRESSION_EYES_TURN_LEFT>
    <EXPRESSION_EYES_TURN_RIGHT>0</EXPRESSION_EYES_TURN_RIGHT>
    <EXPRESSION_EYES_UP>0</EXPRESSION_EYES_UP>
    <EXPRESSION_EYES_DOWN>0</EXPRESSION_EYES_DOWN>
    <EMOTION_PRIMARY_ANGER_EVIDENCE>0</EMOTION_PRIMARY_ANGER_EVIDENCE>
    <EMOTION_PRIMARY_ANGER_INTENSITY>0.0205387324</EMOTION_PRIMARY_ANGER_INTENSITY>
    <EMOTION_PRIMARY_CONTEMPT_EVIDENCE>-1</EMOTION_PRIMARY_CONTEMPT_EVIDENCE>
    <EMOTION_PRIMARY_CONTEMPT_INTENSITY>0.0138136083</EMOTION_PRIMARY_CONTEMPT_INTENSITY>
    <EMOTION_PRIMARY_DISGUST_EVIDENCE>-1</EMOTION_PRIMARY_DISGUST_EVIDENCE>
    <EMOTION_PRIMARY_DISGUST_INTENSITY>0.00353076262</EMOTION_PRIMARY_DISGUST_INTENSITY>
    <EMOTION_PRIMARY_FEAR_EVIDENCE>-1</EMOTION_PRIMARY_FEAR_EVIDENCE>
    <EMOTION_PRIMARY_FEAR_INTENSITY>0.000780185161</EMOTION_PRIMARY_FEAR_INTENSITY>
    <EMOTION_PRIMARY_JOY_EVIDENCE>3</EMOTION_PRIMARY_JOY_EVIDENCE>
    <EMOTION_PRIMARY_JOY_INTENSITY>0.9957443</EMOTION_PRIMARY_JOY_INTENSITY>
    <EMOTION_PRIMARY_SADNESS_EVIDENCE>-2</EMOTION_PRIMARY_SADNESS_EVIDENCE>
    <EMOTION_PRIMARY_SADNESS_INTENSITY>1.5822663E-05</EMOTION_PRIMARY_SADNESS_INTENSITY>
    <EMOTION_PRIMARY_SURPRISE_EVIDENCE>-1</EMOTION_PRIMARY_SURPRISE_EVIDENCE>
    <EMOTION_PRIMARY_SURPRISE_INTENSITY>0.00273460662</EMOTION_PRIMARY_SURPRISE_INTENSITY>
    <EMOTION_SENTIMENT_NEGATIVE_EVIDENCE>-1</EMOTION_SENTIMENT_NEGATIVE_EVIDENCE>
    <EMOTION_SENTIMENT_NEGATIVE_INTENSITY>0.0167525746</EMOTION_SENTIMENT_NEGATIVE_INTENSITY>
    <EMOTION_SENTIMENT_POSITIVE_EVIDENCE>4</EMOTION_SENTIMENT_POSITIVE_EVIDENCE>
    <EMOTION_SENTIMENT_POSITIVE_INTENSITY>0.995084</EMOTION_SENTIMENT_POSITIVE_INTENSITY>
    <EMOTION_SENTIMENT_NEUTRAL_EVIDENCE>-2</EMOTION_SENTIMENT_NEUTRAL_EVIDENCE>
    <EMOTION_SENTIMENT_NEUTRAL_INTENSITY>0.00560760964</EMOTION_SENTIMENT_NEUTRAL_INTENSITY>
  </DATA>
</QuizDataSet>