<?xml version="1.0" standalone="yes"?>
<QuizDataSet xmlns="http://tempuri.org/QuizDataSet.xsd">
  <RESPONSES>
    <Text>Barack Obama</Text>
    <qID>1</qID>
  </RESPONSES>
  <USERS>
    <Name>Gabriel</Name>
  </USERS>
  <DATA>
    <TimeStamp>10850</TimeStamp>
    <NumFaces>1</NumFaces>
    <Pulse>100</Pulse>
    <EXPRESSION_BROW_RAISER_LEFT>0</EXPRESSION_BROW_RAISER_LEFT>
    <EXPRESSION_BROW_RAISER_RIGHT>0</EXPRESSION_BROW_RAISER_RIGHT>
    <EXPRESSION_BROW_LOWERER_LEFT>100</EXPRESSION_BROW_LOWERER_LEFT>
    <EXPRESSION_BROW_LOWERER_RIGHT>0</EXPRESSION_BROW_LOWERER_RIGHT>
    <EXPRESSION_SMILE>0</EXPRESSION_SMILE>
    <EXPRESSION_KISS>0</EXPRESSION_KISS>
    <EXPRESSION_MOUTH_OPEN>0</EXPRESSION_MOUTH_OPEN>
    <EXPRESSION_EYES_CLOSED_LEFT>0</EXPRESSION_EYES_CLOSED_LEFT>
    <EXPRESSION_EYES_CLOSED_RIGHT>0</EXPRESSION_EYES_CLOSED_RIGHT>
    <EXPRESSION_EYES_TURN_LEFT>0</EXPRESSION_EYES_TURN_LEFT>
    <EXPRESSION_EYES_TURN_RIGHT>0</EXPRESSION_EYES_TURN_RIGHT>
    <EXPRESSION_EYES_UP>100</EXPRESSION_EYES_UP>
    <EXPRESSION_EYES_DOWN>0</EXPRESSION_EYES_DOWN>
    <EMOTION_PRIMARY_ANGER_EVIDENCE>0</EMOTION_PRIMARY_ANGER_EVIDENCE>
    <EMOTION_PRIMARY_ANGER_INTENSITY>0.07334598</EMOTION_PRIMARY_ANGER_INTENSITY>
    <EMOTION_PRIMARY_CONTEMPT_EVIDENCE>0</EMOTION_PRIMARY_CONTEMPT_EVIDENCE>
    <EMOTION_PRIMARY_CONTEMPT_INTENSITY>0.0240637977</EMOTION_PRIMARY_CONTEMPT_INTENSITY>
    <EMOTION_PRIMARY_DISGUST_EVIDENCE>-1</EMOTION_PRIMARY_DISGUST_EVIDENCE>
    <EMOTION_PRIMARY_DISGUST_INTENSITY>0.00319291255</EMOTION_PRIMARY_DISGUST_INTENSITY>
    <EMOTION_PRIMARY_FEAR_EVIDENCE>-1</EMOTION_PRIMARY_FEAR_EVIDENCE>
    <EMOTION_PRIMARY_FEAR_INTENSITY>0.00214908086</EMOTION_PRIMARY_FEAR_INTENSITY>
    <EMOTION_PRIMARY_JOY_EVIDENCE>0</EMOTION_PRIMARY_JOY_EVIDENCE>
    <EMOTION_PRIMARY_JOY_INTENSITY>0.233229041</EMOTION_PRIMARY_JOY_INTENSITY>
    <EMOTION_PRIMARY_SADNESS_EVIDENCE>-2</EMOTION_PRIMARY_SADNESS_EVIDENCE>
    <EMOTION_PRIMARY_SADNESS_INTENSITY>7.81468261E-05</EMOTION_PRIMARY_SADNESS_INTENSITY>
    <EMOTION_PRIMARY_SURPRISE_EVIDENCE>-1</EMOTION_PRIMARY_SURPRISE_EVIDENCE>
    <EMOTION_PRIMARY_SURPRISE_INTENSITY>0.0190663263</EMOTION_PRIMARY_SURPRISE_INTENSITY>
    <EMOTION_SENTIMENT_NEGATIVE_EVIDENCE>-2</EMOTION_SENTIMENT_NEGATIVE_EVIDENCE>
    <EMOTION_SENTIMENT_NEGATIVE_INTENSITY>0.0134649873</EMOTION_SENTIMENT_NEGATIVE_INTENSITY>
    <EMOTION_SENTIMENT_POSITIVE_EVIDENCE>1</EMOTION_SENTIMENT_POSITIVE_EVIDENCE>
    <EMOTION_SENTIMENT_POSITIVE_INTENSITY>0.5655923</EMOTION_SENTIMENT_POSITIVE_INTENSITY>
    <EMOTION_SENTIMENT_NEUTRAL_EVIDENCE>0</EMOTION_SENTIMENT_NEUTRAL_EVIDENCE>
    <EMOTION_SENTIMENT_NEUTRAL_INTENSITY>0.437394559</EMOTION_SENTIMENT_NEUTRAL_INTENSITY>
  </DATA>
  <DATA>
    <TimeStamp>11052</TimeStamp>
    <NumFaces>1</NumFaces>
    <Pulse>100</Pulse>
    <EXPRESSION_BROW_RAISER_LEFT>0</EXPRESSION_BROW_RAISER_LEFT>
    <EXPRESSION_BROW_RAISER_RIGHT>0</EXPRESSION_BROW_RAISER_RIGHT>
    <EXPRESSION_BROW_LOWERER_LEFT>100</EXPRESSION_BROW_LOWERER_LEFT>
    <EXPRESSION_BROW_LOWERER_RIGHT>0</EXPRESSION_BROW_LOWERER_RIGHT>
    <EXPRESSION_SMILE>0</EXPRESSION_SMILE>
    <EXPRESSION_KISS>0</EXPRESSION_KISS>
    <EXPRESSION_MOUTH_OPEN>0</EXPRESSION_MOUTH_OPEN>
    <EXPRESSION_EYES_CLOSED_LEFT>0</EXPRESSION_EYES_CLOSED_LEFT>
    <EXPRESSION_EYES_CLOSED_RIGHT>0</EXPRESSION_EYES_CLOSED_RIGHT>
    <EXPRESSION_EYES_TURN_LEFT>0</EXPRESSION_EYES_TURN_LEFT>
    <EXPRESSION_EYES_TURN_RIGHT>0</EXPRESSION_EYES_TURN_RIGHT>
    <EXPRESSION_EYES_UP>100</EXPRESSION_EYES_UP>
    <EXPRESSION_EYES_DOWN>0</EXPRESSION_EYES_DOWN>
    <EMOTION_PRIMARY_ANGER_EVIDENCE>0</EMOTION_PRIMARY_ANGER_EVIDENCE>
    <EMOTION_PRIMARY_ANGER_INTENSITY>0.0862133652</EMOTION_PRIMARY_ANGER_INTENSITY>
    <EMOTION_PRIMARY_CONTEMPT_EVIDENCE>0</EMOTION_PRIMARY_CONTEMPT_EVIDENCE>
    <EMOTION_PRIMARY_CONTEMPT_INTENSITY>0.0251143258</EMOTION_PRIMARY_CONTEMPT_INTENSITY>
    <EMOTION_PRIMARY_DISGUST_EVIDENCE>-1</EMOTION_PRIMARY_DISGUST_EVIDENCE>
    <EMOTION_PRIMARY_DISGUST_INTENSITY>0.0028032097</EMOTION_PRIMARY_DISGUST_INTENSITY>
    <EMOTION_PRIMARY_FEAR_EVIDENCE>-1</EMOTION_PRIMARY_FEAR_EVIDENCE>
    <EMOTION_PRIMARY_FEAR_INTENSITY>0.00180252665</EMOTION_PRIMARY_FEAR_INTENSITY>
    <EMOTION_PRIMARY_JOY_EVIDENCE>0</EMOTION_PRIMARY_JOY_EVIDENCE>
    <EMOTION_PRIMARY_JOY_INTENSITY>0.442664146</EMOTION_PRIMARY_JOY_INTENSITY>
    <EMOTION_PRIMARY_SADNESS_EVIDENCE>-2</EMOTION_PRIMARY_SADNESS_EVIDENCE>
    <EMOTION_PRIMARY_SADNESS_INTENSITY>3.69407753E-05</EMOTION_PRIMARY_SADNESS_INTENSITY>
    <EMOTION_PRIMARY_SURPRISE_EVIDENCE>-1</EMOTION_PRIMARY_SURPRISE_EVIDENCE>
    <EMOTION_PRIMARY_SURPRISE_INTENSITY>0.014886192</EMOTION_PRIMARY_SURPRISE_INTENSITY>
    <EMOTION_SENTIMENT_NEGATIVE_EVIDENCE>-2</EMOTION_SENTIMENT_NEGATIVE_EVIDENCE>
    <EMOTION_SENTIMENT_NEGATIVE_INTENSITY>0.0104673486</EMOTION_SENTIMENT_NEGATIVE_INTENSITY>
    <EMOTION_SENTIMENT_POSITIVE_EVIDENCE>1</EMOTION_SENTIMENT_POSITIVE_EVIDENCE>
    <EMOTION_SENTIMENT_POSITIVE_INTENSITY>0.713041365</EMOTION_SENTIMENT_POSITIVE_INTENSITY>
    <EMOTION_SENTIMENT_NEUTRAL_EVIDENCE>0</EMOTION_SENTIMENT_NEUTRAL_EVIDENCE>
    <EMOTION_SENTIMENT_NEUTRAL_INTENSITY>0.425190359</EMOTION_SENTIMENT_NEUTRAL_INTENSITY>
  </DATA>
  <DATA>
    <TimeStamp>11252</TimeStamp>
    <NumFaces>1</NumFaces>
    <Pulse>100</Pulse>
    <EXPRESSION_BROW_RAISER_LEFT>0</EXPRESSION_BROW_RAISER_LEFT>
    <EXPRESSION_BROW_RAISER_RIGHT>0</EXPRESSION_BROW_RAISER_RIGHT>
    <EXPRESSION_BROW_LOWERER_LEFT>100</EXPRESSION_BROW_LOWERER_LEFT>
    <EXPRESSION_BROW_LOWERER_RIGHT>0</EXPRESSION_BROW_LOWERER_RIGHT>
    <EXPRESSION_SMILE>0</EXPRESSION_SMILE>
    <EXPRESSION_KISS>0</EXPRESSION_KISS>
    <EXPRESSION_MOUTH_OPEN>0</EXPRESSION_MOUTH_OPEN>
    <EXPRESSION_EYES_CLOSED_LEFT>0</EXPRESSION_EYES_CLOSED_LEFT>
    <EXPRESSION_EYES_CLOSED_RIGHT>0</EXPRESSION_EYES_CLOSED_RIGHT>
    <EXPRESSION_EYES_TURN_LEFT>0</EXPRESSION_EYES_TURN_LEFT>
    <EXPRESSION_EYES_TURN_RIGHT>0</EXPRESSION_EYES_TURN_RIGHT>
    <EXPRESSION_EYES_UP>100</EXPRESSION_EYES_UP>
    <EXPRESSION_EYES_DOWN>0</EXPRESSION_EYES_DOWN>
    <EMOTION_PRIMARY_ANGER_EVIDENCE>0</EMOTION_PRIMARY_ANGER_EVIDENCE>
    <EMOTION_PRIMARY_ANGER_INTENSITY>0.116267771</EMOTION_PRIMARY_ANGER_INTENSITY>
    <EMOTION_PRIMARY_CONTEMPT_EVIDENCE>0</EMOTION_PRIMARY_CONTEMPT_EVIDENCE>
    <EMOTION_PRIMARY_CONTEMPT_INTENSITY>0.025996238</EMOTION_PRIMARY_CONTEMPT_INTENSITY>
    <EMOTION_PRIMARY_DISGUST_EVIDENCE>-1</EMOTION_PRIMARY_DISGUST_EVIDENCE>
    <EMOTION_PRIMARY_DISGUST_INTENSITY>0.00295017939</EMOTION_PRIMARY_DISGUST_INTENSITY>
    <EMOTION_PRIMARY_FEAR_EVIDENCE>-1</EMOTION_PRIMARY_FEAR_EVIDENCE>
    <EMOTION_PRIMARY_FEAR_INTENSITY>0.00205656653</EMOTION_PRIMARY_FEAR_INTENSITY>
    <EMOTION_PRIMARY_JOY_EVIDENCE>0</EMOTION_PRIMARY_JOY_EVIDENCE>
    <EMOTION_PRIMARY_JOY_INTENSITY>0.293275058</EMOTION_PRIMARY_JOY_INTENSITY>
    <EMOTION_PRIMARY_SADNESS_EVIDENCE>-2</EMOTION_PRIMARY_SADNESS_EVIDENCE>
    <EMOTION_PRIMARY_SADNESS_INTENSITY>0.00012311156</EMOTION_PRIMARY_SADNESS_INTENSITY>
    <EMOTION_PRIMARY_SURPRISE_EVIDENCE>-1</EMOTION_PRIMARY_SURPRISE_EVIDENCE>
    <EMOTION_PRIMARY_SURPRISE_INTENSITY>0.0177474748</EMOTION_PRIMARY_SURPRISE_INTENSITY>
    <EMOTION_SENTIMENT_NEGATIVE_EVIDENCE>-1</EMOTION_SENTIMENT_NEGATIVE_EVIDENCE>
    <EMOTION_SENTIMENT_NEGATIVE_INTENSITY>0.0161379613</EMOTION_SENTIMENT_NEGATIVE_INTENSITY>
    <EMOTION_SENTIMENT_POSITIVE_EVIDENCE>1</EMOTION_SENTIMENT_POSITIVE_EVIDENCE>
    <EMOTION_SENTIMENT_POSITIVE_INTENSITY>0.6029771</EMOTION_SENTIMENT_POSITIVE_INTENSITY>
    <EMOTION_SENTIMENT_NEUTRAL_EVIDENCE>0</EMOTION_SENTIMENT_NEUTRAL_EVIDENCE>
    <EMOTION_SENTIMENT_NEUTRAL_INTENSITY>0.387929</EMOTION_SENTIMENT_NEUTRAL_INTENSITY>
  </DATA>
  <DATA>
    <TimeStamp>11453</TimeStamp>
    <NumFaces>1</NumFaces>
    <Pulse>100</Pulse>
    <EXPRESSION_BROW_RAISER_LEFT>0</EXPRESSION_BROW_RAISER_LEFT>
    <EXPRESSION_BROW_RAISER_RIGHT>0</EXPRESSION_BROW_RAISER_RIGHT>
    <EXPRESSION_BROW_LOWERER_LEFT>87</EXPRESSION_BROW_LOWERER_LEFT>
    <EXPRESSION_BROW_LOWERER_RIGHT>0</EXPRESSION_BROW_LOWERER_RIGHT>
    <EXPRESSION_SMILE>0</EXPRESSION_SMILE>
    <EXPRESSION_KISS>0</EXPRESSION_KISS>
    <EXPRESSION_MOUTH_OPEN>0</EXPRESSION_MOUTH_OPEN>
    <EXPRESSION_EYES_CLOSED_LEFT>0</EXPRESSION_EYES_CLOSED_LEFT>
    <EXPRESSION_EYES_CLOSED_RIGHT>0</EXPRESSION_EYES_CLOSED_RIGHT>
    <EXPRESSION_EYES_TURN_LEFT>0</EXPRESSION_EYES_TURN_LEFT>
    <EXPRESSION_EYES_TURN_RIGHT>0</EXPRESSION_EYES_TURN_RIGHT>
    <EXPRESSION_EYES_UP>100</EXPRESSION_EYES_UP>
    <EXPRESSION_EYES_DOWN>0</EXPRESSION_EYES_DOWN>
    <EMOTION_PRIMARY_ANGER_EVIDENCE>0</EMOTION_PRIMARY_ANGER_EVIDENCE>
    <EMOTION_PRIMARY_ANGER_INTENSITY>0.08520082</EMOTION_PRIMARY_ANGER_INTENSITY>
    <EMOTION_PRIMARY_CONTEMPT_EVIDENCE>-1</EMOTION_PRIMARY_CONTEMPT_EVIDENCE>
    <EMOTION_PRIMARY_CONTEMPT_INTENSITY>0.0129419826</EMOTION_PRIMARY_CONTEMPT_INTENSITY>
    <EMOTION_PRIMARY_DISGUST_EVIDENCE>-1</EMOTION_PRIMARY_DISGUST_EVIDENCE>
    <EMOTION_PRIMARY_DISGUST_INTENSITY>0.0032223342</EMOTION_PRIMARY_DISGUST_INTENSITY>
    <EMOTION_PRIMARY_FEAR_EVIDENCE>-1</EMOTION_PRIMARY_FEAR_EVIDENCE>
    <EMOTION_PRIMARY_FEAR_INTENSITY>0.0009695562</EMOTION_PRIMARY_FEAR_INTENSITY>
    <EMOTION_PRIMARY_JOY_EVIDENCE>0</EMOTION_PRIMARY_JOY_EVIDENCE>
    <EMOTION_PRIMARY_JOY_INTENSITY>0.436185</EMOTION_PRIMARY_JOY_INTENSITY>
    <EMOTION_PRIMARY_SADNESS_EVIDENCE>-2</EMOTION_PRIMARY_SADNESS_EVIDENCE>
    <EMOTION_PRIMARY_SADNESS_INTENSITY>0.000173953435</EMOTION_PRIMARY_SADNESS_INTENSITY>
    <EMOTION_PRIMARY_SURPRISE_EVIDENCE>-1</EMOTION_PRIMARY_SURPRISE_EVIDENCE>
    <EMOTION_PRIMARY_SURPRISE_INTENSITY>0.0110696414</EMOTION_PRIMARY_SURPRISE_INTENSITY>
    <EMOTION_SENTIMENT_NEGATIVE_EVIDENCE>-1</EMOTION_SENTIMENT_NEGATIVE_EVIDENCE>
    <EMOTION_SENTIMENT_NEGATIVE_INTENSITY>0.017722806</EMOTION_SENTIMENT_NEGATIVE_INTENSITY>
    <EMOTION_SENTIMENT_POSITIVE_EVIDENCE>1</EMOTION_SENTIMENT_POSITIVE_EVIDENCE>
    <EMOTION_SENTIMENT_POSITIVE_INTENSITY>0.7186694</EMOTION_SENTIMENT_POSITIVE_INTENSITY>
    <EMOTION_SENTIMENT_NEUTRAL_EVIDENCE>0</EMOTION_SENTIMENT_NEUTRAL_EVIDENCE>
    <EMOTION_SENTIMENT_NEUTRAL_INTENSITY>0.25383845</EMOTION_SENTIMENT_NEUTRAL_INTENSITY>
  </DATA>
  <DATA>
    <TimeStamp>11675</TimeStamp>
    <NumFaces>1</NumFaces>
    <Pulse>100</Pulse>
    <EXPRESSION_BROW_RAISER_LEFT>0</EXPRESSION_BROW_RAISER_LEFT>
    <EXPRESSION_BROW_RAISER_RIGHT>0</EXPRESSION_BROW_RAISER_RIGHT>
    <EXPRESSION_BROW_LOWERER_LEFT>100</EXPRESSION_BROW_LOWERER_LEFT>
    <EXPRESSION_BROW_LOWERER_RIGHT>63</EXPRESSION_BROW_LOWERER_RIGHT>
    <EXPRESSION_SMILE>0</EXPRESSION_SMILE>
    <EXPRESSION_KISS>0</EXPRESSION_KISS>
    <EXPRESSION_MOUTH_OPEN>0</EXPRESSION_MOUTH_OPEN>
    <EXPRESSION_EYES_CLOSED_LEFT>0</EXPRESSION_EYES_CLOSED_LEFT>
    <EXPRESSION_EYES_CLOSED_RIGHT>0</EXPRESSION_EYES_CLOSED_RIGHT>
    <EXPRESSION_EYES_TURN_LEFT>0</EXPRESSION_EYES_TURN_LEFT>
    <EXPRESSION_EYES_TURN_RIGHT>0</EXPRESSION_EYES_TURN_RIGHT>
    <EXPRESSION_EYES_UP>0</EXPRESSION_EYES_UP>
    <EXPRESSION_EYES_DOWN>0</EXPRESSION_EYES_DOWN>
    <EMOTION_PRIMARY_ANGER_EVIDENCE>0</EMOTION_PRIMARY_ANGER_EVIDENCE>
    <EMOTION_PRIMARY_ANGER_INTENSITY>0.0438916236</EMOTION_PRIMARY_ANGER_INTENSITY>
    <EMOTION_PRIMARY_CONTEMPT_EVIDENCE>-1</EMOTION_PRIMARY_CONTEMPT_EVIDENCE>
    <EMOTION_PRIMARY_CONTEMPT_INTENSITY>0.0170562211</EMOTION_PRIMARY_CONTEMPT_INTENSITY>
    <EMOTION_PRIMARY_DISGUST_EVIDENCE>-1</EMOTION_PRIMARY_DISGUST_EVIDENCE>
    <EMOTION_PRIMARY_DISGUST_INTENSITY>0.0025192867</EMOTION_PRIMARY_DISGUST_INTENSITY>
    <EMOTION_PRIMARY_FEAR_EVIDENCE>-1</EMOTION_PRIMARY_FEAR_EVIDENCE>
    <EMOTION_PRIMARY_FEAR_INTENSITY>0.00113559014</EMOTION_PRIMARY_FEAR_INTENSITY>
    <EMOTION_PRIMARY_JOY_EVIDENCE>0</EMOTION_PRIMARY_JOY_EVIDENCE>
    <EMOTION_PRIMARY_JOY_INTENSITY>0.290038168</EMOTION_PRIMARY_JOY_INTENSITY>
    <EMOTION_PRIMARY_SADNESS_EVIDENCE>-2</EMOTION_PRIMARY_SADNESS_EVIDENCE>
    <EMOTION_PRIMARY_SADNESS_INTENSITY>0.000165762758</EMOTION_PRIMARY_SADNESS_INTENSITY>
    <EMOTION_PRIMARY_SURPRISE_EVIDENCE>-1</EMOTION_PRIMARY_SURPRISE_EVIDENCE>
    <EMOTION_PRIMARY_SURPRISE_INTENSITY>0.0133179883</EMOTION_PRIMARY_SURPRISE_INTENSITY>
    <EMOTION_SENTIMENT_NEGATIVE_EVIDENCE>-1</EMOTION_SENTIMENT_NEGATIVE_EVIDENCE>
    <EMOTION_SENTIMENT_NEGATIVE_INTENSITY>0.0163842961</EMOTION_SENTIMENT_NEGATIVE_INTENSITY>
    <EMOTION_SENTIMENT_POSITIVE_EVIDENCE>1</EMOTION_SENTIMENT_POSITIVE_EVIDENCE>
    <EMOTION_SENTIMENT_POSITIVE_INTENSITY>0.6384328</EMOTION_SENTIMENT_POSITIVE_INTENSITY>
    <EMOTION_SENTIMENT_NEUTRAL_EVIDENCE>0</EMOTION_SENTIMENT_NEUTRAL_EVIDENCE>
    <EMOTION_SENTIMENT_NEUTRAL_INTENSITY>0.224107742</EMOTION_SENTIMENT_NEUTRAL_INTENSITY>
  </DATA>
  <DATA>
    <TimeStamp>11876</TimeStamp>
    <NumFaces>1</NumFaces>
    <Pulse>100</Pulse>
    <EXPRESSION_BROW_RAISER_LEFT>0</EXPRESSION_BROW_RAISER_LEFT>
    <EXPRESSION_BROW_RAISER_RIGHT>0</EXPRESSION_BROW_RAISER_RIGHT>
    <EXPRESSION_BROW_LOWERER_LEFT>100</EXPRESSION_BROW_LOWERER_LEFT>
    <EXPRESSION_BROW_LOWERER_RIGHT>0</EXPRESSION_BROW_LOWERER_RIGHT>
    <EXPRESSION_SMILE>0</EXPRESSION_SMILE>
    <EXPRESSION_KISS>0</EXPRESSION_KISS>
    <EXPRESSION_MOUTH_OPEN>0</EXPRESSION_MOUTH_OPEN>
    <EXPRESSION_EYES_CLOSED_LEFT>0</EXPRESSION_EYES_CLOSED_LEFT>
    <EXPRESSION_EYES_CLOSED_RIGHT>0</EXPRESSION_EYES_CLOSED_RIGHT>
    <EXPRESSION_EYES_TURN_LEFT>0</EXPRESSION_EYES_TURN_LEFT>
    <EXPRESSION_EYES_TURN_RIGHT>0</EXPRESSION_EYES_TURN_RIGHT>
    <EXPRESSION_EYES_UP>0</EXPRESSION_EYES_UP>
    <EXPRESSION_EYES_DOWN>0</EXPRESSION_EYES_DOWN>
    <EMOTION_PRIMARY_ANGER_EVIDENCE>0</EMOTION_PRIMARY_ANGER_EVIDENCE>
    <EMOTION_PRIMARY_ANGER_INTENSITY>0.04007219</EMOTION_PRIMARY_ANGER_INTENSITY>
    <EMOTION_PRIMARY_CONTEMPT_EVIDENCE>-1</EMOTION_PRIMARY_CONTEMPT_EVIDENCE>
    <EMOTION_PRIMARY_CONTEMPT_INTENSITY>0.0109767783</EMOTION_PRIMARY_CONTEMPT_INTENSITY>
    <EMOTION_PRIMARY_DISGUST_EVIDENCE>-1</EMOTION_PRIMARY_DISGUST_EVIDENCE>
    <EMOTION_PRIMARY_DISGUST_INTENSITY>0.0017001424</EMOTION_PRIMARY_DISGUST_INTENSITY>
    <EMOTION_PRIMARY_FEAR_EVIDENCE>-1</EMOTION_PRIMARY_FEAR_EVIDENCE>
    <EMOTION_PRIMARY_FEAR_INTENSITY>0.00170669693</EMOTION_PRIMARY_FEAR_INTENSITY>
    <EMOTION_PRIMARY_JOY_EVIDENCE>0</EMOTION_PRIMARY_JOY_EVIDENCE>
    <EMOTION_PRIMARY_JOY_INTENSITY>0.164407313</EMOTION_PRIMARY_JOY_INTENSITY>
    <EMOTION_PRIMARY_SADNESS_EVIDENCE>-1</EMOTION_PRIMARY_SADNESS_EVIDENCE>
    <EMOTION_PRIMARY_SADNESS_INTENSITY>0.000328317081</EMOTION_PRIMARY_SADNESS_INTENSITY>
    <EMOTION_PRIMARY_SURPRISE_EVIDENCE>-1</EMOTION_PRIMARY_SURPRISE_EVIDENCE>
    <EMOTION_PRIMARY_SURPRISE_INTENSITY>0.01725663</EMOTION_PRIMARY_SURPRISE_INTENSITY>
    <EMOTION_SENTIMENT_NEGATIVE_EVIDENCE>-1</EMOTION_SENTIMENT_NEGATIVE_EVIDENCE>
    <EMOTION_SENTIMENT_NEGATIVE_INTENSITY>0.017592201</EMOTION_SENTIMENT_NEGATIVE_INTENSITY>
    <EMOTION_SENTIMENT_POSITIVE_EVIDENCE>1</EMOTION_SENTIMENT_POSITIVE_EVIDENCE>
    <EMOTION_SENTIMENT_POSITIVE_INTENSITY>0.541123</EMOTION_SENTIMENT_POSITIVE_INTENSITY>
    <EMOTION_SENTIMENT_NEUTRAL_EVIDENCE>0</EMOTION_SENTIMENT_NEUTRAL_EVIDENCE>
    <EMOTION_SENTIMENT_NEUTRAL_INTENSITY>0.217112809</EMOTION_SENTIMENT_NEUTRAL_INTENSITY>
  </DATA>
  <DATA>
    <TimeStamp>12076</TimeStamp>
    <NumFaces>1</NumFaces>
    <Pulse>100</Pulse>
    <EXPRESSION_BROW_RAISER_LEFT>0</EXPRESSION_BROW_RAISER_LEFT>
    <EXPRESSION_BROW_RAISER_RIGHT>0</EXPRESSION_BROW_RAISER_RIGHT>
    <EXPRESSION_BROW_LOWERER_LEFT>100</EXPRESSION_BROW_LOWERER_LEFT>
    <EXPRESSION_BROW_LOWERER_RIGHT>0</EXPRESSION_BROW_LOWERER_RIGHT>
    <EXPRESSION_SMILE>0</EXPRESSION_SMILE>
    <EXPRESSION_KISS>0</EXPRESSION_KISS>
    <EXPRESSION_MOUTH_OPEN>0</EXPRESSION_MOUTH_OPEN>
    <EXPRESSION_EYES_CLOSED_LEFT>100</EXPRESSION_EYES_CLOSED_LEFT>
    <EXPRESSION_EYES_CLOSED_RIGHT>100</EXPRESSION_EYES_CLOSED_RIGHT>
    <EXPRESSION_EYES_TURN_LEFT>0</EXPRESSION_EYES_TURN_LEFT>
    <EXPRESSION_EYES_TURN_RIGHT>0</EXPRESSION_EYES_TURN_RIGHT>
    <EXPRESSION_EYES_UP>0</EXPRESSION_EYES_UP>
    <EXPRESSION_EYES_DOWN>100</EXPRESSION_EYES_DOWN>
    <EMOTION_PRIMARY_ANGER_EVIDENCE>0</EMOTION_PRIMARY_ANGER_EVIDENCE>
    <EMOTION_PRIMARY_ANGER_INTENSITY>0.168681875</EMOTION_PRIMARY_ANGER_INTENSITY>
    <EMOTION_PRIMARY_CONTEMPT_EVIDENCE>0</EMOTION_PRIMARY_CONTEMPT_EVIDENCE>
    <EMOTION_PRIMARY_CONTEMPT_INTENSITY>0.0212407671</EMOTION_PRIMARY_CONTEMPT_INTENSITY>
    <EMOTION_PRIMARY_DISGUST_EVIDENCE>-1</EMOTION_PRIMARY_DISGUST_EVIDENCE>
    <EMOTION_PRIMARY_DISGUST_INTENSITY>0.00276520848</EMOTION_PRIMARY_DISGUST_INTENSITY>
    <EMOTION_PRIMARY_FEAR_EVIDENCE>-1</EMOTION_PRIMARY_FEAR_EVIDENCE>
    <EMOTION_PRIMARY_FEAR_INTENSITY>0.00236609788</EMOTION_PRIMARY_FEAR_INTENSITY>
    <EMOTION_PRIMARY_JOY_EVIDENCE>0</EMOTION_PRIMARY_JOY_EVIDENCE>
    <EMOTION_PRIMARY_JOY_INTENSITY>0.247571036</EMOTION_PRIMARY_JOY_INTENSITY>
    <EMOTION_PRIMARY_SADNESS_EVIDENCE>-1</EMOTION_PRIMARY_SADNESS_EVIDENCE>
    <EMOTION_PRIMARY_SADNESS_INTENSITY>0.007018337</EMOTION_PRIMARY_SADNESS_INTENSITY>
    <EMOTION_PRIMARY_SURPRISE_EVIDENCE>0</EMOTION_PRIMARY_SURPRISE_EVIDENCE>
    <EMOTION_PRIMARY_SURPRISE_INTENSITY>0.1046437</EMOTION_PRIMARY_SURPRISE_INTENSITY>
    <EMOTION_SENTIMENT_NEGATIVE_EVIDENCE>0</EMOTION_SENTIMENT_NEGATIVE_EVIDENCE>
    <EMOTION_SENTIMENT_NEGATIVE_INTENSITY>0.09862916</EMOTION_SENTIMENT_NEGATIVE_INTENSITY>
    <EMOTION_SENTIMENT_POSITIVE_EVIDENCE>0</EMOTION_SENTIMENT_POSITIVE_EVIDENCE>
    <EMOTION_SENTIMENT_POSITIVE_INTENSITY>0.5354894</EMOTION_SENTIMENT_POSITIVE_INTENSITY>
    <EMOTION_SENTIMENT_NEUTRAL_EVIDENCE>-1</EMOTION_SENTIMENT_NEUTRAL_EVIDENCE>
    <EMOTION_SENTIMENT_NEUTRAL_INTENSITY>0.0146697555</EMOTION_SENTIMENT_NEUTRAL_INTENSITY>
  </DATA>
  <DATA>
    <TimeStamp>12276</TimeStamp>
    <NumFaces>1</NumFaces>
    <Pulse>100</Pulse>
    <EXPRESSION_BROW_RAISER_LEFT>0</EXPRESSION_BROW_RAISER_LEFT>
    <EXPRESSION_BROW_RAISER_RIGHT>0</EXPRESSION_BROW_RAISER_RIGHT>
    <EXPRESSION_BROW_LOWERER_LEFT>100</EXPRESSION_BROW_LOWERER_LEFT>
    <EXPRESSION_BROW_LOWERER_RIGHT>0</EXPRESSION_BROW_LOWERER_RIGHT>
    <EXPRESSION_SMILE>0</EXPRESSION_SMILE>
    <EXPRESSION_KISS>0</EXPRESSION_KISS>
    <EXPRESSION_MOUTH_OPEN>0</EXPRESSION_MOUTH_OPEN>
    <EXPRESSION_EYES_CLOSED_LEFT>100</EXPRESSION_EYES_CLOSED_LEFT>
    <EXPRESSION_EYES_CLOSED_RIGHT>100</EXPRESSION_EYES_CLOSED_RIGHT>
    <EXPRESSION_EYES_TURN_LEFT>0</EXPRESSION_EYES_TURN_LEFT>
    <EXPRESSION_EYES_TURN_RIGHT>0</EXPRESSION_EYES_TURN_RIGHT>
    <EXPRESSION_EYES_UP>0</EXPRESSION_EYES_UP>
    <EXPRESSION_EYES_DOWN>100</EXPRESSION_EYES_DOWN>
    <EMOTION_PRIMARY_ANGER_EVIDENCE>0</EMOTION_PRIMARY_ANGER_EVIDENCE>
    <EMOTION_PRIMARY_ANGER_INTENSITY>0.104245126</EMOTION_PRIMARY_ANGER_INTENSITY>
    <EMOTION_PRIMARY_CONTEMPT_EVIDENCE>0</EMOTION_PRIMARY_CONTEMPT_EVIDENCE>
    <EMOTION_PRIMARY_CONTEMPT_INTENSITY>0.0728201345</EMOTION_PRIMARY_CONTEMPT_INTENSITY>
    <EMOTION_PRIMARY_DISGUST_EVIDENCE>-1</EMOTION_PRIMARY_DISGUST_EVIDENCE>
    <EMOTION_PRIMARY_DISGUST_INTENSITY>0.009256603</EMOTION_PRIMARY_DISGUST_INTENSITY>
    <EMOTION_PRIMARY_FEAR_EVIDENCE>-1</EMOTION_PRIMARY_FEAR_EVIDENCE>
    <EMOTION_PRIMARY_FEAR_INTENSITY>0.00206826767</EMOTION_PRIMARY_FEAR_INTENSITY>
    <EMOTION_PRIMARY_JOY_EVIDENCE>0</EMOTION_PRIMARY_JOY_EVIDENCE>
    <EMOTION_PRIMARY_JOY_INTENSITY>0.357942939</EMOTION_PRIMARY_JOY_INTENSITY>
    <EMOTION_PRIMARY_SADNESS_EVIDENCE>-1</EMOTION_PRIMARY_SADNESS_EVIDENCE>
    <EMOTION_PRIMARY_SADNESS_INTENSITY>0.00483270362</EMOTION_PRIMARY_SADNESS_INTENSITY>
    <EMOTION_PRIMARY_SURPRISE_EVIDENCE>-1</EMOTION_PRIMARY_SURPRISE_EVIDENCE>
    <EMOTION_PRIMARY_SURPRISE_INTENSITY>0.0150513509</EMOTION_PRIMARY_SURPRISE_INTENSITY>
    <EMOTION_SENTIMENT_NEGATIVE_EVIDENCE>0</EMOTION_SENTIMENT_NEGATIVE_EVIDENCE>
    <EMOTION_SENTIMENT_NEGATIVE_INTENSITY>0.300174773</EMOTION_SENTIMENT_NEGATIVE_INTENSITY>
    <EMOTION_SENTIMENT_POSITIVE_EVIDENCE>0</EMOTION_SENTIMENT_POSITIVE_EVIDENCE>
    <EMOTION_SENTIMENT_POSITIVE_INTENSITY>0.5096149</EMOTION_SENTIMENT_POSITIVE_INTENSITY>
    <EMOTION_SENTIMENT_NEUTRAL_EVIDENCE>-2</EMOTION_SENTIMENT_NEUTRAL_EVIDENCE>
    <EMOTION_SENTIMENT_NEUTRAL_INTENSITY>0.008172096</EMOTION_SENTIMENT_NEUTRAL_INTENSITY>
  </DATA>
  <DATA>
    <TimeStamp>12476</TimeStamp>
    <NumFaces>1</NumFaces>
    <Pulse>100</Pulse>
    <EXPRESSION_BROW_RAISER_LEFT>0</EXPRESSION_BROW_RAISER_LEFT>
    <EXPRESSION_BROW_RAISER_RIGHT>0</EXPRESSION_BROW_RAISER_RIGHT>
    <EXPRESSION_BROW_LOWERER_LEFT>66</EXPRESSION_BROW_LOWERER_LEFT>
    <EXPRESSION_BROW_LOWERER_RIGHT>0</EXPRESSION_BROW_LOWERER_RIGHT>
    <EXPRESSION_SMILE>0</EXPRESSION_SMILE>
    <EXPRESSION_KISS>0</EXPRESSION_KISS>
    <EXPRESSION_MOUTH_OPEN>0</EXPRESSION_MOUTH_OPEN>
    <EXPRESSION_EYES_CLOSED_LEFT>100</EXPRESSION_EYES_CLOSED_LEFT>
    <EXPRESSION_EYES_CLOSED_RIGHT>100</EXPRESSION_EYES_CLOSED_RIGHT>
    <EXPRESSION_EYES_TURN_LEFT>0</EXPRESSION_EYES_TURN_LEFT>
    <EXPRESSION_EYES_TURN_RIGHT>0</EXPRESSION_EYES_TURN_RIGHT>
    <EXPRESSION_EYES_UP>0</EXPRESSION_EYES_UP>
    <EXPRESSION_EYES_DOWN>100</EXPRESSION_EYES_DOWN>
    <EMOTION_PRIMARY_ANGER_EVIDENCE>0</EMOTION_PRIMARY_ANGER_EVIDENCE>
    <EMOTION_PRIMARY_ANGER_INTENSITY>0.125372663</EMOTION_PRIMARY_ANGER_INTENSITY>
    <EMOTION_PRIMARY_CONTEMPT_EVIDENCE>-1</EMOTION_PRIMARY_CONTEMPT_EVIDENCE>
    <EMOTION_PRIMARY_CONTEMPT_INTENSITY>0.0104094232</EMOTION_PRIMARY_CONTEMPT_INTENSITY>
    <EMOTION_PRIMARY_DISGUST_EVIDENCE>-2</EMOTION_PRIMARY_DISGUST_EVIDENCE>
    <EMOTION_PRIMARY_DISGUST_INTENSITY>0.00121912733</EMOTION_PRIMARY_DISGUST_INTENSITY>
    <EMOTION_PRIMARY_FEAR_EVIDENCE>-1</EMOTION_PRIMARY_FEAR_EVIDENCE>
    <EMOTION_PRIMARY_FEAR_INTENSITY>0.00105607056</EMOTION_PRIMARY_FEAR_INTENSITY>
    <EMOTION_PRIMARY_JOY_EVIDENCE>0</EMOTION_PRIMARY_JOY_EVIDENCE>
    <EMOTION_PRIMARY_JOY_INTENSITY>0.3672229</EMOTION_PRIMARY_JOY_INTENSITY>
    <EMOTION_PRIMARY_SADNESS_EVIDENCE>0</EMOTION_PRIMARY_SADNESS_EVIDENCE>
    <EMOTION_PRIMARY_SADNESS_INTENSITY>0.008827192</EMOTION_PRIMARY_SADNESS_INTENSITY>
    <EMOTION_PRIMARY_SURPRISE_EVIDENCE>0</EMOTION_PRIMARY_SURPRISE_EVIDENCE>
    <EMOTION_PRIMARY_SURPRISE_INTENSITY>0.07510542</EMOTION_PRIMARY_SURPRISE_INTENSITY>
    <EMOTION_SENTIMENT_NEGATIVE_EVIDENCE>-1</EMOTION_SENTIMENT_NEGATIVE_EVIDENCE>
    <EMOTION_SENTIMENT_NEGATIVE_INTENSITY>0.05769528</EMOTION_SENTIMENT_NEGATIVE_INTENSITY>
    <EMOTION_SENTIMENT_POSITIVE_EVIDENCE>1</EMOTION_SENTIMENT_POSITIVE_EVIDENCE>
    <EMOTION_SENTIMENT_POSITIVE_INTENSITY>0.6959139</EMOTION_SENTIMENT_POSITIVE_INTENSITY>
    <EMOTION_SENTIMENT_NEUTRAL_EVIDENCE>-1</EMOTION_SENTIMENT_NEUTRAL_EVIDENCE>
    <EMOTION_SENTIMENT_NEUTRAL_INTENSITY>0.0124346027</EMOTION_SENTIMENT_NEUTRAL_INTENSITY>
  </DATA>
  <DATA>
    <TimeStamp>12677</TimeStamp>
    <NumFaces>1</NumFaces>
    <Pulse>100</Pulse>
    <EXPRESSION_BROW_RAISER_LEFT>0</EXPRESSION_BROW_RAISER_LEFT>
    <EXPRESSION_BROW_RAISER_RIGHT>0</EXPRESSION_BROW_RAISER_RIGHT>
    <EXPRESSION_BROW_LOWERER_LEFT>100</EXPRESSION_BROW_LOWERER_LEFT>
    <EXPRESSION_BROW_LOWERER_RIGHT>0</EXPRESSION_BROW_LOWERER_RIGHT>
    <EXPRESSION_SMILE>0</EXPRESSION_SMILE>
    <EXPRESSION_KISS>0</EXPRESSION_KISS>
    <EXPRESSION_MOUTH_OPEN>0</EXPRESSION_MOUTH_OPEN>
    <EXPRESSION_EYES_CLOSED_LEFT>0</EXPRESSION_EYES_CLOSED_LEFT>
    <EXPRESSION_EYES_CLOSED_RIGHT>0</EXPRESSION_EYES_CLOSED_RIGHT>
    <EXPRESSION_EYES_TURN_LEFT>100</EXPRESSION_EYES_TURN_LEFT>
    <EXPRESSION_EYES_TURN_RIGHT>0</EXPRESSION_EYES_TURN_RIGHT>
    <EXPRESSION_EYES_UP>0</EXPRESSION_EYES_UP>
    <EXPRESSION_EYES_DOWN>0</EXPRESSION_EYES_DOWN>
    <EMOTION_PRIMARY_ANGER_EVIDENCE>0</EMOTION_PRIMARY_ANGER_EVIDENCE>
    <EMOTION_PRIMARY_ANGER_INTENSITY>0.313720942</EMOTION_PRIMARY_ANGER_INTENSITY>
    <EMOTION_PRIMARY_CONTEMPT_EVIDENCE>0</EMOTION_PRIMARY_CONTEMPT_EVIDENCE>
    <EMOTION_PRIMARY_CONTEMPT_INTENSITY>0.08981957</EMOTION_PRIMARY_CONTEMPT_INTENSITY>
    <EMOTION_PRIMARY_DISGUST_EVIDENCE>-1</EMOTION_PRIMARY_DISGUST_EVIDENCE>
    <EMOTION_PRIMARY_DISGUST_INTENSITY>0.003965994</EMOTION_PRIMARY_DISGUST_INTENSITY>
    <EMOTION_PRIMARY_FEAR_EVIDENCE>-1</EMOTION_PRIMARY_FEAR_EVIDENCE>
    <EMOTION_PRIMARY_FEAR_INTENSITY>0.00211798074</EMOTION_PRIMARY_FEAR_INTENSITY>
    <EMOTION_PRIMARY_JOY_EVIDENCE>0</EMOTION_PRIMARY_JOY_EVIDENCE>
    <EMOTION_PRIMARY_JOY_INTENSITY>0.12900354</EMOTION_PRIMARY_JOY_INTENSITY>
    <EMOTION_PRIMARY_SADNESS_EVIDENCE>-1</EMOTION_PRIMARY_SADNESS_EVIDENCE>
    <EMOTION_PRIMARY_SADNESS_INTENSITY>0.003242642</EMOTION_PRIMARY_SADNESS_INTENSITY>
    <EMOTION_PRIMARY_SURPRISE_EVIDENCE>0</EMOTION_PRIMARY_SURPRISE_EVIDENCE>
    <EMOTION_PRIMARY_SURPRISE_INTENSITY>0.0557336</EMOTION_PRIMARY_SURPRISE_INTENSITY>
    <EMOTION_SENTIMENT_NEGATIVE_EVIDENCE>0</EMOTION_SENTIMENT_NEGATIVE_EVIDENCE>
    <EMOTION_SENTIMENT_NEGATIVE_INTENSITY>0.07672127</EMOTION_SENTIMENT_NEGATIVE_INTENSITY>
    <EMOTION_SENTIMENT_POSITIVE_EVIDENCE>0</EMOTION_SENTIMENT_POSITIVE_EVIDENCE>
    <EMOTION_SENTIMENT_POSITIVE_INTENSITY>0.38167128</EMOTION_SENTIMENT_POSITIVE_INTENSITY>
    <EMOTION_SENTIMENT_NEUTRAL_EVIDENCE>0</EMOTION_SENTIMENT_NEUTRAL_EVIDENCE>
    <EMOTION_SENTIMENT_NEUTRAL_INTENSITY>0.1272298</EMOTION_SENTIMENT_NEUTRAL_INTENSITY>
  </DATA>
  <DATA>
    <TimeStamp>12878</TimeStamp>
    <NumFaces>1</NumFaces>
    <Pulse>100</Pulse>
    <EXPRESSION_BROW_RAISER_LEFT>0</EXPRESSION_BROW_RAISER_LEFT>
    <EXPRESSION_BROW_RAISER_RIGHT>0</EXPRESSION_BROW_RAISER_RIGHT>
    <EXPRESSION_BROW_LOWERER_LEFT>100</EXPRESSION_BROW_LOWERER_LEFT>
    <EXPRESSION_BROW_LOWERER_RIGHT>0</EXPRESSION_BROW_LOWERER_RIGHT>
    <EXPRESSION_SMILE>0</EXPRESSION_SMILE>
    <EXPRESSION_KISS>0</EXPRESSION_KISS>
    <EXPRESSION_MOUTH_OPEN>0</EXPRESSION_MOUTH_OPEN>
    <EXPRESSION_EYES_CLOSED_LEFT>0</EXPRESSION_EYES_CLOSED_LEFT>
    <EXPRESSION_EYES_CLOSED_RIGHT>0</EXPRESSION_EYES_CLOSED_RIGHT>
    <EXPRESSION_EYES_TURN_LEFT>100</EXPRESSION_EYES_TURN_LEFT>
    <EXPRESSION_EYES_TURN_RIGHT>0</EXPRESSION_EYES_TURN_RIGHT>
    <EXPRESSION_EYES_UP>0</EXPRESSION_EYES_UP>
    <EXPRESSION_EYES_DOWN>0</EXPRESSION_EYES_DOWN>
    <EMOTION_PRIMARY_ANGER_EVIDENCE>0</EMOTION_PRIMARY_ANGER_EVIDENCE>
    <EMOTION_PRIMARY_ANGER_INTENSITY>0.251475424</EMOTION_PRIMARY_ANGER_INTENSITY>
    <EMOTION_PRIMARY_CONTEMPT_EVIDENCE>0</EMOTION_PRIMARY_CONTEMPT_EVIDENCE>
    <EMOTION_PRIMARY_CONTEMPT_INTENSITY>0.0601246879</EMOTION_PRIMARY_CONTEMPT_INTENSITY>
    <EMOTION_PRIMARY_DISGUST_EVIDENCE>-1</EMOTION_PRIMARY_DISGUST_EVIDENCE>
    <EMOTION_PRIMARY_DISGUST_INTENSITY>0.004457307</EMOTION_PRIMARY_DISGUST_INTENSITY>
    <EMOTION_PRIMARY_FEAR_EVIDENCE>-1</EMOTION_PRIMARY_FEAR_EVIDENCE>
    <EMOTION_PRIMARY_FEAR_INTENSITY>0.004630333</EMOTION_PRIMARY_FEAR_INTENSITY>
    <EMOTION_PRIMARY_JOY_EVIDENCE>0</EMOTION_PRIMARY_JOY_EVIDENCE>
    <EMOTION_PRIMARY_JOY_INTENSITY>0.0716559</EMOTION_PRIMARY_JOY_INTENSITY>
    <EMOTION_PRIMARY_SADNESS_EVIDENCE>-1</EMOTION_PRIMARY_SADNESS_EVIDENCE>
    <EMOTION_PRIMARY_SADNESS_INTENSITY>0.0017038876</EMOTION_PRIMARY_SADNESS_INTENSITY>
    <EMOTION_PRIMARY_SURPRISE_EVIDENCE>0</EMOTION_PRIMARY_SURPRISE_EVIDENCE>
    <EMOTION_PRIMARY_SURPRISE_INTENSITY>0.105703913</EMOTION_PRIMARY_SURPRISE_INTENSITY>
    <EMOTION_SENTIMENT_NEGATIVE_EVIDENCE>-1</EMOTION_SENTIMENT_NEGATIVE_EVIDENCE>
    <EMOTION_SENTIMENT_NEGATIVE_INTENSITY>0.05439477</EMOTION_SENTIMENT_NEGATIVE_INTENSITY>
    <EMOTION_SENTIMENT_POSITIVE_EVIDENCE>0</EMOTION_SENTIMENT_POSITIVE_EVIDENCE>
    <EMOTION_SENTIMENT_POSITIVE_INTENSITY>0.302096248</EMOTION_SENTIMENT_POSITIVE_INTENSITY>
    <EMOTION_SENTIMENT_NEUTRAL_EVIDENCE>0</EMOTION_SENTIMENT_NEUTRAL_EVIDENCE>
    <EMOTION_SENTIMENT_NEUTRAL_INTENSITY>0.200840592</EMOTION_SENTIMENT_NEUTRAL_INTENSITY>
  </DATA>
  <DATA>
    <TimeStamp>13079</TimeStamp>
    <NumFaces>1</NumFaces>
    <Pulse>100</Pulse>
    <EXPRESSION_BROW_RAISER_LEFT>0</EXPRESSION_BROW_RAISER_LEFT>
    <EXPRESSION_BROW_RAISER_RIGHT>0</EXPRESSION_BROW_RAISER_RIGHT>
    <EXPRESSION_BROW_LOWERER_LEFT>85</EXPRESSION_BROW_LOWERER_LEFT>
    <EXPRESSION_BROW_LOWERER_RIGHT>0</EXPRESSION_BROW_LOWERER_RIGHT>
    <EXPRESSION_SMILE>0</EXPRESSION_SMILE>
    <EXPRESSION_KISS>0</EXPRESSION_KISS>
    <EXPRESSION_MOUTH_OPEN>0</EXPRESSION_MOUTH_OPEN>
    <EXPRESSION_EYES_CLOSED_LEFT>0</EXPRESSION_EYES_CLOSED_LEFT>
    <EXPRESSION_EYES_CLOSED_RIGHT>0</EXPRESSION_EYES_CLOSED_RIGHT>
    <EXPRESSION_EYES_TURN_LEFT>0</EXPRESSION_EYES_TURN_LEFT>
    <EXPRESSION_EYES_TURN_RIGHT>0</EXPRESSION_EYES_TURN_RIGHT>
    <EXPRESSION_EYES_UP>0</EXPRESSION_EYES_UP>
    <EXPRESSION_EYES_DOWN>0</EXPRESSION_EYES_DOWN>
    <EMOTION_PRIMARY_ANGER_EVIDENCE>0</EMOTION_PRIMARY_ANGER_EVIDENCE>
    <EMOTION_PRIMARY_ANGER_INTENSITY>0.199255228</EMOTION_PRIMARY_ANGER_INTENSITY>
    <EMOTION_PRIMARY_CONTEMPT_EVIDENCE>0</EMOTION_PRIMARY_CONTEMPT_EVIDENCE>
    <EMOTION_PRIMARY_CONTEMPT_INTENSITY>0.029840691</EMOTION_PRIMARY_CONTEMPT_INTENSITY>
    <EMOTION_PRIMARY_DISGUST_EVIDENCE>-2</EMOTION_PRIMARY_DISGUST_EVIDENCE>
    <EMOTION_PRIMARY_DISGUST_INTENSITY>0.00150051841</EMOTION_PRIMARY_DISGUST_INTENSITY>
    <EMOTION_PRIMARY_FEAR_EVIDENCE>-1</EMOTION_PRIMARY_FEAR_EVIDENCE>
    <EMOTION_PRIMARY_FEAR_INTENSITY>0.00217698</EMOTION_PRIMARY_FEAR_INTENSITY>
    <EMOTION_PRIMARY_JOY_EVIDENCE>0</EMOTION_PRIMARY_JOY_EVIDENCE>
    <EMOTION_PRIMARY_JOY_INTENSITY>0.114497341</EMOTION_PRIMARY_JOY_INTENSITY>
    <EMOTION_PRIMARY_SADNESS_EVIDENCE>-1</EMOTION_PRIMARY_SADNESS_EVIDENCE>
    <EMOTION_PRIMARY_SADNESS_INTENSITY>0.00127554</EMOTION_PRIMARY_SADNESS_INTENSITY>
    <EMOTION_PRIMARY_SURPRISE_EVIDENCE>0</EMOTION_PRIMARY_SURPRISE_EVIDENCE>
    <EMOTION_PRIMARY_SURPRISE_INTENSITY>0.05424546</EMOTION_PRIMARY_SURPRISE_INTENSITY>
    <EMOTION_SENTIMENT_NEGATIVE_EVIDENCE>-1</EMOTION_SENTIMENT_NEGATIVE_EVIDENCE>
    <EMOTION_SENTIMENT_NEGATIVE_INTENSITY>0.032674145</EMOTION_SENTIMENT_NEGATIVE_INTENSITY>
    <EMOTION_SENTIMENT_POSITIVE_EVIDENCE>0</EMOTION_SENTIMENT_POSITIVE_EVIDENCE>
    <EMOTION_SENTIMENT_POSITIVE_INTENSITY>0.430057168</EMOTION_SENTIMENT_POSITIVE_INTENSITY>
    <EMOTION_SENTIMENT_NEUTRAL_EVIDENCE>0</EMOTION_SENTIMENT_NEUTRAL_EVIDENCE>
    <EMOTION_SENTIMENT_NEUTRAL_INTENSITY>0.154184476</EMOTION_SENTIMENT_NEUTRAL_INTENSITY>
  </DATA>
  <DATA>
    <TimeStamp>13280</TimeStamp>
    <NumFaces>1</NumFaces>
    <Pulse>100</Pulse>
    <EXPRESSION_BROW_RAISER_LEFT>0</EXPRESSION_BROW_RAISER_LEFT>
    <EXPRESSION_BROW_RAISER_RIGHT>0</EXPRESSION_BROW_RAISER_RIGHT>
    <EXPRESSION_BROW_LOWERER_LEFT>100</EXPRESSION_BROW_LOWERER_LEFT>
    <EXPRESSION_BROW_LOWERER_RIGHT>0</EXPRESSION_BROW_LOWERER_RIGHT>
    <EXPRESSION_SMILE>0</EXPRESSION_SMILE>
    <EXPRESSION_KISS>0</EXPRESSION_KISS>
    <EXPRESSION_MOUTH_OPEN>0</EXPRESSION_MOUTH_OPEN>
    <EXPRESSION_EYES_CLOSED_LEFT>0</EXPRESSION_EYES_CLOSED_LEFT>
    <EXPRESSION_EYES_CLOSED_RIGHT>0</EXPRESSION_EYES_CLOSED_RIGHT>
    <EXPRESSION_EYES_TURN_LEFT>0</EXPRESSION_EYES_TURN_LEFT>
    <EXPRESSION_EYES_TURN_RIGHT>0</EXPRESSION_EYES_TURN_RIGHT>
    <EXPRESSION_EYES_UP>0</EXPRESSION_EYES_UP>
    <EXPRESSION_EYES_DOWN>0</EXPRESSION_EYES_DOWN>
    <EMOTION_PRIMARY_ANGER_EVIDENCE>0</EMOTION_PRIMARY_ANGER_EVIDENCE>
    <EMOTION_PRIMARY_ANGER_INTENSITY>0.185500219</EMOTION_PRIMARY_ANGER_INTENSITY>
    <EMOTION_PRIMARY_CONTEMPT_EVIDENCE>0</EMOTION_PRIMARY_CONTEMPT_EVIDENCE>
    <EMOTION_PRIMARY_CONTEMPT_INTENSITY>0.02482066</EMOTION_PRIMARY_CONTEMPT_INTENSITY>
    <EMOTION_PRIMARY_DISGUST_EVIDENCE>-2</EMOTION_PRIMARY_DISGUST_EVIDENCE>
    <EMOTION_PRIMARY_DISGUST_INTENSITY>0.00137798989</EMOTION_PRIMARY_DISGUST_INTENSITY>
    <EMOTION_PRIMARY_FEAR_EVIDENCE>-1</EMOTION_PRIMARY_FEAR_EVIDENCE>
    <EMOTION_PRIMARY_FEAR_INTENSITY>0.00220296578</EMOTION_PRIMARY_FEAR_INTENSITY>
    <EMOTION_PRIMARY_JOY_EVIDENCE>0</EMOTION_PRIMARY_JOY_EVIDENCE>
    <EMOTION_PRIMARY_JOY_INTENSITY>0.147841975</EMOTION_PRIMARY_JOY_INTENSITY>
    <EMOTION_PRIMARY_SADNESS_EVIDENCE>-1</EMOTION_PRIMARY_SADNESS_EVIDENCE>
    <EMOTION_PRIMARY_SADNESS_INTENSITY>0.00074374635</EMOTION_PRIMARY_SADNESS_INTENSITY>
    <EMOTION_PRIMARY_SURPRISE_EVIDENCE>0</EMOTION_PRIMARY_SURPRISE_EVIDENCE>
    <EMOTION_PRIMARY_SURPRISE_INTENSITY>0.0480252951</EMOTION_PRIMARY_SURPRISE_INTENSITY>
    <EMOTION_SENTIMENT_NEGATIVE_EVIDENCE>-1</EMOTION_SENTIMENT_NEGATIVE_EVIDENCE>
    <EMOTION_SENTIMENT_NEGATIVE_INTENSITY>0.0244577359</EMOTION_SENTIMENT_NEGATIVE_INTENSITY>
    <EMOTION_SENTIMENT_POSITIVE_EVIDENCE>0</EMOTION_SENTIMENT_POSITIVE_EVIDENCE>
    <EMOTION_SENTIMENT_POSITIVE_INTENSITY>0.485259622</EMOTION_SENTIMENT_POSITIVE_INTENSITY>
    <EMOTION_SENTIMENT_NEUTRAL_EVIDENCE>0</EMOTION_SENTIMENT_NEUTRAL_EVIDENCE>
    <EMOTION_SENTIMENT_NEUTRAL_INTENSITY>0.19083257</EMOTION_SENTIMENT_NEUTRAL_INTENSITY>
  </DATA>
  <DATA>
    <TimeStamp>13481</TimeStamp>
    <NumFaces>1</NumFaces>
    <Pulse>100</Pulse>
    <EXPRESSION_BROW_RAISER_LEFT>0</EXPRESSION_BROW_RAISER_LEFT>
    <EXPRESSION_BROW_RAISER_RIGHT>0</EXPRESSION_BROW_RAISER_RIGHT>
    <EXPRESSION_BROW_LOWERER_LEFT>100</EXPRESSION_BROW_LOWERER_LEFT>
    <EXPRESSION_BROW_LOWERER_RIGHT>0</EXPRESSION_BROW_LOWERER_RIGHT>
    <EXPRESSION_SMILE>0</EXPRESSION_SMILE>
    <EXPRESSION_KISS>0</EXPRESSION_KISS>
    <EXPRESSION_MOUTH_OPEN>0</EXPRESSION_MOUTH_OPEN>
    <EXPRESSION_EYES_CLOSED_LEFT>0</EXPRESSION_EYES_CLOSED_LEFT>
    <EXPRESSION_EYES_CLOSED_RIGHT>0</EXPRESSION_EYES_CLOSED_RIGHT>
    <EXPRESSION_EYES_TURN_LEFT>0</EXPRESSION_EYES_TURN_LEFT>
    <EXPRESSION_EYES_TURN_RIGHT>0</EXPRESSION_EYES_TURN_RIGHT>
    <EXPRESSION_EYES_UP>0</EXPRESSION_EYES_UP>
    <EXPRESSION_EYES_DOWN>0</EXPRESSION_EYES_DOWN>
    <EMOTION_PRIMARY_ANGER_EVIDENCE>0</EMOTION_PRIMARY_ANGER_EVIDENCE>
    <EMOTION_PRIMARY_ANGER_INTENSITY>0.147993445</EMOTION_PRIMARY_ANGER_INTENSITY>
    <EMOTION_PRIMARY_CONTEMPT_EVIDENCE>-1</EMOTION_PRIMARY_CONTEMPT_EVIDENCE>
    <EMOTION_PRIMARY_CONTEMPT_INTENSITY>0.0169073921</EMOTION_PRIMARY_CONTEMPT_INTENSITY>
    <EMOTION_PRIMARY_DISGUST_EVIDENCE>-2</EMOTION_PRIMARY_DISGUST_EVIDENCE>
    <EMOTION_PRIMARY_DISGUST_INTENSITY>0.00132198969</EMOTION_PRIMARY_DISGUST_INTENSITY>
    <EMOTION_PRIMARY_FEAR_EVIDENCE>-1</EMOTION_PRIMARY_FEAR_EVIDENCE>
    <EMOTION_PRIMARY_FEAR_INTENSITY>0.00385901146</EMOTION_PRIMARY_FEAR_INTENSITY>
    <EMOTION_PRIMARY_JOY_EVIDENCE>0</EMOTION_PRIMARY_JOY_EVIDENCE>
    <EMOTION_PRIMARY_JOY_INTENSITY>0.115255125</EMOTION_PRIMARY_JOY_INTENSITY>
    <EMOTION_PRIMARY_SADNESS_EVIDENCE>-1</EMOTION_PRIMARY_SADNESS_EVIDENCE>
    <EMOTION_PRIMARY_SADNESS_INTENSITY>0.0006365735</EMOTION_PRIMARY_SADNESS_INTENSITY>
    <EMOTION_PRIMARY_SURPRISE_EVIDENCE>0</EMOTION_PRIMARY_SURPRISE_EVIDENCE>
    <EMOTION_PRIMARY_SURPRISE_INTENSITY>0.03824324</EMOTION_PRIMARY_SURPRISE_INTENSITY>
    <EMOTION_SENTIMENT_NEGATIVE_EVIDENCE>-1</EMOTION_SENTIMENT_NEGATIVE_EVIDENCE>
    <EMOTION_SENTIMENT_NEGATIVE_INTENSITY>0.0300104022</EMOTION_SENTIMENT_NEGATIVE_INTENSITY>
    <EMOTION_SENTIMENT_POSITIVE_EVIDENCE>0</EMOTION_SENTIMENT_POSITIVE_EVIDENCE>
    <EMOTION_SENTIMENT_POSITIVE_INTENSITY>0.426518679</EMOTION_SENTIMENT_POSITIVE_INTENSITY>
    <EMOTION_SENTIMENT_NEUTRAL_EVIDENCE>0</EMOTION_SENTIMENT_NEUTRAL_EVIDENCE>
    <EMOTION_SENTIMENT_NEUTRAL_INTENSITY>0.149270281</EMOTION_SENTIMENT_NEUTRAL_INTENSITY>
  </DATA>
  <DATA>
    <TimeStamp>13682</TimeStamp>
    <NumFaces>1</NumFaces>
    <Pulse>100</Pulse>
    <EXPRESSION_BROW_RAISER_LEFT>0</EXPRESSION_BROW_RAISER_LEFT>
    <EXPRESSION_BROW_RAISER_RIGHT>0</EXPRESSION_BROW_RAISER_RIGHT>
    <EXPRESSION_BROW_LOWERER_LEFT>100</EXPRESSION_BROW_LOWERER_LEFT>
    <EXPRESSION_BROW_LOWERER_RIGHT>0</EXPRESSION_BROW_LOWERER_RIGHT>
    <EXPRESSION_SMILE>0</EXPRESSION_SMILE>
    <EXPRESSION_KISS>0</EXPRESSION_KISS>
    <EXPRESSION_MOUTH_OPEN>0</EXPRESSION_MOUTH_OPEN>
    <EXPRESSION_EYES_CLOSED_LEFT>0</EXPRESSION_EYES_CLOSED_LEFT>
    <EXPRESSION_EYES_CLOSED_RIGHT>0</EXPRESSION_EYES_CLOSED_RIGHT>
    <EXPRESSION_EYES_TURN_LEFT>0</EXPRESSION_EYES_TURN_LEFT>
    <EXPRESSION_EYES_TURN_RIGHT>0</EXPRESSION_EYES_TURN_RIGHT>
    <EXPRESSION_EYES_UP>0</EXPRESSION_EYES_UP>
    <EXPRESSION_EYES_DOWN>0</EXPRESSION_EYES_DOWN>
    <EMOTION_PRIMARY_ANGER_EVIDENCE>0</EMOTION_PRIMARY_ANGER_EVIDENCE>
    <EMOTION_PRIMARY_ANGER_INTENSITY>0.0834635943</EMOTION_PRIMARY_ANGER_INTENSITY>
    <EMOTION_PRIMARY_CONTEMPT_EVIDENCE>0</EMOTION_PRIMARY_CONTEMPT_EVIDENCE>
    <EMOTION_PRIMARY_CONTEMPT_INTENSITY>0.0208629947</EMOTION_PRIMARY_CONTEMPT_INTENSITY>
    <EMOTION_PRIMARY_DISGUST_EVIDENCE>-2</EMOTION_PRIMARY_DISGUST_EVIDENCE>
    <EMOTION_PRIMARY_DISGUST_INTENSITY>0.0008399898</EMOTION_PRIMARY_DISGUST_INTENSITY>
    <EMOTION_PRIMARY_FEAR_EVIDENCE>-1</EMOTION_PRIMARY_FEAR_EVIDENCE>
    <EMOTION_PRIMARY_FEAR_INTENSITY>0.00146819977</EMOTION_PRIMARY_FEAR_INTENSITY>
    <EMOTION_PRIMARY_JOY_EVIDENCE>0</EMOTION_PRIMARY_JOY_EVIDENCE>
    <EMOTION_PRIMARY_JOY_INTENSITY>0.336646527</EMOTION_PRIMARY_JOY_INTENSITY>
    <EMOTION_PRIMARY_SADNESS_EVIDENCE>-1</EMOTION_PRIMARY_SADNESS_EVIDENCE>
    <EMOTION_PRIMARY_SADNESS_INTENSITY>0.0003812424</EMOTION_PRIMARY_SADNESS_INTENSITY>
    <EMOTION_PRIMARY_SURPRISE_EVIDENCE>0</EMOTION_PRIMARY_SURPRISE_EVIDENCE>
    <EMOTION_PRIMARY_SURPRISE_INTENSITY>0.0294258352</EMOTION_PRIMARY_SURPRISE_INTENSITY>
    <EMOTION_SENTIMENT_NEGATIVE_EVIDENCE>-2</EMOTION_SENTIMENT_NEGATIVE_EVIDENCE>
    <EMOTION_SENTIMENT_NEGATIVE_INTENSITY>0.012954819</EMOTION_SENTIMENT_NEGATIVE_INTENSITY>
    <EMOTION_SENTIMENT_POSITIVE_EVIDENCE>1</EMOTION_SENTIMENT_POSITIVE_EVIDENCE>
    <EMOTION_SENTIMENT_POSITIVE_INTENSITY>0.7017426</EMOTION_SENTIMENT_POSITIVE_INTENSITY>
    <EMOTION_SENTIMENT_NEUTRAL_EVIDENCE>0</EMOTION_SENTIMENT_NEUTRAL_EVIDENCE>
    <EMOTION_SENTIMENT_NEUTRAL_INTENSITY>0.17817837</EMOTION_SENTIMENT_NEUTRAL_INTENSITY>
  </DATA>
  <DATA>
    <TimeStamp>13882</TimeStamp>
    <NumFaces>1</NumFaces>
    <Pulse>100</Pulse>
    <EXPRESSION_BROW_RAISER_LEFT>0</EXPRESSION_BROW_RAISER_LEFT>
    <EXPRESSION_BROW_RAISER_RIGHT>0</EXPRESSION_BROW_RAISER_RIGHT>
    <EXPRESSION_BROW_LOWERER_LEFT>100</EXPRESSION_BROW_LOWERER_LEFT>
    <EXPRESSION_BROW_LOWERER_RIGHT>0</EXPRESSION_BROW_LOWERER_RIGHT>
    <EXPRESSION_SMILE>0</EXPRESSION_SMILE>
    <EXPRESSION_KISS>0</EXPRESSION_KISS>
    <EXPRESSION_MOUTH_OPEN>0</EXPRESSION_MOUTH_OPEN>
    <EXPRESSION_EYES_CLOSED_LEFT>0</EXPRESSION_EYES_CLOSED_LEFT>
    <EXPRESSION_EYES_CLOSED_RIGHT>0</EXPRESSION_EYES_CLOSED_RIGHT>
    <EXPRESSION_EYES_TURN_LEFT>0</EXPRESSION_EYES_TURN_LEFT>
    <EXPRESSION_EYES_TURN_RIGHT>0</EXPRESSION_EYES_TURN_RIGHT>
    <EXPRESSION_EYES_UP>0</EXPRESSION_EYES_UP>
    <EXPRESSION_EYES_DOWN>0</EXPRESSION_EYES_DOWN>
    <EMOTION_PRIMARY_ANGER_EVIDENCE>0</EMOTION_PRIMARY_ANGER_EVIDENCE>
    <EMOTION_PRIMARY_ANGER_INTENSITY>0.08446763</EMOTION_PRIMARY_ANGER_INTENSITY>
    <EMOTION_PRIMARY_CONTEMPT_EVIDENCE>-1</EMOTION_PRIMARY_CONTEMPT_EVIDENCE>
    <EMOTION_PRIMARY_CONTEMPT_INTENSITY>0.0175222661</EMOTION_PRIMARY_CONTEMPT_INTENSITY>
    <EMOTION_PRIMARY_DISGUST_EVIDENCE>-2</EMOTION_PRIMARY_DISGUST_EVIDENCE>
    <EMOTION_PRIMARY_DISGUST_INTENSITY>0.0007932753</EMOTION_PRIMARY_DISGUST_INTENSITY>
    <EMOTION_PRIMARY_FEAR_EVIDENCE>-1</EMOTION_PRIMARY_FEAR_EVIDENCE>
    <EMOTION_PRIMARY_FEAR_INTENSITY>0.00159894966</EMOTION_PRIMARY_FEAR_INTENSITY>
    <EMOTION_PRIMARY_JOY_EVIDENCE>0</EMOTION_PRIMARY_JOY_EVIDENCE>
    <EMOTION_PRIMARY_JOY_INTENSITY>0.4558229</EMOTION_PRIMARY_JOY_INTENSITY>
    <EMOTION_PRIMARY_SADNESS_EVIDENCE>-1</EMOTION_PRIMARY_SADNESS_EVIDENCE>
    <EMOTION_PRIMARY_SADNESS_INTENSITY>0.000591183431</EMOTION_PRIMARY_SADNESS_INTENSITY>
    <EMOTION_PRIMARY_SURPRISE_EVIDENCE>0</EMOTION_PRIMARY_SURPRISE_EVIDENCE>
    <EMOTION_PRIMARY_SURPRISE_INTENSITY>0.02244289</EMOTION_PRIMARY_SURPRISE_INTENSITY>
    <EMOTION_SENTIMENT_NEGATIVE_EVIDENCE>-2</EMOTION_SENTIMENT_NEGATIVE_EVIDENCE>
    <EMOTION_SENTIMENT_NEGATIVE_INTENSITY>0.0140090436</EMOTION_SENTIMENT_NEGATIVE_INTENSITY>
    <EMOTION_SENTIMENT_POSITIVE_EVIDENCE>1</EMOTION_SENTIMENT_POSITIVE_EVIDENCE>
    <EMOTION_SENTIMENT_POSITIVE_INTENSITY>0.7682879</EMOTION_SENTIMENT_POSITIVE_INTENSITY>
    <EMOTION_SENTIMENT_NEUTRAL_EVIDENCE>0</EMOTION_SENTIMENT_NEUTRAL_EVIDENCE>
    <EMOTION_SENTIMENT_NEUTRAL_INTENSITY>0.154198751</EMOTION_SENTIMENT_NEUTRAL_INTENSITY>
  </DATA>
  <DATA>
    <TimeStamp>14083</TimeStamp>
    <NumFaces>1</NumFaces>
    <Pulse>100</Pulse>
    <EXPRESSION_BROW_RAISER_LEFT>0</EXPRESSION_BROW_RAISER_LEFT>
    <EXPRESSION_BROW_RAISER_RIGHT>0</EXPRESSION_BROW_RAISER_RIGHT>
    <EXPRESSION_BROW_LOWERER_LEFT>100</EXPRESSION_BROW_LOWERER_LEFT>
    <EXPRESSION_BROW_LOWERER_RIGHT>0</EXPRESSION_BROW_LOWERER_RIGHT>
    <EXPRESSION_SMILE>0</EXPRESSION_SMILE>
    <EXPRESSION_KISS>0</EXPRESSION_KISS>
    <EXPRESSION_MOUTH_OPEN>0</EXPRESSION_MOUTH_OPEN>
    <EXPRESSION_EYES_CLOSED_LEFT>0</EXPRESSION_EYES_CLOSED_LEFT>
    <EXPRESSION_EYES_CLOSED_RIGHT>0</EXPRESSION_EYES_CLOSED_RIGHT>
    <EXPRESSION_EYES_TURN_LEFT>0</EXPRESSION_EYES_TURN_LEFT>
    <EXPRESSION_EYES_TURN_RIGHT>0</EXPRESSION_EYES_TURN_RIGHT>
    <EXPRESSION_EYES_UP>0</EXPRESSION_EYES_UP>
    <EXPRESSION_EYES_DOWN>0</EXPRESSION_EYES_DOWN>
    <EMOTION_PRIMARY_ANGER_EVIDENCE>0</EMOTION_PRIMARY_ANGER_EVIDENCE>
    <EMOTION_PRIMARY_ANGER_INTENSITY>0.110789344</EMOTION_PRIMARY_ANGER_INTENSITY>
    <EMOTION_PRIMARY_CONTEMPT_EVIDENCE>-1</EMOTION_PRIMARY_CONTEMPT_EVIDENCE>
    <EMOTION_PRIMARY_CONTEMPT_INTENSITY>0.0187271778</EMOTION_PRIMARY_CONTEMPT_INTENSITY>
    <EMOTION_PRIMARY_DISGUST_EVIDENCE>-2</EMOTION_PRIMARY_DISGUST_EVIDENCE>
    <EMOTION_PRIMARY_DISGUST_INTENSITY>0.000816997548</EMOTION_PRIMARY_DISGUST_INTENSITY>
    <EMOTION_PRIMARY_FEAR_EVIDENCE>-1</EMOTION_PRIMARY_FEAR_EVIDENCE>
    <EMOTION_PRIMARY_FEAR_INTENSITY>0.001922718</EMOTION_PRIMARY_FEAR_INTENSITY>
    <EMOTION_PRIMARY_JOY_EVIDENCE>0</EMOTION_PRIMARY_JOY_EVIDENCE>
    <EMOTION_PRIMARY_JOY_INTENSITY>0.3275829</EMOTION_PRIMARY_JOY_INTENSITY>
    <EMOTION_PRIMARY_SADNESS_EVIDENCE>-1</EMOTION_PRIMARY_SADNESS_EVIDENCE>
    <EMOTION_PRIMARY_SADNESS_INTENSITY>0.000288952229</EMOTION_PRIMARY_SADNESS_INTENSITY>
    <EMOTION_PRIMARY_SURPRISE_EVIDENCE>-1</EMOTION_PRIMARY_SURPRISE_EVIDENCE>
    <EMOTION_PRIMARY_SURPRISE_INTENSITY>0.016600905</EMOTION_PRIMARY_SURPRISE_INTENSITY>
    <EMOTION_SENTIMENT_NEGATIVE_EVIDENCE>-1</EMOTION_SENTIMENT_NEGATIVE_EVIDENCE>
    <EMOTION_SENTIMENT_NEGATIVE_INTENSITY>0.0210231449</EMOTION_SENTIMENT_NEGATIVE_INTENSITY>
    <EMOTION_SENTIMENT_POSITIVE_EVIDENCE>1</EMOTION_SENTIMENT_POSITIVE_EVIDENCE>
    <EMOTION_SENTIMENT_POSITIVE_INTENSITY>0.655177832</EMOTION_SENTIMENT_POSITIVE_INTENSITY>
    <EMOTION_SENTIMENT_NEUTRAL_EVIDENCE>0</EMOTION_SENTIMENT_NEUTRAL_EVIDENCE>
    <EMOTION_SENTIMENT_NEUTRAL_INTENSITY>0.0965860561</EMOTION_SENTIMENT_NEUTRAL_INTENSITY>
  </DATA>
  <DATA>
    <TimeStamp>14283</TimeStamp>
    <NumFaces>1</NumFaces>
    <Pulse>100</Pulse>
    <EXPRESSION_BROW_RAISER_LEFT>0</EXPRESSION_BROW_RAISER_LEFT>
    <EXPRESSION_BROW_RAISER_RIGHT>0</EXPRESSION_BROW_RAISER_RIGHT>
    <EXPRESSION_BROW_LOWERER_LEFT>100</EXPRESSION_BROW_LOWERER_LEFT>
    <EXPRESSION_BROW_LOWERER_RIGHT>0</EXPRESSION_BROW_LOWERER_RIGHT>
    <EXPRESSION_SMILE>0</EXPRESSION_SMILE>
    <EXPRESSION_KISS>0</EXPRESSION_KISS>
    <EXPRESSION_MOUTH_OPEN>0</EXPRESSION_MOUTH_OPEN>
    <EXPRESSION_EYES_CLOSED_LEFT>0</EXPRESSION_EYES_CLOSED_LEFT>
    <EXPRESSION_EYES_CLOSED_RIGHT>0</EXPRESSION_EYES_CLOSED_RIGHT>
    <EXPRESSION_EYES_TURN_LEFT>0</EXPRESSION_EYES_TURN_LEFT>
    <EXPRESSION_EYES_TURN_RIGHT>0</EXPRESSION_EYES_TURN_RIGHT>
    <EXPRESSION_EYES_UP>0</EXPRESSION_EYES_UP>
    <EXPRESSION_EYES_DOWN>0</EXPRESSION_EYES_DOWN>
    <EMOTION_PRIMARY_ANGER_EVIDENCE>0</EMOTION_PRIMARY_ANGER_EVIDENCE>
    <EMOTION_PRIMARY_ANGER_INTENSITY>0.2005834</EMOTION_PRIMARY_ANGER_INTENSITY>
    <EMOTION_PRIMARY_CONTEMPT_EVIDENCE>-1</EMOTION_PRIMARY_CONTEMPT_EVIDENCE>
    <EMOTION_PRIMARY_CONTEMPT_INTENSITY>0.0156932138</EMOTION_PRIMARY_CONTEMPT_INTENSITY>
    <EMOTION_PRIMARY_DISGUST_EVIDENCE>-2</EMOTION_PRIMARY_DISGUST_EVIDENCE>
    <EMOTION_PRIMARY_DISGUST_INTENSITY>0.0009745157</EMOTION_PRIMARY_DISGUST_INTENSITY>
    <EMOTION_PRIMARY_FEAR_EVIDENCE>-1</EMOTION_PRIMARY_FEAR_EVIDENCE>
    <EMOTION_PRIMARY_FEAR_INTENSITY>0.00156879332</EMOTION_PRIMARY_FEAR_INTENSITY>
    <EMOTION_PRIMARY_JOY_EVIDENCE>0</EMOTION_PRIMARY_JOY_EVIDENCE>
    <EMOTION_PRIMARY_JOY_INTENSITY>0.646685541</EMOTION_PRIMARY_JOY_INTENSITY>
    <EMOTION_PRIMARY_SADNESS_EVIDENCE>-1</EMOTION_PRIMARY_SADNESS_EVIDENCE>
    <EMOTION_PRIMARY_SADNESS_INTENSITY>0.000296321174</EMOTION_PRIMARY_SADNESS_INTENSITY>
    <EMOTION_PRIMARY_SURPRISE_EVIDENCE>-1</EMOTION_PRIMARY_SURPRISE_EVIDENCE>
    <EMOTION_PRIMARY_SURPRISE_INTENSITY>0.01411812</EMOTION_PRIMARY_SURPRISE_INTENSITY>
    <EMOTION_SENTIMENT_NEGATIVE_EVIDENCE>-1</EMOTION_SENTIMENT_NEGATIVE_EVIDENCE>
    <EMOTION_SENTIMENT_NEGATIVE_INTENSITY>0.0269238949</EMOTION_SENTIMENT_NEGATIVE_INTENSITY>
    <EMOTION_SENTIMENT_POSITIVE_EVIDENCE>1</EMOTION_SENTIMENT_POSITIVE_EVIDENCE>
    <EMOTION_SENTIMENT_POSITIVE_INTENSITY>0.8090471</EMOTION_SENTIMENT_POSITIVE_INTENSITY>
    <EMOTION_SENTIMENT_NEUTRAL_EVIDENCE>-1</EMOTION_SENTIMENT_NEUTRAL_EVIDENCE>
    <EMOTION_SENTIMENT_NEUTRAL_INTENSITY>0.04731743</EMOTION_SENTIMENT_NEUTRAL_INTENSITY>
  </DATA>
  <DATA>
    <TimeStamp>14483</TimeStamp>
    <NumFaces>1</NumFaces>
    <Pulse>100</Pulse>
    <EXPRESSION_BROW_RAISER_LEFT>0</EXPRESSION_BROW_RAISER_LEFT>
    <EXPRESSION_BROW_RAISER_RIGHT>0</EXPRESSION_BROW_RAISER_RIGHT>
    <EXPRESSION_BROW_LOWERER_LEFT>100</EXPRESSION_BROW_LOWERER_LEFT>
    <EXPRESSION_BROW_LOWERER_RIGHT>0</EXPRESSION_BROW_LOWERER_RIGHT>
    <EXPRESSION_SMILE>0</EXPRESSION_SMILE>
    <EXPRESSION_KISS>0</EXPRESSION_KISS>
    <EXPRESSION_MOUTH_OPEN>0</EXPRESSION_MOUTH_OPEN>
    <EXPRESSION_EYES_CLOSED_LEFT>0</EXPRESSION_EYES_CLOSED_LEFT>
    <EXPRESSION_EYES_CLOSED_RIGHT>0</EXPRESSION_EYES_CLOSED_RIGHT>
    <EXPRESSION_EYES_TURN_LEFT>0</EXPRESSION_EYES_TURN_LEFT>
    <EXPRESSION_EYES_TURN_RIGHT>0</EXPRESSION_EYES_TURN_RIGHT>
    <EXPRESSION_EYES_UP>0</EXPRESSION_EYES_UP>
    <EXPRESSION_EYES_DOWN>0</EXPRESSION_EYES_DOWN>
    <EMOTION_PRIMARY_ANGER_EVIDENCE>0</EMOTION_PRIMARY_ANGER_EVIDENCE>
    <EMOTION_PRIMARY_ANGER_INTENSITY>0.128133446</EMOTION_PRIMARY_ANGER_INTENSITY>
    <EMOTION_PRIMARY_CONTEMPT_EVIDENCE>-1</EMOTION_PRIMARY_CONTEMPT_EVIDENCE>
    <EMOTION_PRIMARY_CONTEMPT_INTENSITY>0.0128468769</EMOTION_PRIMARY_CONTEMPT_INTENSITY>
    <EMOTION_PRIMARY_DISGUST_EVIDENCE>-2</EMOTION_PRIMARY_DISGUST_EVIDENCE>
    <EMOTION_PRIMARY_DISGUST_INTENSITY>0.0008100536</EMOTION_PRIMARY_DISGUST_INTENSITY>
    <EMOTION_PRIMARY_FEAR_EVIDENCE>-1</EMOTION_PRIMARY_FEAR_EVIDENCE>
    <EMOTION_PRIMARY_FEAR_INTENSITY>0.00123387226</EMOTION_PRIMARY_FEAR_INTENSITY>
    <EMOTION_PRIMARY_JOY_EVIDENCE>0</EMOTION_PRIMARY_JOY_EVIDENCE>
    <EMOTION_PRIMARY_JOY_INTENSITY>0.429875523</EMOTION_PRIMARY_JOY_INTENSITY>
    <EMOTION_PRIMARY_SADNESS_EVIDENCE>-1</EMOTION_PRIMARY_SADNESS_EVIDENCE>
    <EMOTION_PRIMARY_SADNESS_INTENSITY>0.00052652444</EMOTION_PRIMARY_SADNESS_INTENSITY>
    <EMOTION_PRIMARY_SURPRISE_EVIDENCE>0</EMOTION_PRIMARY_SURPRISE_EVIDENCE>
    <EMOTION_PRIMARY_SURPRISE_INTENSITY>0.023257073</EMOTION_PRIMARY_SURPRISE_INTENSITY>
    <EMOTION_SENTIMENT_NEGATIVE_EVIDENCE>-1</EMOTION_SENTIMENT_NEGATIVE_EVIDENCE>
    <EMOTION_SENTIMENT_NEGATIVE_INTENSITY>0.0179475024</EMOTION_SENTIMENT_NEGATIVE_INTENSITY>
    <EMOTION_SENTIMENT_POSITIVE_EVIDENCE>1</EMOTION_SENTIMENT_POSITIVE_EVIDENCE>
    <EMOTION_SENTIMENT_POSITIVE_INTENSITY>0.745467961</EMOTION_SENTIMENT_POSITIVE_INTENSITY>
    <EMOTION_SENTIMENT_NEUTRAL_EVIDENCE>0</EMOTION_SENTIMENT_NEUTRAL_EVIDENCE>
    <EMOTION_SENTIMENT_NEUTRAL_INTENSITY>0.09910287</EMOTION_SENTIMENT_NEUTRAL_INTENSITY>
  </DATA>
  <DATA>
    <TimeStamp>14683</TimeStamp>
    <NumFaces>1</NumFaces>
    <Pulse>100</Pulse>
    <EXPRESSION_BROW_RAISER_LEFT>0</EXPRESSION_BROW_RAISER_LEFT>
    <EXPRESSION_BROW_RAISER_RIGHT>0</EXPRESSION_BROW_RAISER_RIGHT>
    <EXPRESSION_BROW_LOWERER_LEFT>100</EXPRESSION_BROW_LOWERER_LEFT>
    <EXPRESSION_BROW_LOWERER_RIGHT>0</EXPRESSION_BROW_LOWERER_RIGHT>
    <EXPRESSION_SMILE>0</EXPRESSION_SMILE>
    <EXPRESSION_KISS>0</EXPRESSION_KISS>
    <EXPRESSION_MOUTH_OPEN>0</EXPRESSION_MOUTH_OPEN>
    <EXPRESSION_EYES_CLOSED_LEFT>0</EXPRESSION_EYES_CLOSED_LEFT>
    <EXPRESSION_EYES_CLOSED_RIGHT>0</EXPRESSION_EYES_CLOSED_RIGHT>
    <EXPRESSION_EYES_TURN_LEFT>0</EXPRESSION_EYES_TURN_LEFT>
    <EXPRESSION_EYES_TURN_RIGHT>0</EXPRESSION_EYES_TURN_RIGHT>
    <EXPRESSION_EYES_UP>0</EXPRESSION_EYES_UP>
    <EXPRESSION_EYES_DOWN>0</EXPRESSION_EYES_DOWN>
    <EMOTION_PRIMARY_ANGER_EVIDENCE>0</EMOTION_PRIMARY_ANGER_EVIDENCE>
    <EMOTION_PRIMARY_ANGER_INTENSITY>0.134099439</EMOTION_PRIMARY_ANGER_INTENSITY>
    <EMOTION_PRIMARY_CONTEMPT_EVIDENCE>-1</EMOTION_PRIMARY_CONTEMPT_EVIDENCE>
    <EMOTION_PRIMARY_CONTEMPT_INTENSITY>0.0156561732</EMOTION_PRIMARY_CONTEMPT_INTENSITY>
    <EMOTION_PRIMARY_DISGUST_EVIDENCE>-2</EMOTION_PRIMARY_DISGUST_EVIDENCE>
    <EMOTION_PRIMARY_DISGUST_INTENSITY>0.000777100853</EMOTION_PRIMARY_DISGUST_INTENSITY>
    <EMOTION_PRIMARY_FEAR_EVIDENCE>-1</EMOTION_PRIMARY_FEAR_EVIDENCE>
    <EMOTION_PRIMARY_FEAR_INTENSITY>0.001609448</EMOTION_PRIMARY_FEAR_INTENSITY>
    <EMOTION_PRIMARY_JOY_EVIDENCE>0</EMOTION_PRIMARY_JOY_EVIDENCE>
    <EMOTION_PRIMARY_JOY_INTENSITY>0.293673724</EMOTION_PRIMARY_JOY_INTENSITY>
    <EMOTION_PRIMARY_SADNESS_EVIDENCE>-1</EMOTION_PRIMARY_SADNESS_EVIDENCE>
    <EMOTION_PRIMARY_SADNESS_INTENSITY>0.000550529745</EMOTION_PRIMARY_SADNESS_INTENSITY>
    <EMOTION_PRIMARY_SURPRISE_EVIDENCE>0</EMOTION_PRIMARY_SURPRISE_EVIDENCE>
    <EMOTION_PRIMARY_SURPRISE_INTENSITY>0.0258360188</EMOTION_PRIMARY_SURPRISE_INTENSITY>
    <EMOTION_SENTIMENT_NEGATIVE_EVIDENCE>-1</EMOTION_SENTIMENT_NEGATIVE_EVIDENCE>
    <EMOTION_SENTIMENT_NEGATIVE_INTENSITY>0.01939411</EMOTION_SENTIMENT_NEGATIVE_INTENSITY>
    <EMOTION_SENTIMENT_POSITIVE_EVIDENCE>1</EMOTION_SENTIMENT_POSITIVE_EVIDENCE>
    <EMOTION_SENTIMENT_POSITIVE_INTENSITY>0.652433932</EMOTION_SENTIMENT_POSITIVE_INTENSITY>
    <EMOTION_SENTIMENT_NEUTRAL_EVIDENCE>0</EMOTION_SENTIMENT_NEUTRAL_EVIDENCE>
    <EMOTION_SENTIMENT_NEUTRAL_INTENSITY>0.118721992</EMOTION_SENTIMENT_NEUTRAL_INTENSITY>
  </DATA>
  <DATA>
    <TimeStamp>14884</TimeStamp>
    <NumFaces>1</NumFaces>
    <Pulse>100</Pulse>
    <EXPRESSION_BROW_RAISER_LEFT>0</EXPRESSION_BROW_RAISER_LEFT>
    <EXPRESSION_BROW_RAISER_RIGHT>0</EXPRESSION_BROW_RAISER_RIGHT>
    <EXPRESSION_BROW_LOWERER_LEFT>100</EXPRESSION_BROW_LOWERER_LEFT>
    <EXPRESSION_BROW_LOWERER_RIGHT>0</EXPRESSION_BROW_LOWERER_RIGHT>
    <EXPRESSION_SMILE>0</EXPRESSION_SMILE>
    <EXPRESSION_KISS>0</EXPRESSION_KISS>
    <EXPRESSION_MOUTH_OPEN>0</EXPRESSION_MOUTH_OPEN>
    <EXPRESSION_EYES_CLOSED_LEFT>0</EXPRESSION_EYES_CLOSED_LEFT>
    <EXPRESSION_EYES_CLOSED_RIGHT>0</EXPRESSION_EYES_CLOSED_RIGHT>
    <EXPRESSION_EYES_TURN_LEFT>0</EXPRESSION_EYES_TURN_LEFT>
    <EXPRESSION_EYES_TURN_RIGHT>0</EXPRESSION_EYES_TURN_RIGHT>
    <EXPRESSION_EYES_UP>0</EXPRESSION_EYES_UP>
    <EXPRESSION_EYES_DOWN>0</EXPRESSION_EYES_DOWN>
    <EMOTION_PRIMARY_ANGER_EVIDENCE>0</EMOTION_PRIMARY_ANGER_EVIDENCE>
    <EMOTION_PRIMARY_ANGER_INTENSITY>0.170633689</EMOTION_PRIMARY_ANGER_INTENSITY>
    <EMOTION_PRIMARY_CONTEMPT_EVIDENCE>0</EMOTION_PRIMARY_CONTEMPT_EVIDENCE>
    <EMOTION_PRIMARY_CONTEMPT_INTENSITY>0.0207446031</EMOTION_PRIMARY_CONTEMPT_INTENSITY>
    <EMOTION_PRIMARY_DISGUST_EVIDENCE>-2</EMOTION_PRIMARY_DISGUST_EVIDENCE>
    <EMOTION_PRIMARY_DISGUST_INTENSITY>0.0007599975</EMOTION_PRIMARY_DISGUST_INTENSITY>
    <EMOTION_PRIMARY_FEAR_EVIDENCE>-1</EMOTION_PRIMARY_FEAR_EVIDENCE>
    <EMOTION_PRIMARY_FEAR_INTENSITY>0.00586666958</EMOTION_PRIMARY_FEAR_INTENSITY>
    <EMOTION_PRIMARY_JOY_EVIDENCE>0</EMOTION_PRIMARY_JOY_EVIDENCE>
    <EMOTION_PRIMARY_JOY_INTENSITY>0.2627917</EMOTION_PRIMARY_JOY_INTENSITY>
    <EMOTION_PRIMARY_SADNESS_EVIDENCE>-1</EMOTION_PRIMARY_SADNESS_EVIDENCE>
    <EMOTION_PRIMARY_SADNESS_INTENSITY>0.0009041078</EMOTION_PRIMARY_SADNESS_INTENSITY>
    <EMOTION_PRIMARY_SURPRISE_EVIDENCE>0</EMOTION_PRIMARY_SURPRISE_EVIDENCE>
    <EMOTION_PRIMARY_SURPRISE_INTENSITY>0.0241912864</EMOTION_PRIMARY_SURPRISE_INTENSITY>
    <EMOTION_SENTIMENT_NEGATIVE_EVIDENCE>-1</EMOTION_SENTIMENT_NEGATIVE_EVIDENCE>
    <EMOTION_SENTIMENT_NEGATIVE_INTENSITY>0.0287312884</EMOTION_SENTIMENT_NEGATIVE_INTENSITY>
    <EMOTION_SENTIMENT_POSITIVE_EVIDENCE>1</EMOTION_SENTIMENT_POSITIVE_EVIDENCE>
    <EMOTION_SENTIMENT_POSITIVE_INTENSITY>0.5778398</EMOTION_SENTIMENT_POSITIVE_INTENSITY>
    <EMOTION_SENTIMENT_NEUTRAL_EVIDENCE>0</EMOTION_SENTIMENT_NEUTRAL_EVIDENCE>
    <EMOTION_SENTIMENT_NEUTRAL_INTENSITY>0.11889971</EMOTION_SENTIMENT_NEUTRAL_INTENSITY>
  </DATA>
  <DATA>
    <TimeStamp>15085</TimeStamp>
    <NumFaces>1</NumFaces>
    <Pulse>100</Pulse>
    <EXPRESSION_BROW_RAISER_LEFT>0</EXPRESSION_BROW_RAISER_LEFT>
    <EXPRESSION_BROW_RAISER_RIGHT>0</EXPRESSION_BROW_RAISER_RIGHT>
    <EXPRESSION_BROW_LOWERER_LEFT>100</EXPRESSION_BROW_LOWERER_LEFT>
    <EXPRESSION_BROW_LOWERER_RIGHT>0</EXPRESSION_BROW_LOWERER_RIGHT>
    <EXPRESSION_SMILE>0</EXPRESSION_SMILE>
    <EXPRESSION_KISS>0</EXPRESSION_KISS>
    <EXPRESSION_MOUTH_OPEN>0</EXPRESSION_MOUTH_OPEN>
    <EXPRESSION_EYES_CLOSED_LEFT>0</EXPRESSION_EYES_CLOSED_LEFT>
    <EXPRESSION_EYES_CLOSED_RIGHT>0</EXPRESSION_EYES_CLOSED_RIGHT>
    <EXPRESSION_EYES_TURN_LEFT>0</EXPRESSION_EYES_TURN_LEFT>
    <EXPRESSION_EYES_TURN_RIGHT>0</EXPRESSION_EYES_TURN_RIGHT>
    <EXPRESSION_EYES_UP>0</EXPRESSION_EYES_UP>
    <EXPRESSION_EYES_DOWN>0</EXPRESSION_EYES_DOWN>
    <EMOTION_PRIMARY_ANGER_EVIDENCE>0</EMOTION_PRIMARY_ANGER_EVIDENCE>
    <EMOTION_PRIMARY_ANGER_INTENSITY>0.497304261</EMOTION_PRIMARY_ANGER_INTENSITY>
    <EMOTION_PRIMARY_CONTEMPT_EVIDENCE>0</EMOTION_PRIMARY_CONTEMPT_EVIDENCE>
    <EMOTION_PRIMARY_CONTEMPT_INTENSITY>0.0224464554</EMOTION_PRIMARY_CONTEMPT_INTENSITY>
    <EMOTION_PRIMARY_DISGUST_EVIDENCE>-2</EMOTION_PRIMARY_DISGUST_EVIDENCE>
    <EMOTION_PRIMARY_DISGUST_INTENSITY>0.00157765264</EMOTION_PRIMARY_DISGUST_INTENSITY>
    <EMOTION_PRIMARY_FEAR_EVIDENCE>0</EMOTION_PRIMARY_FEAR_EVIDENCE>
    <EMOTION_PRIMARY_FEAR_INTENSITY>0.007227282</EMOTION_PRIMARY_FEAR_INTENSITY>
    <EMOTION_PRIMARY_JOY_EVIDENCE>0</EMOTION_PRIMARY_JOY_EVIDENCE>
    <EMOTION_PRIMARY_JOY_INTENSITY>0.09552961</EMOTION_PRIMARY_JOY_INTENSITY>
    <EMOTION_PRIMARY_SADNESS_EVIDENCE>-1</EMOTION_PRIMARY_SADNESS_EVIDENCE>
    <EMOTION_PRIMARY_SADNESS_INTENSITY>0.004187925</EMOTION_PRIMARY_SADNESS_INTENSITY>
    <EMOTION_PRIMARY_SURPRISE_EVIDENCE>0</EMOTION_PRIMARY_SURPRISE_EVIDENCE>
    <EMOTION_PRIMARY_SURPRISE_INTENSITY>0.028360419</EMOTION_PRIMARY_SURPRISE_INTENSITY>
    <EMOTION_SENTIMENT_NEGATIVE_EVIDENCE>0</EMOTION_SENTIMENT_NEGATIVE_EVIDENCE>
    <EMOTION_SENTIMENT_NEGATIVE_INTENSITY>0.156602427</EMOTION_SENTIMENT_NEGATIVE_INTENSITY>
    <EMOTION_SENTIMENT_POSITIVE_EVIDENCE>0</EMOTION_SENTIMENT_POSITIVE_EVIDENCE>
    <EMOTION_SENTIMENT_POSITIVE_INTENSITY>0.310878843</EMOTION_SENTIMENT_POSITIVE_INTENSITY>
    <EMOTION_SENTIMENT_NEUTRAL_EVIDENCE>-1</EMOTION_SENTIMENT_NEUTRAL_EVIDENCE>
    <EMOTION_SENTIMENT_NEUTRAL_INTENSITY>0.0508138165</EMOTION_SENTIMENT_NEUTRAL_INTENSITY>
  </DATA>
  <DATA>
    <TimeStamp>15287</TimeStamp>
    <NumFaces>1</NumFaces>
    <Pulse>100</Pulse>
    <EXPRESSION_BROW_RAISER_LEFT>0</EXPRESSION_BROW_RAISER_LEFT>
    <EXPRESSION_BROW_RAISER_RIGHT>0</EXPRESSION_BROW_RAISER_RIGHT>
    <EXPRESSION_BROW_LOWERER_LEFT>100</EXPRESSION_BROW_LOWERER_LEFT>
    <EXPRESSION_BROW_LOWERER_RIGHT>0</EXPRESSION_BROW_LOWERER_RIGHT>
    <EXPRESSION_SMILE>0</EXPRESSION_SMILE>
    <EXPRESSION_KISS>0</EXPRESSION_KISS>
    <EXPRESSION_MOUTH_OPEN>0</EXPRESSION_MOUTH_OPEN>
    <EXPRESSION_EYES_CLOSED_LEFT>0</EXPRESSION_EYES_CLOSED_LEFT>
    <EXPRESSION_EYES_CLOSED_RIGHT>0</EXPRESSION_EYES_CLOSED_RIGHT>
    <EXPRESSION_EYES_TURN_LEFT>100</EXPRESSION_EYES_TURN_LEFT>
    <EXPRESSION_EYES_TURN_RIGHT>0</EXPRESSION_EYES_TURN_RIGHT>
    <EXPRESSION_EYES_UP>100</EXPRESSION_EYES_UP>
    <EXPRESSION_EYES_DOWN>0</EXPRESSION_EYES_DOWN>
    <EMOTION_PRIMARY_ANGER_EVIDENCE>0</EMOTION_PRIMARY_ANGER_EVIDENCE>
    <EMOTION_PRIMARY_ANGER_INTENSITY>0.520151556</EMOTION_PRIMARY_ANGER_INTENSITY>
    <EMOTION_PRIMARY_CONTEMPT_EVIDENCE>0</EMOTION_PRIMARY_CONTEMPT_EVIDENCE>
    <EMOTION_PRIMARY_CONTEMPT_INTENSITY>0.0219283849</EMOTION_PRIMARY_CONTEMPT_INTENSITY>
    <EMOTION_PRIMARY_DISGUST_EVIDENCE>-1</EMOTION_PRIMARY_DISGUST_EVIDENCE>
    <EMOTION_PRIMARY_DISGUST_INTENSITY>0.00219445559</EMOTION_PRIMARY_DISGUST_INTENSITY>
    <EMOTION_PRIMARY_FEAR_EVIDENCE>0</EMOTION_PRIMARY_FEAR_EVIDENCE>
    <EMOTION_PRIMARY_FEAR_INTENSITY>0.0170063749</EMOTION_PRIMARY_FEAR_INTENSITY>
    <EMOTION_PRIMARY_JOY_EVIDENCE>0</EMOTION_PRIMARY_JOY_EVIDENCE>
    <EMOTION_PRIMARY_JOY_INTENSITY>0.09399962</EMOTION_PRIMARY_JOY_INTENSITY>
    <EMOTION_PRIMARY_SADNESS_EVIDENCE>-1</EMOTION_PRIMARY_SADNESS_EVIDENCE>
    <EMOTION_PRIMARY_SADNESS_INTENSITY>0.004134332</EMOTION_PRIMARY_SADNESS_INTENSITY>
    <EMOTION_PRIMARY_SURPRISE_EVIDENCE>-1</EMOTION_PRIMARY_SURPRISE_EVIDENCE>
    <EMOTION_PRIMARY_SURPRISE_INTENSITY>0.0197023973</EMOTION_PRIMARY_SURPRISE_INTENSITY>
    <EMOTION_SENTIMENT_NEGATIVE_EVIDENCE>0</EMOTION_SENTIMENT_NEGATIVE_EVIDENCE>
    <EMOTION_SENTIMENT_NEGATIVE_INTENSITY>0.177473649</EMOTION_SENTIMENT_NEGATIVE_INTENSITY>
    <EMOTION_SENTIMENT_POSITIVE_EVIDENCE>0</EMOTION_SENTIMENT_POSITIVE_EVIDENCE>
    <EMOTION_SENTIMENT_POSITIVE_INTENSITY>0.2824899</EMOTION_SENTIMENT_POSITIVE_INTENSITY>
    <EMOTION_SENTIMENT_NEUTRAL_EVIDENCE>0</EMOTION_SENTIMENT_NEUTRAL_EVIDENCE>
    <EMOTION_SENTIMENT_NEUTRAL_INTENSITY>0.09584497</EMOTION_SENTIMENT_NEUTRAL_INTENSITY>
  </DATA>
  <DATA>
    <TimeStamp>15488</TimeStamp>
    <NumFaces>1</NumFaces>
    <Pulse>100</Pulse>
    <EXPRESSION_BROW_RAISER_LEFT>0</EXPRESSION_BROW_RAISER_LEFT>
    <EXPRESSION_BROW_RAISER_RIGHT>0</EXPRESSION_BROW_RAISER_RIGHT>
    <EXPRESSION_BROW_LOWERER_LEFT>100</EXPRESSION_BROW_LOWERER_LEFT>
    <EXPRESSION_BROW_LOWERER_RIGHT>0</EXPRESSION_BROW_LOWERER_RIGHT>
    <EXPRESSION_SMILE>0</EXPRESSION_SMILE>
    <EXPRESSION_KISS>0</EXPRESSION_KISS>
    <EXPRESSION_MOUTH_OPEN>0</EXPRESSION_MOUTH_OPEN>
    <EXPRESSION_EYES_CLOSED_LEFT>0</EXPRESSION_EYES_CLOSED_LEFT>
    <EXPRESSION_EYES_CLOSED_RIGHT>0</EXPRESSION_EYES_CLOSED_RIGHT>
    <EXPRESSION_EYES_TURN_LEFT>0</EXPRESSION_EYES_TURN_LEFT>
    <EXPRESSION_EYES_TURN_RIGHT>0</EXPRESSION_EYES_TURN_RIGHT>
    <EXPRESSION_EYES_UP>100</EXPRESSION_EYES_UP>
    <EXPRESSION_EYES_DOWN>0</EXPRESSION_EYES_DOWN>
    <EMOTION_PRIMARY_ANGER_EVIDENCE>0</EMOTION_PRIMARY_ANGER_EVIDENCE>
    <EMOTION_PRIMARY_ANGER_INTENSITY>0.660665452</EMOTION_PRIMARY_ANGER_INTENSITY>
    <EMOTION_PRIMARY_CONTEMPT_EVIDENCE>-1</EMOTION_PRIMARY_CONTEMPT_EVIDENCE>
    <EMOTION_PRIMARY_CONTEMPT_INTENSITY>0.0152485473</EMOTION_PRIMARY_CONTEMPT_INTENSITY>
    <EMOTION_PRIMARY_DISGUST_EVIDENCE>-1</EMOTION_PRIMARY_DISGUST_EVIDENCE>
    <EMOTION_PRIMARY_DISGUST_INTENSITY>0.00373173086</EMOTION_PRIMARY_DISGUST_INTENSITY>
    <EMOTION_PRIMARY_FEAR_EVIDENCE>0</EMOTION_PRIMARY_FEAR_EVIDENCE>
    <EMOTION_PRIMARY_FEAR_INTENSITY>0.02183137</EMOTION_PRIMARY_FEAR_INTENSITY>
    <EMOTION_PRIMARY_JOY_EVIDENCE>0</EMOTION_PRIMARY_JOY_EVIDENCE>
    <EMOTION_PRIMARY_JOY_INTENSITY>0.17263183</EMOTION_PRIMARY_JOY_INTENSITY>
    <EMOTION_PRIMARY_SADNESS_EVIDENCE>-1</EMOTION_PRIMARY_SADNESS_EVIDENCE>
    <EMOTION_PRIMARY_SADNESS_INTENSITY>0.00123461464</EMOTION_PRIMARY_SADNESS_INTENSITY>
    <EMOTION_PRIMARY_SURPRISE_EVIDENCE>-1</EMOTION_PRIMARY_SURPRISE_EVIDENCE>
    <EMOTION_PRIMARY_SURPRISE_INTENSITY>0.0120321028</EMOTION_PRIMARY_SURPRISE_INTENSITY>
    <EMOTION_SENTIMENT_NEGATIVE_EVIDENCE>0</EMOTION_SENTIMENT_NEGATIVE_EVIDENCE>
    <EMOTION_SENTIMENT_NEGATIVE_INTENSITY>0.2483463</EMOTION_SENTIMENT_NEGATIVE_INTENSITY>
    <EMOTION_SENTIMENT_POSITIVE_EVIDENCE>0</EMOTION_SENTIMENT_POSITIVE_EVIDENCE>
    <EMOTION_SENTIMENT_POSITIVE_INTENSITY>0.32013768</EMOTION_SENTIMENT_POSITIVE_INTENSITY>
    <EMOTION_SENTIMENT_NEUTRAL_EVIDENCE>-1</EMOTION_SENTIMENT_NEUTRAL_EVIDENCE>
    <EMOTION_SENTIMENT_NEUTRAL_INTENSITY>0.06603643</EMOTION_SENTIMENT_NEUTRAL_INTENSITY>
  </DATA>
  <DATA>
    <TimeStamp>15689</TimeStamp>
    <NumFaces>1</NumFaces>
    <Pulse>100</Pulse>
    <EXPRESSION_BROW_RAISER_LEFT>0</EXPRESSION_BROW_RAISER_LEFT>
    <EXPRESSION_BROW_RAISER_RIGHT>0</EXPRESSION_BROW_RAISER_RIGHT>
    <EXPRESSION_BROW_LOWERER_LEFT>100</EXPRESSION_BROW_LOWERER_LEFT>
    <EXPRESSION_BROW_LOWERER_RIGHT>0</EXPRESSION_BROW_LOWERER_RIGHT>
    <EXPRESSION_SMILE>0</EXPRESSION_SMILE>
    <EXPRESSION_KISS>0</EXPRESSION_KISS>
    <EXPRESSION_MOUTH_OPEN>0</EXPRESSION_MOUTH_OPEN>
    <EXPRESSION_EYES_CLOSED_LEFT>0</EXPRESSION_EYES_CLOSED_LEFT>
    <EXPRESSION_EYES_CLOSED_RIGHT>0</EXPRESSION_EYES_CLOSED_RIGHT>
    <EXPRESSION_EYES_TURN_LEFT>0</EXPRESSION_EYES_TURN_LEFT>
    <EXPRESSION_EYES_TURN_RIGHT>0</EXPRESSION_EYES_TURN_RIGHT>
    <EXPRESSION_EYES_UP>0</EXPRESSION_EYES_UP>
    <EXPRESSION_EYES_DOWN>0</EXPRESSION_EYES_DOWN>
    <EMOTION_PRIMARY_ANGER_EVIDENCE>0</EMOTION_PRIMARY_ANGER_EVIDENCE>
    <EMOTION_PRIMARY_ANGER_INTENSITY>0.6821133</EMOTION_PRIMARY_ANGER_INTENSITY>
    <EMOTION_PRIMARY_CONTEMPT_EVIDENCE>-1</EMOTION_PRIMARY_CONTEMPT_EVIDENCE>
    <EMOTION_PRIMARY_CONTEMPT_INTENSITY>0.0103884581</EMOTION_PRIMARY_CONTEMPT_INTENSITY>
    <EMOTION_PRIMARY_DISGUST_EVIDENCE>-1</EMOTION_PRIMARY_DISGUST_EVIDENCE>
    <EMOTION_PRIMARY_DISGUST_INTENSITY>0.00492805569</EMOTION_PRIMARY_DISGUST_INTENSITY>
    <EMOTION_PRIMARY_FEAR_EVIDENCE>0</EMOTION_PRIMARY_FEAR_EVIDENCE>
    <EMOTION_PRIMARY_FEAR_INTENSITY>0.016383769</EMOTION_PRIMARY_FEAR_INTENSITY>
    <EMOTION_PRIMARY_JOY_EVIDENCE>0</EMOTION_PRIMARY_JOY_EVIDENCE>
    <EMOTION_PRIMARY_JOY_INTENSITY>0.215068027</EMOTION_PRIMARY_JOY_INTENSITY>
    <EMOTION_PRIMARY_SADNESS_EVIDENCE>-1</EMOTION_PRIMARY_SADNESS_EVIDENCE>
    <EMOTION_PRIMARY_SADNESS_INTENSITY>0.00123029586</EMOTION_PRIMARY_SADNESS_INTENSITY>
    <EMOTION_PRIMARY_SURPRISE_EVIDENCE>-1</EMOTION_PRIMARY_SURPRISE_EVIDENCE>
    <EMOTION_PRIMARY_SURPRISE_INTENSITY>0.0127093624</EMOTION_PRIMARY_SURPRISE_INTENSITY>
    <EMOTION_SENTIMENT_NEGATIVE_EVIDENCE>0</EMOTION_SENTIMENT_NEGATIVE_EVIDENCE>
    <EMOTION_SENTIMENT_NEGATIVE_INTENSITY>0.3448651</EMOTION_SENTIMENT_NEGATIVE_INTENSITY>
    <EMOTION_SENTIMENT_POSITIVE_EVIDENCE>0</EMOTION_SENTIMENT_POSITIVE_EVIDENCE>
    <EMOTION_SENTIMENT_POSITIVE_INTENSITY>0.343452156</EMOTION_SENTIMENT_POSITIVE_INTENSITY>
    <EMOTION_SENTIMENT_NEUTRAL_EVIDENCE>-1</EMOTION_SENTIMENT_NEUTRAL_EVIDENCE>
    <EMOTION_SENTIMENT_NEUTRAL_INTENSITY>0.0288233031</EMOTION_SENTIMENT_NEUTRAL_INTENSITY>
  </DATA>
  <DATA>
    <TimeStamp>15889</TimeStamp>
    <NumFaces>1</NumFaces>
    <Pulse>100</Pulse>
    <EXPRESSION_BROW_RAISER_LEFT>0</EXPRESSION_BROW_RAISER_LEFT>
    <EXPRESSION_BROW_RAISER_RIGHT>0</EXPRESSION_BROW_RAISER_RIGHT>
    <EXPRESSION_BROW_LOWERER_LEFT>100</EXPRESSION_BROW_LOWERER_LEFT>
    <EXPRESSION_BROW_LOWERER_RIGHT>100</EXPRESSION_BROW_LOWERER_RIGHT>
    <EXPRESSION_SMILE>0</EXPRESSION_SMILE>
    <EXPRESSION_KISS>0</EXPRESSION_KISS>
    <EXPRESSION_MOUTH_OPEN>0</EXPRESSION_MOUTH_OPEN>
    <EXPRESSION_EYES_CLOSED_LEFT>0</EXPRESSION_EYES_CLOSED_LEFT>
    <EXPRESSION_EYES_CLOSED_RIGHT>0</EXPRESSION_EYES_CLOSED_RIGHT>
    <EXPRESSION_EYES_TURN_LEFT>0</EXPRESSION_EYES_TURN_LEFT>
    <EXPRESSION_EYES_TURN_RIGHT>0</EXPRESSION_EYES_TURN_RIGHT>
    <EXPRESSION_EYES_UP>0</EXPRESSION_EYES_UP>
    <EXPRESSION_EYES_DOWN>0</EXPRESSION_EYES_DOWN>
    <EMOTION_PRIMARY_ANGER_EVIDENCE>0</EMOTION_PRIMARY_ANGER_EVIDENCE>
    <EMOTION_PRIMARY_ANGER_INTENSITY>0.6372932</EMOTION_PRIMARY_ANGER_INTENSITY>
    <EMOTION_PRIMARY_CONTEMPT_EVIDENCE>-1</EMOTION_PRIMARY_CONTEMPT_EVIDENCE>
    <EMOTION_PRIMARY_CONTEMPT_INTENSITY>0.01695746</EMOTION_PRIMARY_CONTEMPT_INTENSITY>
    <EMOTION_PRIMARY_DISGUST_EVIDENCE>-1</EMOTION_PRIMARY_DISGUST_EVIDENCE>
    <EMOTION_PRIMARY_DISGUST_INTENSITY>0.00448549772</EMOTION_PRIMARY_DISGUST_INTENSITY>
    <EMOTION_PRIMARY_FEAR_EVIDENCE>0</EMOTION_PRIMARY_FEAR_EVIDENCE>
    <EMOTION_PRIMARY_FEAR_INTENSITY>0.01776084</EMOTION_PRIMARY_FEAR_INTENSITY>
    <EMOTION_PRIMARY_JOY_EVIDENCE>0</EMOTION_PRIMARY_JOY_EVIDENCE>
    <EMOTION_PRIMARY_JOY_INTENSITY>0.18560341</EMOTION_PRIMARY_JOY_INTENSITY>
    <EMOTION_PRIMARY_SADNESS_EVIDENCE>-1</EMOTION_PRIMARY_SADNESS_EVIDENCE>
    <EMOTION_PRIMARY_SADNESS_INTENSITY>0.00111386378</EMOTION_PRIMARY_SADNESS_INTENSITY>
    <EMOTION_PRIMARY_SURPRISE_EVIDENCE>-1</EMOTION_PRIMARY_SURPRISE_EVIDENCE>
    <EMOTION_PRIMARY_SURPRISE_INTENSITY>0.0158355813</EMOTION_PRIMARY_SURPRISE_INTENSITY>
    <EMOTION_SENTIMENT_NEGATIVE_EVIDENCE>0</EMOTION_SENTIMENT_NEGATIVE_EVIDENCE>
    <EMOTION_SENTIMENT_NEGATIVE_INTENSITY>0.391657978</EMOTION_SENTIMENT_NEGATIVE_INTENSITY>
    <EMOTION_SENTIMENT_POSITIVE_EVIDENCE>0</EMOTION_SENTIMENT_POSITIVE_EVIDENCE>
    <EMOTION_SENTIMENT_POSITIVE_INTENSITY>0.3109782</EMOTION_SENTIMENT_POSITIVE_INTENSITY>
    <EMOTION_SENTIMENT_NEUTRAL_EVIDENCE>-1</EMOTION_SENTIMENT_NEUTRAL_EVIDENCE>
    <EMOTION_SENTIMENT_NEUTRAL_INTENSITY>0.016472226</EMOTION_SENTIMENT_NEUTRAL_INTENSITY>
  </DATA>
  <DATA>
    <TimeStamp>16090</TimeStamp>
    <NumFaces>1</NumFaces>
    <Pulse>100</Pulse>
    <EXPRESSION_BROW_RAISER_LEFT>0</EXPRESSION_BROW_RAISER_LEFT>
    <EXPRESSION_BROW_RAISER_RIGHT>0</EXPRESSION_BROW_RAISER_RIGHT>
    <EXPRESSION_BROW_LOWERER_LEFT>100</EXPRESSION_BROW_LOWERER_LEFT>
    <EXPRESSION_BROW_LOWERER_RIGHT>0</EXPRESSION_BROW_LOWERER_RIGHT>
    <EXPRESSION_SMILE>0</EXPRESSION_SMILE>
    <EXPRESSION_KISS>0</EXPRESSION_KISS>
    <EXPRESSION_MOUTH_OPEN>0</EXPRESSION_MOUTH_OPEN>
    <EXPRESSION_EYES_CLOSED_LEFT>0</EXPRESSION_EYES_CLOSED_LEFT>
    <EXPRESSION_EYES_CLOSED_RIGHT>0</EXPRESSION_EYES_CLOSED_RIGHT>
    <EXPRESSION_EYES_TURN_LEFT>0</EXPRESSION_EYES_TURN_LEFT>
    <EXPRESSION_EYES_TURN_RIGHT>0</EXPRESSION_EYES_TURN_RIGHT>
    <EXPRESSION_EYES_UP>0</EXPRESSION_EYES_UP>
    <EXPRESSION_EYES_DOWN>0</EXPRESSION_EYES_DOWN>
    <EMOTION_PRIMARY_ANGER_EVIDENCE>0</EMOTION_PRIMARY_ANGER_EVIDENCE>
    <EMOTION_PRIMARY_ANGER_INTENSITY>0.6656409</EMOTION_PRIMARY_ANGER_INTENSITY>
    <EMOTION_PRIMARY_CONTEMPT_EVIDENCE>-1</EMOTION_PRIMARY_CONTEMPT_EVIDENCE>
    <EMOTION_PRIMARY_CONTEMPT_INTENSITY>0.0138410181</EMOTION_PRIMARY_CONTEMPT_INTENSITY>
    <EMOTION_PRIMARY_DISGUST_EVIDENCE>-1</EMOTION_PRIMARY_DISGUST_EVIDENCE>
    <EMOTION_PRIMARY_DISGUST_INTENSITY>0.00270829443</EMOTION_PRIMARY_DISGUST_INTENSITY>
    <EMOTION_PRIMARY_FEAR_EVIDENCE>0</EMOTION_PRIMARY_FEAR_EVIDENCE>
    <EMOTION_PRIMARY_FEAR_INTENSITY>0.0148252882</EMOTION_PRIMARY_FEAR_INTENSITY>
    <EMOTION_PRIMARY_JOY_EVIDENCE>0</EMOTION_PRIMARY_JOY_EVIDENCE>
    <EMOTION_PRIMARY_JOY_INTENSITY>0.249043077</EMOTION_PRIMARY_JOY_INTENSITY>
    <EMOTION_PRIMARY_SADNESS_EVIDENCE>-1</EMOTION_PRIMARY_SADNESS_EVIDENCE>
    <EMOTION_PRIMARY_SADNESS_INTENSITY>0.000912985357</EMOTION_PRIMARY_SADNESS_INTENSITY>
    <EMOTION_PRIMARY_SURPRISE_EVIDENCE>-1</EMOTION_PRIMARY_SURPRISE_EVIDENCE>
    <EMOTION_PRIMARY_SURPRISE_INTENSITY>0.0133188255</EMOTION_PRIMARY_SURPRISE_INTENSITY>
    <EMOTION_SENTIMENT_NEGATIVE_EVIDENCE>0</EMOTION_SENTIMENT_NEGATIVE_EVIDENCE>
    <EMOTION_SENTIMENT_NEGATIVE_INTENSITY>0.270349443</EMOTION_SENTIMENT_NEGATIVE_INTENSITY>
    <EMOTION_SENTIMENT_POSITIVE_EVIDENCE>0</EMOTION_SENTIMENT_POSITIVE_EVIDENCE>
    <EMOTION_SENTIMENT_POSITIVE_INTENSITY>0.385918319</EMOTION_SENTIMENT_POSITIVE_INTENSITY>
    <EMOTION_SENTIMENT_NEUTRAL_EVIDENCE>-1</EMOTION_SENTIMENT_NEUTRAL_EVIDENCE>
    <EMOTION_SENTIMENT_NEUTRAL_INTENSITY>0.021977691</EMOTION_SENTIMENT_NEUTRAL_INTENSITY>
  </DATA>
  <DATA>
    <TimeStamp>16290</TimeStamp>
    <NumFaces>1</NumFaces>
    <Pulse>100</Pulse>
    <EXPRESSION_BROW_RAISER_LEFT>0</EXPRESSION_BROW_RAISER_LEFT>
    <EXPRESSION_BROW_RAISER_RIGHT>0</EXPRESSION_BROW_RAISER_RIGHT>
    <EXPRESSION_BROW_LOWERER_LEFT>100</EXPRESSION_BROW_LOWERER_LEFT>
    <EXPRESSION_BROW_LOWERER_RIGHT>0</EXPRESSION_BROW_LOWERER_RIGHT>
    <EXPRESSION_SMILE>0</EXPRESSION_SMILE>
    <EXPRESSION_KISS>0</EXPRESSION_KISS>
    <EXPRESSION_MOUTH_OPEN>0</EXPRESSION_MOUTH_OPEN>
    <EXPRESSION_EYES_CLOSED_LEFT>0</EXPRESSION_EYES_CLOSED_LEFT>
    <EXPRESSION_EYES_CLOSED_RIGHT>0</EXPRESSION_EYES_CLOSED_RIGHT>
    <EXPRESSION_EYES_TURN_LEFT>0</EXPRESSION_EYES_TURN_LEFT>
    <EXPRESSION_EYES_TURN_RIGHT>0</EXPRESSION_EYES_TURN_RIGHT>
    <EXPRESSION_EYES_UP>100</EXPRESSION_EYES_UP>
    <EXPRESSION_EYES_DOWN>0</EXPRESSION_EYES_DOWN>
    <EMOTION_PRIMARY_ANGER_EVIDENCE>0</EMOTION_PRIMARY_ANGER_EVIDENCE>
    <EMOTION_PRIMARY_ANGER_INTENSITY>0.5379206</EMOTION_PRIMARY_ANGER_INTENSITY>
    <EMOTION_PRIMARY_CONTEMPT_EVIDENCE>-1</EMOTION_PRIMARY_CONTEMPT_EVIDENCE>
    <EMOTION_PRIMARY_CONTEMPT_INTENSITY>0.0111794937</EMOTION_PRIMARY_CONTEMPT_INTENSITY>
    <EMOTION_PRIMARY_DISGUST_EVIDENCE>-1</EMOTION_PRIMARY_DISGUST_EVIDENCE>
    <EMOTION_PRIMARY_DISGUST_INTENSITY>0.00253619975</EMOTION_PRIMARY_DISGUST_INTENSITY>
    <EMOTION_PRIMARY_FEAR_EVIDENCE>0</EMOTION_PRIMARY_FEAR_EVIDENCE>
    <EMOTION_PRIMARY_FEAR_INTENSITY>0.01587438</EMOTION_PRIMARY_FEAR_INTENSITY>
    <EMOTION_PRIMARY_JOY_EVIDENCE>0</EMOTION_PRIMARY_JOY_EVIDENCE>
    <EMOTION_PRIMARY_JOY_INTENSITY>0.207673877</EMOTION_PRIMARY_JOY_INTENSITY>
    <EMOTION_PRIMARY_SADNESS_EVIDENCE>-1</EMOTION_PRIMARY_SADNESS_EVIDENCE>
    <EMOTION_PRIMARY_SADNESS_INTENSITY>0.0008278201</EMOTION_PRIMARY_SADNESS_INTENSITY>
    <EMOTION_PRIMARY_SURPRISE_EVIDENCE>-1</EMOTION_PRIMARY_SURPRISE_EVIDENCE>
    <EMOTION_PRIMARY_SURPRISE_INTENSITY>0.0111986687</EMOTION_PRIMARY_SURPRISE_INTENSITY>
    <EMOTION_SENTIMENT_NEGATIVE_EVIDENCE>0</EMOTION_SENTIMENT_NEGATIVE_EVIDENCE>
    <EMOTION_SENTIMENT_NEGATIVE_INTENSITY>0.212543979</EMOTION_SENTIMENT_NEGATIVE_INTENSITY>
    <EMOTION_SENTIMENT_POSITIVE_EVIDENCE>0</EMOTION_SENTIMENT_POSITIVE_EVIDENCE>
    <EMOTION_SENTIMENT_POSITIVE_INTENSITY>0.37227875</EMOTION_SENTIMENT_POSITIVE_INTENSITY>
    <EMOTION_SENTIMENT_NEUTRAL_EVIDENCE>-1</EMOTION_SENTIMENT_NEUTRAL_EVIDENCE>
    <EMOTION_SENTIMENT_NEUTRAL_INTENSITY>0.0327057652</EMOTION_SENTIMENT_NEUTRAL_INTENSITY>
  </DATA>
</QuizDataSet>