<?xml version="1.0" standalone="yes"?>
<QuizDataSet xmlns="http://tempuri.org/QuizDataSet.xsd">
  <RESPONSES>
    <Text />
    <qID>7</qID>
  </RESPONSES>
  <USERS>
    <Name>John</Name>
  </USERS>
  <DATA>
    <TimeStamp>116003</TimeStamp>
    <NumFaces>1</NumFaces>
    <Pulse>73</Pulse>
    <EXPRESSION_BROW_RAISER_LEFT>0</EXPRESSION_BROW_RAISER_LEFT>
    <EXPRESSION_BROW_RAISER_RIGHT>0</EXPRESSION_BROW_RAISER_RIGHT>
    <EXPRESSION_BROW_LOWERER_LEFT>100</EXPRESSION_BROW_LOWERER_LEFT>
    <EXPRESSION_BROW_LOWERER_RIGHT>100</EXPRESSION_BROW_LOWERER_RIGHT>
    <EXPRESSION_SMILE>0</EXPRESSION_SMILE>
    <EXPRESSION_KISS>0</EXPRESSION_KISS>
    <EXPRESSION_MOUTH_OPEN>0</EXPRESSION_MOUTH_OPEN>
    <EXPRESSION_EYES_CLOSED_LEFT>100</EXPRESSION_EYES_CLOSED_LEFT>
    <EXPRESSION_EYES_CLOSED_RIGHT>100</EXPRESSION_EYES_CLOSED_RIGHT>
    <EXPRESSION_EYES_TURN_LEFT>0</EXPRESSION_EYES_TURN_LEFT>
    <EXPRESSION_EYES_TURN_RIGHT>0</EXPRESSION_EYES_TURN_RIGHT>
    <EXPRESSION_EYES_UP>0</EXPRESSION_EYES_UP>
    <EXPRESSION_EYES_DOWN>100</EXPRESSION_EYES_DOWN>
    <EMOTION_PRIMARY_ANGER_EVIDENCE>0</EMOTION_PRIMARY_ANGER_EVIDENCE>
    <EMOTION_PRIMARY_ANGER_INTENSITY>0.905199766</EMOTION_PRIMARY_ANGER_INTENSITY>
    <EMOTION_PRIMARY_CONTEMPT_EVIDENCE>-1</EMOTION_PRIMARY_CONTEMPT_EVIDENCE>
    <EMOTION_PRIMARY_CONTEMPT_INTENSITY>0.009697954</EMOTION_PRIMARY_CONTEMPT_INTENSITY>
    <EMOTION_PRIMARY_DISGUST_EVIDENCE>0</EMOTION_PRIMARY_DISGUST_EVIDENCE>
    <EMOTION_PRIMARY_DISGUST_INTENSITY>0.240620866</EMOTION_PRIMARY_DISGUST_INTENSITY>
    <EMOTION_PRIMARY_FEAR_EVIDENCE>0</EMOTION_PRIMARY_FEAR_EVIDENCE>
    <EMOTION_PRIMARY_FEAR_INTENSITY>0.0886578</EMOTION_PRIMARY_FEAR_INTENSITY>
    <EMOTION_PRIMARY_JOY_EVIDENCE>-3</EMOTION_PRIMARY_JOY_EVIDENCE>
    <EMOTION_PRIMARY_JOY_INTENSITY>0.000317316</EMOTION_PRIMARY_JOY_INTENSITY>
    <EMOTION_PRIMARY_SADNESS_EVIDENCE>0</EMOTION_PRIMARY_SADNESS_EVIDENCE>
    <EMOTION_PRIMARY_SADNESS_INTENSITY>0.248941183</EMOTION_PRIMARY_SADNESS_INTENSITY>
    <EMOTION_PRIMARY_SURPRISE_EVIDENCE>-1</EMOTION_PRIMARY_SURPRISE_EVIDENCE>
    <EMOTION_PRIMARY_SURPRISE_INTENSITY>0.00352849</EMOTION_PRIMARY_SURPRISE_INTENSITY>
    <EMOTION_SENTIMENT_NEGATIVE_EVIDENCE>5</EMOTION_SENTIMENT_NEGATIVE_EVIDENCE>
    <EMOTION_SENTIMENT_NEGATIVE_INTENSITY>0.998596847</EMOTION_SENTIMENT_NEGATIVE_INTENSITY>
    <EMOTION_SENTIMENT_POSITIVE_EVIDENCE>-1</EMOTION_SENTIMENT_POSITIVE_EVIDENCE>
    <EMOTION_SENTIMENT_POSITIVE_INTENSITY>0.0197907668</EMOTION_SENTIMENT_POSITIVE_INTENSITY>
    <EMOTION_SENTIMENT_NEUTRAL_EVIDENCE>0</EMOTION_SENTIMENT_NEUTRAL_EVIDENCE>
    <EMOTION_SENTIMENT_NEUTRAL_INTENSITY>0.278778046</EMOTION_SENTIMENT_NEUTRAL_INTENSITY>
  </DATA>
  <DATA>
    <TimeStamp>116204</TimeStamp>
    <NumFaces>1</NumFaces>
    <Pulse>73</Pulse>
    <EXPRESSION_BROW_RAISER_LEFT>0</EXPRESSION_BROW_RAISER_LEFT>
    <EXPRESSION_BROW_RAISER_RIGHT>0</EXPRESSION_BROW_RAISER_RIGHT>
    <EXPRESSION_BROW_LOWERER_LEFT>100</EXPRESSION_BROW_LOWERER_LEFT>
    <EXPRESSION_BROW_LOWERER_RIGHT>100</EXPRESSION_BROW_LOWERER_RIGHT>
    <EXPRESSION_SMILE>0</EXPRESSION_SMILE>
    <EXPRESSION_KISS>0</EXPRESSION_KISS>
    <EXPRESSION_MOUTH_OPEN>0</EXPRESSION_MOUTH_OPEN>
    <EXPRESSION_EYES_CLOSED_LEFT>100</EXPRESSION_EYES_CLOSED_LEFT>
    <EXPRESSION_EYES_CLOSED_RIGHT>13</EXPRESSION_EYES_CLOSED_RIGHT>
    <EXPRESSION_EYES_TURN_LEFT>100</EXPRESSION_EYES_TURN_LEFT>
    <EXPRESSION_EYES_TURN_RIGHT>0</EXPRESSION_EYES_TURN_RIGHT>
    <EXPRESSION_EYES_UP>0</EXPRESSION_EYES_UP>
    <EXPRESSION_EYES_DOWN>100</EXPRESSION_EYES_DOWN>
    <EMOTION_PRIMARY_ANGER_EVIDENCE>1</EMOTION_PRIMARY_ANGER_EVIDENCE>
    <EMOTION_PRIMARY_ANGER_INTENSITY>0.9471143</EMOTION_PRIMARY_ANGER_INTENSITY>
    <EMOTION_PRIMARY_CONTEMPT_EVIDENCE>-1</EMOTION_PRIMARY_CONTEMPT_EVIDENCE>
    <EMOTION_PRIMARY_CONTEMPT_INTENSITY>0.0125580709</EMOTION_PRIMARY_CONTEMPT_INTENSITY>
    <EMOTION_PRIMARY_DISGUST_EVIDENCE>0</EMOTION_PRIMARY_DISGUST_EVIDENCE>
    <EMOTION_PRIMARY_DISGUST_INTENSITY>0.0915632844</EMOTION_PRIMARY_DISGUST_INTENSITY>
    <EMOTION_PRIMARY_FEAR_EVIDENCE>0</EMOTION_PRIMARY_FEAR_EVIDENCE>
    <EMOTION_PRIMARY_FEAR_INTENSITY>0.16928643</EMOTION_PRIMARY_FEAR_INTENSITY>
    <EMOTION_PRIMARY_JOY_EVIDENCE>-2</EMOTION_PRIMARY_JOY_EVIDENCE>
    <EMOTION_PRIMARY_JOY_INTENSITY>0.0005744237</EMOTION_PRIMARY_JOY_INTENSITY>
    <EMOTION_PRIMARY_SADNESS_EVIDENCE>0</EMOTION_PRIMARY_SADNESS_EVIDENCE>
    <EMOTION_PRIMARY_SADNESS_INTENSITY>0.109418623</EMOTION_PRIMARY_SADNESS_INTENSITY>
    <EMOTION_PRIMARY_SURPRISE_EVIDENCE>-1</EMOTION_PRIMARY_SURPRISE_EVIDENCE>
    <EMOTION_PRIMARY_SURPRISE_INTENSITY>0.00302983331</EMOTION_PRIMARY_SURPRISE_INTENSITY>
    <EMOTION_SENTIMENT_NEGATIVE_EVIDENCE>4</EMOTION_SENTIMENT_NEGATIVE_EVIDENCE>
    <EMOTION_SENTIMENT_NEGATIVE_INTENSITY>0.9944512</EMOTION_SENTIMENT_NEGATIVE_INTENSITY>
    <EMOTION_SENTIMENT_POSITIVE_EVIDENCE>-1</EMOTION_SENTIMENT_POSITIVE_EVIDENCE>
    <EMOTION_SENTIMENT_POSITIVE_INTENSITY>0.0228113178</EMOTION_SENTIMENT_POSITIVE_INTENSITY>
    <EMOTION_SENTIMENT_NEUTRAL_EVIDENCE>0</EMOTION_SENTIMENT_NEUTRAL_EVIDENCE>
    <EMOTION_SENTIMENT_NEUTRAL_INTENSITY>0.420087934</EMOTION_SENTIMENT_NEUTRAL_INTENSITY>
  </DATA>
  <DATA>
    <TimeStamp>116405</TimeStamp>
    <NumFaces>1</NumFaces>
    <Pulse>73</Pulse>
    <EXPRESSION_BROW_RAISER_LEFT>0</EXPRESSION_BROW_RAISER_LEFT>
    <EXPRESSION_BROW_RAISER_RIGHT>0</EXPRESSION_BROW_RAISER_RIGHT>
    <EXPRESSION_BROW_LOWERER_LEFT>100</EXPRESSION_BROW_LOWERER_LEFT>
    <EXPRESSION_BROW_LOWERER_RIGHT>100</EXPRESSION_BROW_LOWERER_RIGHT>
    <EXPRESSION_SMILE>0</EXPRESSION_SMILE>
    <EXPRESSION_KISS>0</EXPRESSION_KISS>
    <EXPRESSION_MOUTH_OPEN>0</EXPRESSION_MOUTH_OPEN>
    <EXPRESSION_EYES_CLOSED_LEFT>0</EXPRESSION_EYES_CLOSED_LEFT>
    <EXPRESSION_EYES_CLOSED_RIGHT>0</EXPRESSION_EYES_CLOSED_RIGHT>
    <EXPRESSION_EYES_TURN_LEFT>100</EXPRESSION_EYES_TURN_LEFT>
    <EXPRESSION_EYES_TURN_RIGHT>0</EXPRESSION_EYES_TURN_RIGHT>
    <EXPRESSION_EYES_UP>0</EXPRESSION_EYES_UP>
    <EXPRESSION_EYES_DOWN>100</EXPRESSION_EYES_DOWN>
    <EMOTION_PRIMARY_ANGER_EVIDENCE>1</EMOTION_PRIMARY_ANGER_EVIDENCE>
    <EMOTION_PRIMARY_ANGER_INTENSITY>0.9591659</EMOTION_PRIMARY_ANGER_INTENSITY>
    <EMOTION_PRIMARY_CONTEMPT_EVIDENCE>-1</EMOTION_PRIMARY_CONTEMPT_EVIDENCE>
    <EMOTION_PRIMARY_CONTEMPT_INTENSITY>0.0141853122</EMOTION_PRIMARY_CONTEMPT_INTENSITY>
    <EMOTION_PRIMARY_DISGUST_EVIDENCE>0</EMOTION_PRIMARY_DISGUST_EVIDENCE>
    <EMOTION_PRIMARY_DISGUST_INTENSITY>0.09980341</EMOTION_PRIMARY_DISGUST_INTENSITY>
    <EMOTION_PRIMARY_FEAR_EVIDENCE>0</EMOTION_PRIMARY_FEAR_EVIDENCE>
    <EMOTION_PRIMARY_FEAR_INTENSITY>0.3846464</EMOTION_PRIMARY_FEAR_INTENSITY>
    <EMOTION_PRIMARY_JOY_EVIDENCE>-3</EMOTION_PRIMARY_JOY_EVIDENCE>
    <EMOTION_PRIMARY_JOY_INTENSITY>0.000409027678</EMOTION_PRIMARY_JOY_INTENSITY>
    <EMOTION_PRIMARY_SADNESS_EVIDENCE>0</EMOTION_PRIMARY_SADNESS_EVIDENCE>
    <EMOTION_PRIMARY_SADNESS_INTENSITY>0.026106732</EMOTION_PRIMARY_SADNESS_INTENSITY>
    <EMOTION_PRIMARY_SURPRISE_EVIDENCE>-1</EMOTION_PRIMARY_SURPRISE_EVIDENCE>
    <EMOTION_PRIMARY_SURPRISE_INTENSITY>0.004861432</EMOTION_PRIMARY_SURPRISE_INTENSITY>
    <EMOTION_SENTIMENT_NEGATIVE_EVIDENCE>5</EMOTION_SENTIMENT_NEGATIVE_EVIDENCE>
    <EMOTION_SENTIMENT_NEGATIVE_INTENSITY>0.997419834</EMOTION_SENTIMENT_NEGATIVE_INTENSITY>
    <EMOTION_SENTIMENT_POSITIVE_EVIDENCE>-1</EMOTION_SENTIMENT_POSITIVE_EVIDENCE>
    <EMOTION_SENTIMENT_POSITIVE_INTENSITY>0.0193382446</EMOTION_SENTIMENT_POSITIVE_INTENSITY>
    <EMOTION_SENTIMENT_NEUTRAL_EVIDENCE>0</EMOTION_SENTIMENT_NEUTRAL_EVIDENCE>
    <EMOTION_SENTIMENT_NEUTRAL_INTENSITY>0.200643152</EMOTION_SENTIMENT_NEUTRAL_INTENSITY>
  </DATA>
  <DATA>
    <TimeStamp>116606</TimeStamp>
    <NumFaces>1</NumFaces>
    <Pulse>73</Pulse>
    <EXPRESSION_BROW_RAISER_LEFT>0</EXPRESSION_BROW_RAISER_LEFT>
    <EXPRESSION_BROW_RAISER_RIGHT>0</EXPRESSION_BROW_RAISER_RIGHT>
    <EXPRESSION_BROW_LOWERER_LEFT>100</EXPRESSION_BROW_LOWERER_LEFT>
    <EXPRESSION_BROW_LOWERER_RIGHT>0</EXPRESSION_BROW_LOWERER_RIGHT>
    <EXPRESSION_SMILE>0</EXPRESSION_SMILE>
    <EXPRESSION_KISS>0</EXPRESSION_KISS>
    <EXPRESSION_MOUTH_OPEN>0</EXPRESSION_MOUTH_OPEN>
    <EXPRESSION_EYES_CLOSED_LEFT>0</EXPRESSION_EYES_CLOSED_LEFT>
    <EXPRESSION_EYES_CLOSED_RIGHT>100</EXPRESSION_EYES_CLOSED_RIGHT>
    <EXPRESSION_EYES_TURN_LEFT>100</EXPRESSION_EYES_TURN_LEFT>
    <EXPRESSION_EYES_TURN_RIGHT>0</EXPRESSION_EYES_TURN_RIGHT>
    <EXPRESSION_EYES_UP>0</EXPRESSION_EYES_UP>
    <EXPRESSION_EYES_DOWN>100</EXPRESSION_EYES_DOWN>
    <EMOTION_PRIMARY_ANGER_EVIDENCE>0</EMOTION_PRIMARY_ANGER_EVIDENCE>
    <EMOTION_PRIMARY_ANGER_INTENSITY>0.6667821</EMOTION_PRIMARY_ANGER_INTENSITY>
    <EMOTION_PRIMARY_CONTEMPT_EVIDENCE>-1</EMOTION_PRIMARY_CONTEMPT_EVIDENCE>
    <EMOTION_PRIMARY_CONTEMPT_INTENSITY>0.0145076392</EMOTION_PRIMARY_CONTEMPT_INTENSITY>
    <EMOTION_PRIMARY_DISGUST_EVIDENCE>0</EMOTION_PRIMARY_DISGUST_EVIDENCE>
    <EMOTION_PRIMARY_DISGUST_INTENSITY>0.0505190678</EMOTION_PRIMARY_DISGUST_INTENSITY>
    <EMOTION_PRIMARY_FEAR_EVIDENCE>0</EMOTION_PRIMARY_FEAR_EVIDENCE>
    <EMOTION_PRIMARY_FEAR_INTENSITY>0.682148933</EMOTION_PRIMARY_FEAR_INTENSITY>
    <EMOTION_PRIMARY_JOY_EVIDENCE>-2</EMOTION_PRIMARY_JOY_EVIDENCE>
    <EMOTION_PRIMARY_JOY_INTENSITY>0.0005003017</EMOTION_PRIMARY_JOY_INTENSITY>
    <EMOTION_PRIMARY_SADNESS_EVIDENCE>0</EMOTION_PRIMARY_SADNESS_EVIDENCE>
    <EMOTION_PRIMARY_SADNESS_INTENSITY>0.108496122</EMOTION_PRIMARY_SADNESS_INTENSITY>
    <EMOTION_PRIMARY_SURPRISE_EVIDENCE>-1</EMOTION_PRIMARY_SURPRISE_EVIDENCE>
    <EMOTION_PRIMARY_SURPRISE_INTENSITY>0.004758973</EMOTION_PRIMARY_SURPRISE_INTENSITY>
    <EMOTION_SENTIMENT_NEGATIVE_EVIDENCE>3</EMOTION_SENTIMENT_NEGATIVE_EVIDENCE>
    <EMOTION_SENTIMENT_NEGATIVE_INTENSITY>0.980386734</EMOTION_SENTIMENT_NEGATIVE_INTENSITY>
    <EMOTION_SENTIMENT_POSITIVE_EVIDENCE>-1</EMOTION_SENTIMENT_POSITIVE_EVIDENCE>
    <EMOTION_SENTIMENT_POSITIVE_INTENSITY>0.0228894837</EMOTION_SENTIMENT_POSITIVE_INTENSITY>
    <EMOTION_SENTIMENT_NEUTRAL_EVIDENCE>0</EMOTION_SENTIMENT_NEUTRAL_EVIDENCE>
    <EMOTION_SENTIMENT_NEUTRAL_INTENSITY>0.486217916</EMOTION_SENTIMENT_NEUTRAL_INTENSITY>
  </DATA>
  <DATA>
    <TimeStamp>116807</TimeStamp>
    <NumFaces>1</NumFaces>
    <Pulse>73</Pulse>
    <EXPRESSION_BROW_RAISER_LEFT>0</EXPRESSION_BROW_RAISER_LEFT>
    <EXPRESSION_BROW_RAISER_RIGHT>0</EXPRESSION_BROW_RAISER_RIGHT>
    <EXPRESSION_BROW_LOWERER_LEFT>100</EXPRESSION_BROW_LOWERER_LEFT>
    <EXPRESSION_BROW_LOWERER_RIGHT>100</EXPRESSION_BROW_LOWERER_RIGHT>
    <EXPRESSION_SMILE>0</EXPRESSION_SMILE>
    <EXPRESSION_KISS>0</EXPRESSION_KISS>
    <EXPRESSION_MOUTH_OPEN>0</EXPRESSION_MOUTH_OPEN>
    <EXPRESSION_EYES_CLOSED_LEFT>0</EXPRESSION_EYES_CLOSED_LEFT>
    <EXPRESSION_EYES_CLOSED_RIGHT>0</EXPRESSION_EYES_CLOSED_RIGHT>
    <EXPRESSION_EYES_TURN_LEFT>100</EXPRESSION_EYES_TURN_LEFT>
    <EXPRESSION_EYES_TURN_RIGHT>0</EXPRESSION_EYES_TURN_RIGHT>
    <EXPRESSION_EYES_UP>0</EXPRESSION_EYES_UP>
    <EXPRESSION_EYES_DOWN>100</EXPRESSION_EYES_DOWN>
    <EMOTION_PRIMARY_ANGER_EVIDENCE>0</EMOTION_PRIMARY_ANGER_EVIDENCE>
    <EMOTION_PRIMARY_ANGER_INTENSITY>0.7090544</EMOTION_PRIMARY_ANGER_INTENSITY>
    <EMOTION_PRIMARY_CONTEMPT_EVIDENCE>-1</EMOTION_PRIMARY_CONTEMPT_EVIDENCE>
    <EMOTION_PRIMARY_CONTEMPT_INTENSITY>0.0109220529</EMOTION_PRIMARY_CONTEMPT_INTENSITY>
    <EMOTION_PRIMARY_DISGUST_EVIDENCE>0</EMOTION_PRIMARY_DISGUST_EVIDENCE>
    <EMOTION_PRIMARY_DISGUST_INTENSITY>0.06755726</EMOTION_PRIMARY_DISGUST_INTENSITY>
    <EMOTION_PRIMARY_FEAR_EVIDENCE>0</EMOTION_PRIMARY_FEAR_EVIDENCE>
    <EMOTION_PRIMARY_FEAR_INTENSITY>0.423272729</EMOTION_PRIMARY_FEAR_INTENSITY>
    <EMOTION_PRIMARY_JOY_EVIDENCE>-2</EMOTION_PRIMARY_JOY_EVIDENCE>
    <EMOTION_PRIMARY_JOY_INTENSITY>0.0006367575</EMOTION_PRIMARY_JOY_INTENSITY>
    <EMOTION_PRIMARY_SADNESS_EVIDENCE>0</EMOTION_PRIMARY_SADNESS_EVIDENCE>
    <EMOTION_PRIMARY_SADNESS_INTENSITY>0.0432200432</EMOTION_PRIMARY_SADNESS_INTENSITY>
    <EMOTION_PRIMARY_SURPRISE_EVIDENCE>-1</EMOTION_PRIMARY_SURPRISE_EVIDENCE>
    <EMOTION_PRIMARY_SURPRISE_INTENSITY>0.008313468</EMOTION_PRIMARY_SURPRISE_INTENSITY>
    <EMOTION_SENTIMENT_NEGATIVE_EVIDENCE>3</EMOTION_SENTIMENT_NEGATIVE_EVIDENCE>
    <EMOTION_SENTIMENT_NEGATIVE_INTENSITY>0.9513248</EMOTION_SENTIMENT_NEGATIVE_INTENSITY>
    <EMOTION_SENTIMENT_POSITIVE_EVIDENCE>-1</EMOTION_SENTIMENT_POSITIVE_EVIDENCE>
    <EMOTION_SENTIMENT_POSITIVE_INTENSITY>0.0255745035</EMOTION_SENTIMENT_POSITIVE_INTENSITY>
    <EMOTION_SENTIMENT_NEUTRAL_EVIDENCE>0</EMOTION_SENTIMENT_NEUTRAL_EVIDENCE>
    <EMOTION_SENTIMENT_NEUTRAL_INTENSITY>0.5715577</EMOTION_SENTIMENT_NEUTRAL_INTENSITY>
  </DATA>
  <DATA>
    <TimeStamp>117008</TimeStamp>
    <NumFaces>1</NumFaces>
    <Pulse>73</Pulse>
    <EXPRESSION_BROW_RAISER_LEFT>0</EXPRESSION_BROW_RAISER_LEFT>
    <EXPRESSION_BROW_RAISER_RIGHT>0</EXPRESSION_BROW_RAISER_RIGHT>
    <EXPRESSION_BROW_LOWERER_LEFT>100</EXPRESSION_BROW_LOWERER_LEFT>
    <EXPRESSION_BROW_LOWERER_RIGHT>0</EXPRESSION_BROW_LOWERER_RIGHT>
    <EXPRESSION_SMILE>0</EXPRESSION_SMILE>
    <EXPRESSION_KISS>0</EXPRESSION_KISS>
    <EXPRESSION_MOUTH_OPEN>0</EXPRESSION_MOUTH_OPEN>
    <EXPRESSION_EYES_CLOSED_LEFT>51</EXPRESSION_EYES_CLOSED_LEFT>
    <EXPRESSION_EYES_CLOSED_RIGHT>0</EXPRESSION_EYES_CLOSED_RIGHT>
    <EXPRESSION_EYES_TURN_LEFT>100</EXPRESSION_EYES_TURN_LEFT>
    <EXPRESSION_EYES_TURN_RIGHT>0</EXPRESSION_EYES_TURN_RIGHT>
    <EXPRESSION_EYES_UP>0</EXPRESSION_EYES_UP>
    <EXPRESSION_EYES_DOWN>0</EXPRESSION_EYES_DOWN>
    <EMOTION_PRIMARY_ANGER_EVIDENCE>0</EMOTION_PRIMARY_ANGER_EVIDENCE>
    <EMOTION_PRIMARY_ANGER_INTENSITY>0.2691187</EMOTION_PRIMARY_ANGER_INTENSITY>
    <EMOTION_PRIMARY_CONTEMPT_EVIDENCE>-1</EMOTION_PRIMARY_CONTEMPT_EVIDENCE>
    <EMOTION_PRIMARY_CONTEMPT_INTENSITY>0.01016217</EMOTION_PRIMARY_CONTEMPT_INTENSITY>
    <EMOTION_PRIMARY_DISGUST_EVIDENCE>0</EMOTION_PRIMARY_DISGUST_EVIDENCE>
    <EMOTION_PRIMARY_DISGUST_INTENSITY>0.140563309</EMOTION_PRIMARY_DISGUST_INTENSITY>
    <EMOTION_PRIMARY_FEAR_EVIDENCE>0</EMOTION_PRIMARY_FEAR_EVIDENCE>
    <EMOTION_PRIMARY_FEAR_INTENSITY>0.276627034</EMOTION_PRIMARY_FEAR_INTENSITY>
    <EMOTION_PRIMARY_JOY_EVIDENCE>-2</EMOTION_PRIMARY_JOY_EVIDENCE>
    <EMOTION_PRIMARY_JOY_INTENSITY>0.0009498722</EMOTION_PRIMARY_JOY_INTENSITY>
    <EMOTION_PRIMARY_SADNESS_EVIDENCE>0</EMOTION_PRIMARY_SADNESS_EVIDENCE>
    <EMOTION_PRIMARY_SADNESS_INTENSITY>0.0148460167</EMOTION_PRIMARY_SADNESS_INTENSITY>
    <EMOTION_PRIMARY_SURPRISE_EVIDENCE>0</EMOTION_PRIMARY_SURPRISE_EVIDENCE>
    <EMOTION_PRIMARY_SURPRISE_INTENSITY>0.05110792</EMOTION_PRIMARY_SURPRISE_INTENSITY>
    <EMOTION_SENTIMENT_NEGATIVE_EVIDENCE>2</EMOTION_SENTIMENT_NEGATIVE_EVIDENCE>
    <EMOTION_SENTIMENT_NEGATIVE_INTENSITY>0.847553968</EMOTION_SENTIMENT_NEGATIVE_INTENSITY>
    <EMOTION_SENTIMENT_POSITIVE_EVIDENCE>-1</EMOTION_SENTIMENT_POSITIVE_EVIDENCE>
    <EMOTION_SENTIMENT_POSITIVE_INTENSITY>0.0311899316</EMOTION_SENTIMENT_POSITIVE_INTENSITY>
    <EMOTION_SENTIMENT_NEUTRAL_EVIDENCE>0</EMOTION_SENTIMENT_NEUTRAL_EVIDENCE>
    <EMOTION_SENTIMENT_NEUTRAL_INTENSITY>0.364027321</EMOTION_SENTIMENT_NEUTRAL_INTENSITY>
  </DATA>
  <DATA>
    <TimeStamp>117209</TimeStamp>
    <NumFaces>1</NumFaces>
    <Pulse>73</Pulse>
    <EXPRESSION_BROW_RAISER_LEFT>0</EXPRESSION_BROW_RAISER_LEFT>
    <EXPRESSION_BROW_RAISER_RIGHT>0</EXPRESSION_BROW_RAISER_RIGHT>
    <EXPRESSION_BROW_LOWERER_LEFT>100</EXPRESSION_BROW_LOWERER_LEFT>
    <EXPRESSION_BROW_LOWERER_RIGHT>0</EXPRESSION_BROW_LOWERER_RIGHT>
    <EXPRESSION_SMILE>0</EXPRESSION_SMILE>
    <EXPRESSION_KISS>0</EXPRESSION_KISS>
    <EXPRESSION_MOUTH_OPEN>0</EXPRESSION_MOUTH_OPEN>
    <EXPRESSION_EYES_CLOSED_LEFT>0</EXPRESSION_EYES_CLOSED_LEFT>
    <EXPRESSION_EYES_CLOSED_RIGHT>0</EXPRESSION_EYES_CLOSED_RIGHT>
    <EXPRESSION_EYES_TURN_LEFT>100</EXPRESSION_EYES_TURN_LEFT>
    <EXPRESSION_EYES_TURN_RIGHT>0</EXPRESSION_EYES_TURN_RIGHT>
    <EXPRESSION_EYES_UP>0</EXPRESSION_EYES_UP>
    <EXPRESSION_EYES_DOWN>0</EXPRESSION_EYES_DOWN>
    <EMOTION_PRIMARY_ANGER_EVIDENCE>0</EMOTION_PRIMARY_ANGER_EVIDENCE>
    <EMOTION_PRIMARY_ANGER_INTENSITY>0.2752981</EMOTION_PRIMARY_ANGER_INTENSITY>
    <EMOTION_PRIMARY_CONTEMPT_EVIDENCE>-1</EMOTION_PRIMARY_CONTEMPT_EVIDENCE>
    <EMOTION_PRIMARY_CONTEMPT_INTENSITY>0.0108763436</EMOTION_PRIMARY_CONTEMPT_INTENSITY>
    <EMOTION_PRIMARY_DISGUST_EVIDENCE>0</EMOTION_PRIMARY_DISGUST_EVIDENCE>
    <EMOTION_PRIMARY_DISGUST_INTENSITY>0.145678356</EMOTION_PRIMARY_DISGUST_INTENSITY>
    <EMOTION_PRIMARY_FEAR_EVIDENCE>0</EMOTION_PRIMARY_FEAR_EVIDENCE>
    <EMOTION_PRIMARY_FEAR_INTENSITY>0.218011349</EMOTION_PRIMARY_FEAR_INTENSITY>
    <EMOTION_PRIMARY_JOY_EVIDENCE>-2</EMOTION_PRIMARY_JOY_EVIDENCE>
    <EMOTION_PRIMARY_JOY_INTENSITY>0.0009924343</EMOTION_PRIMARY_JOY_INTENSITY>
    <EMOTION_PRIMARY_SADNESS_EVIDENCE>0</EMOTION_PRIMARY_SADNESS_EVIDENCE>
    <EMOTION_PRIMARY_SADNESS_INTENSITY>0.0147383548</EMOTION_PRIMARY_SADNESS_INTENSITY>
    <EMOTION_PRIMARY_SURPRISE_EVIDENCE>0</EMOTION_PRIMARY_SURPRISE_EVIDENCE>
    <EMOTION_PRIMARY_SURPRISE_INTENSITY>0.0703605562</EMOTION_PRIMARY_SURPRISE_INTENSITY>
    <EMOTION_SENTIMENT_NEGATIVE_EVIDENCE>2</EMOTION_SENTIMENT_NEGATIVE_EVIDENCE>
    <EMOTION_SENTIMENT_NEGATIVE_INTENSITY>0.809961855</EMOTION_SENTIMENT_NEGATIVE_INTENSITY>
    <EMOTION_SENTIMENT_POSITIVE_EVIDENCE>-1</EMOTION_SENTIMENT_POSITIVE_EVIDENCE>
    <EMOTION_SENTIMENT_POSITIVE_INTENSITY>0.0324499421</EMOTION_SENTIMENT_POSITIVE_INTENSITY>
    <EMOTION_SENTIMENT_NEUTRAL_EVIDENCE>0</EMOTION_SENTIMENT_NEUTRAL_EVIDENCE>
    <EMOTION_SENTIMENT_NEUTRAL_INTENSITY>0.383446544</EMOTION_SENTIMENT_NEUTRAL_INTENSITY>
  </DATA>
  <DATA>
    <TimeStamp>117409</TimeStamp>
    <NumFaces>1</NumFaces>
    <Pulse>73</Pulse>
    <EXPRESSION_BROW_RAISER_LEFT>0</EXPRESSION_BROW_RAISER_LEFT>
    <EXPRESSION_BROW_RAISER_RIGHT>0</EXPRESSION_BROW_RAISER_RIGHT>
    <EXPRESSION_BROW_LOWERER_LEFT>0</EXPRESSION_BROW_LOWERER_LEFT>
    <EXPRESSION_BROW_LOWERER_RIGHT>0</EXPRESSION_BROW_LOWERER_RIGHT>
    <EXPRESSION_SMILE>0</EXPRESSION_SMILE>
    <EXPRESSION_KISS>0</EXPRESSION_KISS>
    <EXPRESSION_MOUTH_OPEN>0</EXPRESSION_MOUTH_OPEN>
    <EXPRESSION_EYES_CLOSED_LEFT>100</EXPRESSION_EYES_CLOSED_LEFT>
    <EXPRESSION_EYES_CLOSED_RIGHT>100</EXPRESSION_EYES_CLOSED_RIGHT>
    <EXPRESSION_EYES_TURN_LEFT>0</EXPRESSION_EYES_TURN_LEFT>
    <EXPRESSION_EYES_TURN_RIGHT>0</EXPRESSION_EYES_TURN_RIGHT>
    <EXPRESSION_EYES_UP>0</EXPRESSION_EYES_UP>
    <EXPRESSION_EYES_DOWN>0</EXPRESSION_EYES_DOWN>
    <EMOTION_PRIMARY_ANGER_EVIDENCE>0</EMOTION_PRIMARY_ANGER_EVIDENCE>
    <EMOTION_PRIMARY_ANGER_INTENSITY>0.145107731</EMOTION_PRIMARY_ANGER_INTENSITY>
    <EMOTION_PRIMARY_CONTEMPT_EVIDENCE>-1</EMOTION_PRIMARY_CONTEMPT_EVIDENCE>
    <EMOTION_PRIMARY_CONTEMPT_INTENSITY>0.0102101443</EMOTION_PRIMARY_CONTEMPT_INTENSITY>
    <EMOTION_PRIMARY_DISGUST_EVIDENCE>0</EMOTION_PRIMARY_DISGUST_EVIDENCE>
    <EMOTION_PRIMARY_DISGUST_INTENSITY>0.08769336</EMOTION_PRIMARY_DISGUST_INTENSITY>
    <EMOTION_PRIMARY_FEAR_EVIDENCE>0</EMOTION_PRIMARY_FEAR_EVIDENCE>
    <EMOTION_PRIMARY_FEAR_INTENSITY>0.07919146</EMOTION_PRIMARY_FEAR_INTENSITY>
    <EMOTION_PRIMARY_JOY_EVIDENCE>-2</EMOTION_PRIMARY_JOY_EVIDENCE>
    <EMOTION_PRIMARY_JOY_INTENSITY>0.0012889026</EMOTION_PRIMARY_JOY_INTENSITY>
    <EMOTION_PRIMARY_SADNESS_EVIDENCE>0</EMOTION_PRIMARY_SADNESS_EVIDENCE>
    <EMOTION_PRIMARY_SADNESS_INTENSITY>0.03702886</EMOTION_PRIMARY_SADNESS_INTENSITY>
    <EMOTION_PRIMARY_SURPRISE_EVIDENCE>0</EMOTION_PRIMARY_SURPRISE_EVIDENCE>
    <EMOTION_PRIMARY_SURPRISE_INTENSITY>0.0854843557</EMOTION_PRIMARY_SURPRISE_INTENSITY>
    <EMOTION_SENTIMENT_NEGATIVE_EVIDENCE>1</EMOTION_SENTIMENT_NEGATIVE_EVIDENCE>
    <EMOTION_SENTIMENT_NEGATIVE_INTENSITY>0.6313223</EMOTION_SENTIMENT_NEGATIVE_INTENSITY>
    <EMOTION_SENTIMENT_POSITIVE_EVIDENCE>-1</EMOTION_SENTIMENT_POSITIVE_EVIDENCE>
    <EMOTION_SENTIMENT_POSITIVE_INTENSITY>0.0420086235</EMOTION_SENTIMENT_POSITIVE_INTENSITY>
    <EMOTION_SENTIMENT_NEUTRAL_EVIDENCE>0</EMOTION_SENTIMENT_NEUTRAL_EVIDENCE>
    <EMOTION_SENTIMENT_NEUTRAL_INTENSITY>0.386665761</EMOTION_SENTIMENT_NEUTRAL_INTENSITY>
  </DATA>
  <DATA>
    <TimeStamp>117609</TimeStamp>
    <NumFaces>1</NumFaces>
    <Pulse>73</Pulse>
    <EXPRESSION_BROW_RAISER_LEFT>0</EXPRESSION_BROW_RAISER_LEFT>
    <EXPRESSION_BROW_RAISER_RIGHT>0</EXPRESSION_BROW_RAISER_RIGHT>
    <EXPRESSION_BROW_LOWERER_LEFT>0</EXPRESSION_BROW_LOWERER_LEFT>
    <EXPRESSION_BROW_LOWERER_RIGHT>0</EXPRESSION_BROW_LOWERER_RIGHT>
    <EXPRESSION_SMILE>0</EXPRESSION_SMILE>
    <EXPRESSION_KISS>0</EXPRESSION_KISS>
    <EXPRESSION_MOUTH_OPEN>0</EXPRESSION_MOUTH_OPEN>
    <EXPRESSION_EYES_CLOSED_LEFT>0</EXPRESSION_EYES_CLOSED_LEFT>
    <EXPRESSION_EYES_CLOSED_RIGHT>0</EXPRESSION_EYES_CLOSED_RIGHT>
    <EXPRESSION_EYES_TURN_LEFT>0</EXPRESSION_EYES_TURN_LEFT>
    <EXPRESSION_EYES_TURN_RIGHT>0</EXPRESSION_EYES_TURN_RIGHT>
    <EXPRESSION_EYES_UP>0</EXPRESSION_EYES_UP>
    <EXPRESSION_EYES_DOWN>0</EXPRESSION_EYES_DOWN>
    <EMOTION_PRIMARY_ANGER_EVIDENCE>0</EMOTION_PRIMARY_ANGER_EVIDENCE>
    <EMOTION_PRIMARY_ANGER_INTENSITY>0.112405576</EMOTION_PRIMARY_ANGER_INTENSITY>
    <EMOTION_PRIMARY_CONTEMPT_EVIDENCE>-1</EMOTION_PRIMARY_CONTEMPT_EVIDENCE>
    <EMOTION_PRIMARY_CONTEMPT_INTENSITY>0.009566134</EMOTION_PRIMARY_CONTEMPT_INTENSITY>
    <EMOTION_PRIMARY_DISGUST_EVIDENCE>0</EMOTION_PRIMARY_DISGUST_EVIDENCE>
    <EMOTION_PRIMARY_DISGUST_INTENSITY>0.0604138151</EMOTION_PRIMARY_DISGUST_INTENSITY>
    <EMOTION_PRIMARY_FEAR_EVIDENCE>0</EMOTION_PRIMARY_FEAR_EVIDENCE>
    <EMOTION_PRIMARY_FEAR_INTENSITY>0.0735290945</EMOTION_PRIMARY_FEAR_INTENSITY>
    <EMOTION_PRIMARY_JOY_EVIDENCE>-2</EMOTION_PRIMARY_JOY_EVIDENCE>
    <EMOTION_PRIMARY_JOY_INTENSITY>0.00174866267</EMOTION_PRIMARY_JOY_INTENSITY>
    <EMOTION_PRIMARY_SADNESS_EVIDENCE>0</EMOTION_PRIMARY_SADNESS_EVIDENCE>
    <EMOTION_PRIMARY_SADNESS_INTENSITY>0.0250302758</EMOTION_PRIMARY_SADNESS_INTENSITY>
    <EMOTION_PRIMARY_SURPRISE_EVIDENCE>0</EMOTION_PRIMARY_SURPRISE_EVIDENCE>
    <EMOTION_PRIMARY_SURPRISE_INTENSITY>0.040917322</EMOTION_PRIMARY_SURPRISE_INTENSITY>
    <EMOTION_SENTIMENT_NEGATIVE_EVIDENCE>0</EMOTION_SENTIMENT_NEGATIVE_EVIDENCE>
    <EMOTION_SENTIMENT_NEGATIVE_INTENSITY>0.46866256</EMOTION_SENTIMENT_NEGATIVE_INTENSITY>
    <EMOTION_SENTIMENT_POSITIVE_EVIDENCE>-1</EMOTION_SENTIMENT_POSITIVE_EVIDENCE>
    <EMOTION_SENTIMENT_POSITIVE_INTENSITY>0.0490703024</EMOTION_SENTIMENT_POSITIVE_INTENSITY>
    <EMOTION_SENTIMENT_NEUTRAL_EVIDENCE>0</EMOTION_SENTIMENT_NEUTRAL_EVIDENCE>
    <EMOTION_SENTIMENT_NEUTRAL_INTENSITY>0.564122856</EMOTION_SENTIMENT_NEUTRAL_INTENSITY>
  </DATA>
  <DATA>
    <TimeStamp>117810</TimeStamp>
    <NumFaces>1</NumFaces>
    <Pulse>73</Pulse>
    <EXPRESSION_BROW_RAISER_LEFT>0</EXPRESSION_BROW_RAISER_LEFT>
    <EXPRESSION_BROW_RAISER_RIGHT>0</EXPRESSION_BROW_RAISER_RIGHT>
    <EXPRESSION_BROW_LOWERER_LEFT>0</EXPRESSION_BROW_LOWERER_LEFT>
    <EXPRESSION_BROW_LOWERER_RIGHT>0</EXPRESSION_BROW_LOWERER_RIGHT>
    <EXPRESSION_SMILE>0</EXPRESSION_SMILE>
    <EXPRESSION_KISS>0</EXPRESSION_KISS>
    <EXPRESSION_MOUTH_OPEN>0</EXPRESSION_MOUTH_OPEN>
    <EXPRESSION_EYES_CLOSED_LEFT>0</EXPRESSION_EYES_CLOSED_LEFT>
    <EXPRESSION_EYES_CLOSED_RIGHT>0</EXPRESSION_EYES_CLOSED_RIGHT>
    <EXPRESSION_EYES_TURN_LEFT>0</EXPRESSION_EYES_TURN_LEFT>
    <EXPRESSION_EYES_TURN_RIGHT>0</EXPRESSION_EYES_TURN_RIGHT>
    <EXPRESSION_EYES_UP>0</EXPRESSION_EYES_UP>
    <EXPRESSION_EYES_DOWN>0</EXPRESSION_EYES_DOWN>
    <EMOTION_PRIMARY_ANGER_EVIDENCE>0</EMOTION_PRIMARY_ANGER_EVIDENCE>
    <EMOTION_PRIMARY_ANGER_INTENSITY>0.190268338</EMOTION_PRIMARY_ANGER_INTENSITY>
    <EMOTION_PRIMARY_CONTEMPT_EVIDENCE>-1</EMOTION_PRIMARY_CONTEMPT_EVIDENCE>
    <EMOTION_PRIMARY_CONTEMPT_INTENSITY>0.008950333</EMOTION_PRIMARY_CONTEMPT_INTENSITY>
    <EMOTION_PRIMARY_DISGUST_EVIDENCE>0</EMOTION_PRIMARY_DISGUST_EVIDENCE>
    <EMOTION_PRIMARY_DISGUST_INTENSITY>0.0672965646</EMOTION_PRIMARY_DISGUST_INTENSITY>
    <EMOTION_PRIMARY_FEAR_EVIDENCE>0</EMOTION_PRIMARY_FEAR_EVIDENCE>
    <EMOTION_PRIMARY_FEAR_INTENSITY>0.150125086</EMOTION_PRIMARY_FEAR_INTENSITY>
    <EMOTION_PRIMARY_JOY_EVIDENCE>-2</EMOTION_PRIMARY_JOY_EVIDENCE>
    <EMOTION_PRIMARY_JOY_INTENSITY>0.00326476153</EMOTION_PRIMARY_JOY_INTENSITY>
    <EMOTION_PRIMARY_SADNESS_EVIDENCE>0</EMOTION_PRIMARY_SADNESS_EVIDENCE>
    <EMOTION_PRIMARY_SADNESS_INTENSITY>0.0158682968</EMOTION_PRIMARY_SADNESS_INTENSITY>
    <EMOTION_PRIMARY_SURPRISE_EVIDENCE>-1</EMOTION_PRIMARY_SURPRISE_EVIDENCE>
    <EMOTION_PRIMARY_SURPRISE_INTENSITY>0.0135691911</EMOTION_PRIMARY_SURPRISE_INTENSITY>
    <EMOTION_SENTIMENT_NEGATIVE_EVIDENCE>1</EMOTION_SENTIMENT_NEGATIVE_EVIDENCE>
    <EMOTION_SENTIMENT_NEGATIVE_INTENSITY>0.5321885</EMOTION_SENTIMENT_NEGATIVE_INTENSITY>
    <EMOTION_SENTIMENT_POSITIVE_EVIDENCE>-1</EMOTION_SENTIMENT_POSITIVE_EVIDENCE>
    <EMOTION_SENTIMENT_POSITIVE_INTENSITY>0.0541333631</EMOTION_SENTIMENT_POSITIVE_INTENSITY>
    <EMOTION_SENTIMENT_NEUTRAL_EVIDENCE>0</EMOTION_SENTIMENT_NEUTRAL_EVIDENCE>
    <EMOTION_SENTIMENT_NEUTRAL_INTENSITY>0.7073631</EMOTION_SENTIMENT_NEUTRAL_INTENSITY>
  </DATA>
  <DATA>
    <TimeStamp>118011</TimeStamp>
    <NumFaces>1</NumFaces>
    <Pulse>73</Pulse>
    <EXPRESSION_BROW_RAISER_LEFT>0</EXPRESSION_BROW_RAISER_LEFT>
    <EXPRESSION_BROW_RAISER_RIGHT>0</EXPRESSION_BROW_RAISER_RIGHT>
    <EXPRESSION_BROW_LOWERER_LEFT>0</EXPRESSION_BROW_LOWERER_LEFT>
    <EXPRESSION_BROW_LOWERER_RIGHT>9</EXPRESSION_BROW_LOWERER_RIGHT>
    <EXPRESSION_SMILE>0</EXPRESSION_SMILE>
    <EXPRESSION_KISS>0</EXPRESSION_KISS>
    <EXPRESSION_MOUTH_OPEN>0</EXPRESSION_MOUTH_OPEN>
    <EXPRESSION_EYES_CLOSED_LEFT>0</EXPRESSION_EYES_CLOSED_LEFT>
    <EXPRESSION_EYES_CLOSED_RIGHT>0</EXPRESSION_EYES_CLOSED_RIGHT>
    <EXPRESSION_EYES_TURN_LEFT>0</EXPRESSION_EYES_TURN_LEFT>
    <EXPRESSION_EYES_TURN_RIGHT>0</EXPRESSION_EYES_TURN_RIGHT>
    <EXPRESSION_EYES_UP>0</EXPRESSION_EYES_UP>
    <EXPRESSION_EYES_DOWN>0</EXPRESSION_EYES_DOWN>
    <EMOTION_PRIMARY_ANGER_EVIDENCE>0</EMOTION_PRIMARY_ANGER_EVIDENCE>
    <EMOTION_PRIMARY_ANGER_INTENSITY>0.231831565</EMOTION_PRIMARY_ANGER_INTENSITY>
    <EMOTION_PRIMARY_CONTEMPT_EVIDENCE>-1</EMOTION_PRIMARY_CONTEMPT_EVIDENCE>
    <EMOTION_PRIMARY_CONTEMPT_INTENSITY>0.0119940061</EMOTION_PRIMARY_CONTEMPT_INTENSITY>
    <EMOTION_PRIMARY_DISGUST_EVIDENCE>0</EMOTION_PRIMARY_DISGUST_EVIDENCE>
    <EMOTION_PRIMARY_DISGUST_INTENSITY>0.05488361</EMOTION_PRIMARY_DISGUST_INTENSITY>
    <EMOTION_PRIMARY_FEAR_EVIDENCE>0</EMOTION_PRIMARY_FEAR_EVIDENCE>
    <EMOTION_PRIMARY_FEAR_INTENSITY>0.195767313</EMOTION_PRIMARY_FEAR_INTENSITY>
    <EMOTION_PRIMARY_JOY_EVIDENCE>-2</EMOTION_PRIMARY_JOY_EVIDENCE>
    <EMOTION_PRIMARY_JOY_INTENSITY>0.00300505431</EMOTION_PRIMARY_JOY_INTENSITY>
    <EMOTION_PRIMARY_SADNESS_EVIDENCE>0</EMOTION_PRIMARY_SADNESS_EVIDENCE>
    <EMOTION_PRIMARY_SADNESS_INTENSITY>0.0154148135</EMOTION_PRIMARY_SADNESS_INTENSITY>
    <EMOTION_PRIMARY_SURPRISE_EVIDENCE>-1</EMOTION_PRIMARY_SURPRISE_EVIDENCE>
    <EMOTION_PRIMARY_SURPRISE_INTENSITY>0.0143138813</EMOTION_PRIMARY_SURPRISE_INTENSITY>
    <EMOTION_SENTIMENT_NEGATIVE_EVIDENCE>1</EMOTION_SENTIMENT_NEGATIVE_EVIDENCE>
    <EMOTION_SENTIMENT_NEGATIVE_INTENSITY>0.513237238</EMOTION_SENTIMENT_NEGATIVE_INTENSITY>
    <EMOTION_SENTIMENT_POSITIVE_EVIDENCE>-1</EMOTION_SENTIMENT_POSITIVE_EVIDENCE>
    <EMOTION_SENTIMENT_POSITIVE_INTENSITY>0.05175048</EMOTION_SENTIMENT_POSITIVE_INTENSITY>
    <EMOTION_SENTIMENT_NEUTRAL_EVIDENCE>0</EMOTION_SENTIMENT_NEUTRAL_EVIDENCE>
    <EMOTION_SENTIMENT_NEUTRAL_INTENSITY>0.7511663</EMOTION_SENTIMENT_NEUTRAL_INTENSITY>
  </DATA>
  <DATA>
    <TimeStamp>118211</TimeStamp>
    <NumFaces>1</NumFaces>
    <Pulse>73</Pulse>
    <EXPRESSION_BROW_RAISER_LEFT>0</EXPRESSION_BROW_RAISER_LEFT>
    <EXPRESSION_BROW_RAISER_RIGHT>0</EXPRESSION_BROW_RAISER_RIGHT>
    <EXPRESSION_BROW_LOWERER_LEFT>0</EXPRESSION_BROW_LOWERER_LEFT>
    <EXPRESSION_BROW_LOWERER_RIGHT>0</EXPRESSION_BROW_LOWERER_RIGHT>
    <EXPRESSION_SMILE>0</EXPRESSION_SMILE>
    <EXPRESSION_KISS>0</EXPRESSION_KISS>
    <EXPRESSION_MOUTH_OPEN>0</EXPRESSION_MOUTH_OPEN>
    <EXPRESSION_EYES_CLOSED_LEFT>0</EXPRESSION_EYES_CLOSED_LEFT>
    <EXPRESSION_EYES_CLOSED_RIGHT>0</EXPRESSION_EYES_CLOSED_RIGHT>
    <EXPRESSION_EYES_TURN_LEFT>0</EXPRESSION_EYES_TURN_LEFT>
    <EXPRESSION_EYES_TURN_RIGHT>0</EXPRESSION_EYES_TURN_RIGHT>
    <EXPRESSION_EYES_UP>0</EXPRESSION_EYES_UP>
    <EXPRESSION_EYES_DOWN>0</EXPRESSION_EYES_DOWN>
    <EMOTION_PRIMARY_ANGER_EVIDENCE>0</EMOTION_PRIMARY_ANGER_EVIDENCE>
    <EMOTION_PRIMARY_ANGER_INTENSITY>0.114174962</EMOTION_PRIMARY_ANGER_INTENSITY>
    <EMOTION_PRIMARY_CONTEMPT_EVIDENCE>-1</EMOTION_PRIMARY_CONTEMPT_EVIDENCE>
    <EMOTION_PRIMARY_CONTEMPT_INTENSITY>0.0120369922</EMOTION_PRIMARY_CONTEMPT_INTENSITY>
    <EMOTION_PRIMARY_DISGUST_EVIDENCE>0</EMOTION_PRIMARY_DISGUST_EVIDENCE>
    <EMOTION_PRIMARY_DISGUST_INTENSITY>0.0356757529</EMOTION_PRIMARY_DISGUST_INTENSITY>
    <EMOTION_PRIMARY_FEAR_EVIDENCE>0</EMOTION_PRIMARY_FEAR_EVIDENCE>
    <EMOTION_PRIMARY_FEAR_INTENSITY>0.156389073</EMOTION_PRIMARY_FEAR_INTENSITY>
    <EMOTION_PRIMARY_JOY_EVIDENCE>-2</EMOTION_PRIMARY_JOY_EVIDENCE>
    <EMOTION_PRIMARY_JOY_INTENSITY>0.00345998746</EMOTION_PRIMARY_JOY_INTENSITY>
    <EMOTION_PRIMARY_SADNESS_EVIDENCE>0</EMOTION_PRIMARY_SADNESS_EVIDENCE>
    <EMOTION_PRIMARY_SADNESS_INTENSITY>0.01894868</EMOTION_PRIMARY_SADNESS_INTENSITY>
    <EMOTION_PRIMARY_SURPRISE_EVIDENCE>-1</EMOTION_PRIMARY_SURPRISE_EVIDENCE>
    <EMOTION_PRIMARY_SURPRISE_INTENSITY>0.0146381911</EMOTION_PRIMARY_SURPRISE_INTENSITY>
    <EMOTION_SENTIMENT_NEGATIVE_EVIDENCE>0</EMOTION_SENTIMENT_NEGATIVE_EVIDENCE>
    <EMOTION_SENTIMENT_NEGATIVE_INTENSITY>0.344603777</EMOTION_SENTIMENT_NEGATIVE_INTENSITY>
    <EMOTION_SENTIMENT_POSITIVE_EVIDENCE>-1</EMOTION_SENTIMENT_POSITIVE_EVIDENCE>
    <EMOTION_SENTIMENT_POSITIVE_INTENSITY>0.0613698959</EMOTION_SENTIMENT_POSITIVE_INTENSITY>
    <EMOTION_SENTIMENT_NEUTRAL_EVIDENCE>0</EMOTION_SENTIMENT_NEUTRAL_EVIDENCE>
    <EMOTION_SENTIMENT_NEUTRAL_INTENSITY>0.770963848</EMOTION_SENTIMENT_NEUTRAL_INTENSITY>
  </DATA>
  <DATA>
    <TimeStamp>118411</TimeStamp>
    <NumFaces>1</NumFaces>
    <Pulse>73</Pulse>
    <EXPRESSION_BROW_RAISER_LEFT>0</EXPRESSION_BROW_RAISER_LEFT>
    <EXPRESSION_BROW_RAISER_RIGHT>0</EXPRESSION_BROW_RAISER_RIGHT>
    <EXPRESSION_BROW_LOWERER_LEFT>0</EXPRESSION_BROW_LOWERER_LEFT>
    <EXPRESSION_BROW_LOWERER_RIGHT>0</EXPRESSION_BROW_LOWERER_RIGHT>
    <EXPRESSION_SMILE>0</EXPRESSION_SMILE>
    <EXPRESSION_KISS>0</EXPRESSION_KISS>
    <EXPRESSION_MOUTH_OPEN>0</EXPRESSION_MOUTH_OPEN>
    <EXPRESSION_EYES_CLOSED_LEFT>0</EXPRESSION_EYES_CLOSED_LEFT>
    <EXPRESSION_EYES_CLOSED_RIGHT>0</EXPRESSION_EYES_CLOSED_RIGHT>
    <EXPRESSION_EYES_TURN_LEFT>0</EXPRESSION_EYES_TURN_LEFT>
    <EXPRESSION_EYES_TURN_RIGHT>0</EXPRESSION_EYES_TURN_RIGHT>
    <EXPRESSION_EYES_UP>0</EXPRESSION_EYES_UP>
    <EXPRESSION_EYES_DOWN>0</EXPRESSION_EYES_DOWN>
    <EMOTION_PRIMARY_ANGER_EVIDENCE>0</EMOTION_PRIMARY_ANGER_EVIDENCE>
    <EMOTION_PRIMARY_ANGER_INTENSITY>0.17234917</EMOTION_PRIMARY_ANGER_INTENSITY>
    <EMOTION_PRIMARY_CONTEMPT_EVIDENCE>-1</EMOTION_PRIMARY_CONTEMPT_EVIDENCE>
    <EMOTION_PRIMARY_CONTEMPT_INTENSITY>0.0135819828</EMOTION_PRIMARY_CONTEMPT_INTENSITY>
    <EMOTION_PRIMARY_DISGUST_EVIDENCE>0</EMOTION_PRIMARY_DISGUST_EVIDENCE>
    <EMOTION_PRIMARY_DISGUST_INTENSITY>0.0556259342</EMOTION_PRIMARY_DISGUST_INTENSITY>
    <EMOTION_PRIMARY_FEAR_EVIDENCE>0</EMOTION_PRIMARY_FEAR_EVIDENCE>
    <EMOTION_PRIMARY_FEAR_INTENSITY>0.150819838</EMOTION_PRIMARY_FEAR_INTENSITY>
    <EMOTION_PRIMARY_JOY_EVIDENCE>-2</EMOTION_PRIMARY_JOY_EVIDENCE>
    <EMOTION_PRIMARY_JOY_INTENSITY>0.00323742232</EMOTION_PRIMARY_JOY_INTENSITY>
    <EMOTION_PRIMARY_SADNESS_EVIDENCE>0</EMOTION_PRIMARY_SADNESS_EVIDENCE>
    <EMOTION_PRIMARY_SADNESS_INTENSITY>0.0225860812</EMOTION_PRIMARY_SADNESS_INTENSITY>
    <EMOTION_PRIMARY_SURPRISE_EVIDENCE>-1</EMOTION_PRIMARY_SURPRISE_EVIDENCE>
    <EMOTION_PRIMARY_SURPRISE_INTENSITY>0.0132059474</EMOTION_PRIMARY_SURPRISE_INTENSITY>
    <EMOTION_SENTIMENT_NEGATIVE_EVIDENCE>1</EMOTION_SENTIMENT_NEGATIVE_EVIDENCE>
    <EMOTION_SENTIMENT_NEGATIVE_INTENSITY>0.515589952</EMOTION_SENTIMENT_NEGATIVE_INTENSITY>
    <EMOTION_SENTIMENT_POSITIVE_EVIDENCE>-1</EMOTION_SENTIMENT_POSITIVE_EVIDENCE>
    <EMOTION_SENTIMENT_POSITIVE_INTENSITY>0.05477489</EMOTION_SENTIMENT_POSITIVE_INTENSITY>
    <EMOTION_SENTIMENT_NEUTRAL_EVIDENCE>0</EMOTION_SENTIMENT_NEUTRAL_EVIDENCE>
    <EMOTION_SENTIMENT_NEUTRAL_INTENSITY>0.7212392</EMOTION_SENTIMENT_NEUTRAL_INTENSITY>
  </DATA>
  <DATA>
    <TimeStamp>118612</TimeStamp>
    <NumFaces>1</NumFaces>
    <Pulse>73</Pulse>
    <EXPRESSION_BROW_RAISER_LEFT>0</EXPRESSION_BROW_RAISER_LEFT>
    <EXPRESSION_BROW_RAISER_RIGHT>0</EXPRESSION_BROW_RAISER_RIGHT>
    <EXPRESSION_BROW_LOWERER_LEFT>0</EXPRESSION_BROW_LOWERER_LEFT>
    <EXPRESSION_BROW_LOWERER_RIGHT>0</EXPRESSION_BROW_LOWERER_RIGHT>
    <EXPRESSION_SMILE>0</EXPRESSION_SMILE>
    <EXPRESSION_KISS>0</EXPRESSION_KISS>
    <EXPRESSION_MOUTH_OPEN>0</EXPRESSION_MOUTH_OPEN>
    <EXPRESSION_EYES_CLOSED_LEFT>0</EXPRESSION_EYES_CLOSED_LEFT>
    <EXPRESSION_EYES_CLOSED_RIGHT>0</EXPRESSION_EYES_CLOSED_RIGHT>
    <EXPRESSION_EYES_TURN_LEFT>0</EXPRESSION_EYES_TURN_LEFT>
    <EXPRESSION_EYES_TURN_RIGHT>0</EXPRESSION_EYES_TURN_RIGHT>
    <EXPRESSION_EYES_UP>0</EXPRESSION_EYES_UP>
    <EXPRESSION_EYES_DOWN>0</EXPRESSION_EYES_DOWN>
    <EMOTION_PRIMARY_ANGER_EVIDENCE>0</EMOTION_PRIMARY_ANGER_EVIDENCE>
    <EMOTION_PRIMARY_ANGER_INTENSITY>0.142062008</EMOTION_PRIMARY_ANGER_INTENSITY>
    <EMOTION_PRIMARY_CONTEMPT_EVIDENCE>-1</EMOTION_PRIMARY_CONTEMPT_EVIDENCE>
    <EMOTION_PRIMARY_CONTEMPT_INTENSITY>0.0148597611</EMOTION_PRIMARY_CONTEMPT_INTENSITY>
    <EMOTION_PRIMARY_DISGUST_EVIDENCE>0</EMOTION_PRIMARY_DISGUST_EVIDENCE>
    <EMOTION_PRIMARY_DISGUST_INTENSITY>0.06214938</EMOTION_PRIMARY_DISGUST_INTENSITY>
    <EMOTION_PRIMARY_FEAR_EVIDENCE>0</EMOTION_PRIMARY_FEAR_EVIDENCE>
    <EMOTION_PRIMARY_FEAR_INTENSITY>0.141247764</EMOTION_PRIMARY_FEAR_INTENSITY>
    <EMOTION_PRIMARY_JOY_EVIDENCE>-2</EMOTION_PRIMARY_JOY_EVIDENCE>
    <EMOTION_PRIMARY_JOY_INTENSITY>0.00321727735</EMOTION_PRIMARY_JOY_INTENSITY>
    <EMOTION_PRIMARY_SADNESS_EVIDENCE>0</EMOTION_PRIMARY_SADNESS_EVIDENCE>
    <EMOTION_PRIMARY_SADNESS_INTENSITY>0.0143985385</EMOTION_PRIMARY_SADNESS_INTENSITY>
    <EMOTION_PRIMARY_SURPRISE_EVIDENCE>-1</EMOTION_PRIMARY_SURPRISE_EVIDENCE>
    <EMOTION_PRIMARY_SURPRISE_INTENSITY>0.0192750264</EMOTION_PRIMARY_SURPRISE_INTENSITY>
    <EMOTION_SENTIMENT_NEGATIVE_EVIDENCE>0</EMOTION_SENTIMENT_NEGATIVE_EVIDENCE>
    <EMOTION_SENTIMENT_NEGATIVE_INTENSITY>0.4720334</EMOTION_SENTIMENT_NEGATIVE_INTENSITY>
    <EMOTION_SENTIMENT_POSITIVE_EVIDENCE>-1</EMOTION_SENTIMENT_POSITIVE_EVIDENCE>
    <EMOTION_SENTIMENT_POSITIVE_INTENSITY>0.055019673</EMOTION_SENTIMENT_POSITIVE_INTENSITY>
    <EMOTION_SENTIMENT_NEUTRAL_EVIDENCE>0</EMOTION_SENTIMENT_NEUTRAL_EVIDENCE>
    <EMOTION_SENTIMENT_NEUTRAL_INTENSITY>0.6761524</EMOTION_SENTIMENT_NEUTRAL_INTENSITY>
  </DATA>
  <DATA>
    <TimeStamp>118812</TimeStamp>
    <NumFaces>1</NumFaces>
    <Pulse>73</Pulse>
    <EXPRESSION_BROW_RAISER_LEFT>0</EXPRESSION_BROW_RAISER_LEFT>
    <EXPRESSION_BROW_RAISER_RIGHT>0</EXPRESSION_BROW_RAISER_RIGHT>
    <EXPRESSION_BROW_LOWERER_LEFT>0</EXPRESSION_BROW_LOWERER_LEFT>
    <EXPRESSION_BROW_LOWERER_RIGHT>0</EXPRESSION_BROW_LOWERER_RIGHT>
    <EXPRESSION_SMILE>0</EXPRESSION_SMILE>
    <EXPRESSION_KISS>0</EXPRESSION_KISS>
    <EXPRESSION_MOUTH_OPEN>0</EXPRESSION_MOUTH_OPEN>
    <EXPRESSION_EYES_CLOSED_LEFT>0</EXPRESSION_EYES_CLOSED_LEFT>
    <EXPRESSION_EYES_CLOSED_RIGHT>0</EXPRESSION_EYES_CLOSED_RIGHT>
    <EXPRESSION_EYES_TURN_LEFT>0</EXPRESSION_EYES_TURN_LEFT>
    <EXPRESSION_EYES_TURN_RIGHT>0</EXPRESSION_EYES_TURN_RIGHT>
    <EXPRESSION_EYES_UP>100</EXPRESSION_EYES_UP>
    <EXPRESSION_EYES_DOWN>0</EXPRESSION_EYES_DOWN>
    <EMOTION_PRIMARY_ANGER_EVIDENCE>0</EMOTION_PRIMARY_ANGER_EVIDENCE>
    <EMOTION_PRIMARY_ANGER_INTENSITY>0.184266686</EMOTION_PRIMARY_ANGER_INTENSITY>
    <EMOTION_PRIMARY_CONTEMPT_EVIDENCE>-1</EMOTION_PRIMARY_CONTEMPT_EVIDENCE>
    <EMOTION_PRIMARY_CONTEMPT_INTENSITY>0.0132825533</EMOTION_PRIMARY_CONTEMPT_INTENSITY>
    <EMOTION_PRIMARY_DISGUST_EVIDENCE>0</EMOTION_PRIMARY_DISGUST_EVIDENCE>
    <EMOTION_PRIMARY_DISGUST_INTENSITY>0.08379356</EMOTION_PRIMARY_DISGUST_INTENSITY>
    <EMOTION_PRIMARY_FEAR_EVIDENCE>0</EMOTION_PRIMARY_FEAR_EVIDENCE>
    <EMOTION_PRIMARY_FEAR_INTENSITY>0.226941809</EMOTION_PRIMARY_FEAR_INTENSITY>
    <EMOTION_PRIMARY_JOY_EVIDENCE>-2</EMOTION_PRIMARY_JOY_EVIDENCE>
    <EMOTION_PRIMARY_JOY_INTENSITY>0.00194170442</EMOTION_PRIMARY_JOY_INTENSITY>
    <EMOTION_PRIMARY_SADNESS_EVIDENCE>0</EMOTION_PRIMARY_SADNESS_EVIDENCE>
    <EMOTION_PRIMARY_SADNESS_INTENSITY>0.08630771</EMOTION_PRIMARY_SADNESS_INTENSITY>
    <EMOTION_PRIMARY_SURPRISE_EVIDENCE>-1</EMOTION_PRIMARY_SURPRISE_EVIDENCE>
    <EMOTION_PRIMARY_SURPRISE_INTENSITY>0.0111782318</EMOTION_PRIMARY_SURPRISE_INTENSITY>
    <EMOTION_SENTIMENT_NEGATIVE_EVIDENCE>2</EMOTION_SENTIMENT_NEGATIVE_EVIDENCE>
    <EMOTION_SENTIMENT_NEGATIVE_INTENSITY>0.8154382</EMOTION_SENTIMENT_NEGATIVE_INTENSITY>
    <EMOTION_SENTIMENT_POSITIVE_EVIDENCE>-1</EMOTION_SENTIMENT_POSITIVE_EVIDENCE>
    <EMOTION_SENTIMENT_POSITIVE_INTENSITY>0.0417127348</EMOTION_SENTIMENT_POSITIVE_INTENSITY>
    <EMOTION_SENTIMENT_NEUTRAL_EVIDENCE>0</EMOTION_SENTIMENT_NEUTRAL_EVIDENCE>
    <EMOTION_SENTIMENT_NEUTRAL_INTENSITY>0.58260566</EMOTION_SENTIMENT_NEUTRAL_INTENSITY>
  </DATA>
  <DATA>
    <TimeStamp>119012</TimeStamp>
    <NumFaces>1</NumFaces>
    <Pulse>73</Pulse>
    <EXPRESSION_BROW_RAISER_LEFT>0</EXPRESSION_BROW_RAISER_LEFT>
    <EXPRESSION_BROW_RAISER_RIGHT>0</EXPRESSION_BROW_RAISER_RIGHT>
    <EXPRESSION_BROW_LOWERER_LEFT>0</EXPRESSION_BROW_LOWERER_LEFT>
    <EXPRESSION_BROW_LOWERER_RIGHT>0</EXPRESSION_BROW_LOWERER_RIGHT>
    <EXPRESSION_SMILE>0</EXPRESSION_SMILE>
    <EXPRESSION_KISS>0</EXPRESSION_KISS>
    <EXPRESSION_MOUTH_OPEN>0</EXPRESSION_MOUTH_OPEN>
    <EXPRESSION_EYES_CLOSED_LEFT>0</EXPRESSION_EYES_CLOSED_LEFT>
    <EXPRESSION_EYES_CLOSED_RIGHT>0</EXPRESSION_EYES_CLOSED_RIGHT>
    <EXPRESSION_EYES_TURN_LEFT>0</EXPRESSION_EYES_TURN_LEFT>
    <EXPRESSION_EYES_TURN_RIGHT>0</EXPRESSION_EYES_TURN_RIGHT>
    <EXPRESSION_EYES_UP>0</EXPRESSION_EYES_UP>
    <EXPRESSION_EYES_DOWN>0</EXPRESSION_EYES_DOWN>
    <EMOTION_PRIMARY_ANGER_EVIDENCE>0</EMOTION_PRIMARY_ANGER_EVIDENCE>
    <EMOTION_PRIMARY_ANGER_INTENSITY>0.118008867</EMOTION_PRIMARY_ANGER_INTENSITY>
    <EMOTION_PRIMARY_CONTEMPT_EVIDENCE>-1</EMOTION_PRIMARY_CONTEMPT_EVIDENCE>
    <EMOTION_PRIMARY_CONTEMPT_INTENSITY>0.0113935471</EMOTION_PRIMARY_CONTEMPT_INTENSITY>
    <EMOTION_PRIMARY_DISGUST_EVIDENCE>-1</EMOTION_PRIMARY_DISGUST_EVIDENCE>
    <EMOTION_PRIMARY_DISGUST_INTENSITY>0.0157249942</EMOTION_PRIMARY_DISGUST_INTENSITY>
    <EMOTION_PRIMARY_FEAR_EVIDENCE>0</EMOTION_PRIMARY_FEAR_EVIDENCE>
    <EMOTION_PRIMARY_FEAR_INTENSITY>0.09110317</EMOTION_PRIMARY_FEAR_INTENSITY>
    <EMOTION_PRIMARY_JOY_EVIDENCE>-1</EMOTION_PRIMARY_JOY_EVIDENCE>
    <EMOTION_PRIMARY_JOY_INTENSITY>0.009858062</EMOTION_PRIMARY_JOY_INTENSITY>
    <EMOTION_PRIMARY_SADNESS_EVIDENCE>0</EMOTION_PRIMARY_SADNESS_EVIDENCE>
    <EMOTION_PRIMARY_SADNESS_INTENSITY>0.09085142</EMOTION_PRIMARY_SADNESS_INTENSITY>
    <EMOTION_PRIMARY_SURPRISE_EVIDENCE>-1</EMOTION_PRIMARY_SURPRISE_EVIDENCE>
    <EMOTION_PRIMARY_SURPRISE_INTENSITY>0.004033571</EMOTION_PRIMARY_SURPRISE_INTENSITY>
    <EMOTION_SENTIMENT_NEGATIVE_EVIDENCE>1</EMOTION_SENTIMENT_NEGATIVE_EVIDENCE>
    <EMOTION_SENTIMENT_NEGATIVE_INTENSITY>0.5693706</EMOTION_SENTIMENT_NEGATIVE_INTENSITY>
    <EMOTION_SENTIMENT_POSITIVE_EVIDENCE>0</EMOTION_SENTIMENT_POSITIVE_EVIDENCE>
    <EMOTION_SENTIMENT_POSITIVE_INTENSITY>0.09267219</EMOTION_SENTIMENT_POSITIVE_INTENSITY>
    <EMOTION_SENTIMENT_NEUTRAL_EVIDENCE>0</EMOTION_SENTIMENT_NEUTRAL_EVIDENCE>
    <EMOTION_SENTIMENT_NEUTRAL_INTENSITY>0.401650816</EMOTION_SENTIMENT_NEUTRAL_INTENSITY>
  </DATA>
  <DATA>
    <TimeStamp>119212</TimeStamp>
    <NumFaces>1</NumFaces>
    <Pulse>73</Pulse>
    <EXPRESSION_BROW_RAISER_LEFT>0</EXPRESSION_BROW_RAISER_LEFT>
    <EXPRESSION_BROW_RAISER_RIGHT>0</EXPRESSION_BROW_RAISER_RIGHT>
    <EXPRESSION_BROW_LOWERER_LEFT>0</EXPRESSION_BROW_LOWERER_LEFT>
    <EXPRESSION_BROW_LOWERER_RIGHT>0</EXPRESSION_BROW_LOWERER_RIGHT>
    <EXPRESSION_SMILE>0</EXPRESSION_SMILE>
    <EXPRESSION_KISS>0</EXPRESSION_KISS>
    <EXPRESSION_MOUTH_OPEN>0</EXPRESSION_MOUTH_OPEN>
    <EXPRESSION_EYES_CLOSED_LEFT>0</EXPRESSION_EYES_CLOSED_LEFT>
    <EXPRESSION_EYES_CLOSED_RIGHT>0</EXPRESSION_EYES_CLOSED_RIGHT>
    <EXPRESSION_EYES_TURN_LEFT>0</EXPRESSION_EYES_TURN_LEFT>
    <EXPRESSION_EYES_TURN_RIGHT>0</EXPRESSION_EYES_TURN_RIGHT>
    <EXPRESSION_EYES_UP>0</EXPRESSION_EYES_UP>
    <EXPRESSION_EYES_DOWN>0</EXPRESSION_EYES_DOWN>
    <EMOTION_PRIMARY_ANGER_EVIDENCE>0</EMOTION_PRIMARY_ANGER_EVIDENCE>
    <EMOTION_PRIMARY_ANGER_INTENSITY>0.201692566</EMOTION_PRIMARY_ANGER_INTENSITY>
    <EMOTION_PRIMARY_CONTEMPT_EVIDENCE>-1</EMOTION_PRIMARY_CONTEMPT_EVIDENCE>
    <EMOTION_PRIMARY_CONTEMPT_INTENSITY>0.006829121</EMOTION_PRIMARY_CONTEMPT_INTENSITY>
    <EMOTION_PRIMARY_DISGUST_EVIDENCE>-2</EMOTION_PRIMARY_DISGUST_EVIDENCE>
    <EMOTION_PRIMARY_DISGUST_INTENSITY>0.00161257642</EMOTION_PRIMARY_DISGUST_INTENSITY>
    <EMOTION_PRIMARY_FEAR_EVIDENCE>0</EMOTION_PRIMARY_FEAR_EVIDENCE>
    <EMOTION_PRIMARY_FEAR_INTENSITY>0.0230821129</EMOTION_PRIMARY_FEAR_INTENSITY>
    <EMOTION_PRIMARY_JOY_EVIDENCE>0</EMOTION_PRIMARY_JOY_EVIDENCE>
    <EMOTION_PRIMARY_JOY_INTENSITY>0.0921261162</EMOTION_PRIMARY_JOY_INTENSITY>
    <EMOTION_PRIMARY_SADNESS_EVIDENCE>0</EMOTION_PRIMARY_SADNESS_EVIDENCE>
    <EMOTION_PRIMARY_SADNESS_INTENSITY>0.1427772</EMOTION_PRIMARY_SADNESS_INTENSITY>
    <EMOTION_PRIMARY_SURPRISE_EVIDENCE>-1</EMOTION_PRIMARY_SURPRISE_EVIDENCE>
    <EMOTION_PRIMARY_SURPRISE_INTENSITY>0.00216293451</EMOTION_PRIMARY_SURPRISE_INTENSITY>
    <EMOTION_SENTIMENT_NEGATIVE_EVIDENCE>0</EMOTION_SENTIMENT_NEGATIVE_EVIDENCE>
    <EMOTION_SENTIMENT_NEGATIVE_INTENSITY>0.3348473</EMOTION_SENTIMENT_NEGATIVE_INTENSITY>
    <EMOTION_SENTIMENT_POSITIVE_EVIDENCE>0</EMOTION_SENTIMENT_POSITIVE_EVIDENCE>
    <EMOTION_SENTIMENT_POSITIVE_INTENSITY>0.311019182</EMOTION_SENTIMENT_POSITIVE_INTENSITY>
    <EMOTION_SENTIMENT_NEUTRAL_EVIDENCE>0</EMOTION_SENTIMENT_NEUTRAL_EVIDENCE>
    <EMOTION_SENTIMENT_NEUTRAL_INTENSITY>0.128476545</EMOTION_SENTIMENT_NEUTRAL_INTENSITY>
  </DATA>
  <DATA>
    <TimeStamp>119412</TimeStamp>
    <NumFaces>1</NumFaces>
    <Pulse>73</Pulse>
    <EXPRESSION_BROW_RAISER_LEFT>0</EXPRESSION_BROW_RAISER_LEFT>
    <EXPRESSION_BROW_RAISER_RIGHT>49</EXPRESSION_BROW_RAISER_RIGHT>
    <EXPRESSION_BROW_LOWERER_LEFT>0</EXPRESSION_BROW_LOWERER_LEFT>
    <EXPRESSION_BROW_LOWERER_RIGHT>0</EXPRESSION_BROW_LOWERER_RIGHT>
    <EXPRESSION_SMILE>0</EXPRESSION_SMILE>
    <EXPRESSION_KISS>0</EXPRESSION_KISS>
    <EXPRESSION_MOUTH_OPEN>0</EXPRESSION_MOUTH_OPEN>
    <EXPRESSION_EYES_CLOSED_LEFT>0</EXPRESSION_EYES_CLOSED_LEFT>
    <EXPRESSION_EYES_CLOSED_RIGHT>0</EXPRESSION_EYES_CLOSED_RIGHT>
    <EXPRESSION_EYES_TURN_LEFT>0</EXPRESSION_EYES_TURN_LEFT>
    <EXPRESSION_EYES_TURN_RIGHT>0</EXPRESSION_EYES_TURN_RIGHT>
    <EXPRESSION_EYES_UP>0</EXPRESSION_EYES_UP>
    <EXPRESSION_EYES_DOWN>0</EXPRESSION_EYES_DOWN>
    <EMOTION_PRIMARY_ANGER_EVIDENCE>0</EMOTION_PRIMARY_ANGER_EVIDENCE>
    <EMOTION_PRIMARY_ANGER_INTENSITY>0.09319593</EMOTION_PRIMARY_ANGER_INTENSITY>
    <EMOTION_PRIMARY_CONTEMPT_EVIDENCE>-1</EMOTION_PRIMARY_CONTEMPT_EVIDENCE>
    <EMOTION_PRIMARY_CONTEMPT_INTENSITY>0.009975742</EMOTION_PRIMARY_CONTEMPT_INTENSITY>
    <EMOTION_PRIMARY_DISGUST_EVIDENCE>-1</EMOTION_PRIMARY_DISGUST_EVIDENCE>
    <EMOTION_PRIMARY_DISGUST_INTENSITY>0.002043872</EMOTION_PRIMARY_DISGUST_INTENSITY>
    <EMOTION_PRIMARY_FEAR_EVIDENCE>0</EMOTION_PRIMARY_FEAR_EVIDENCE>
    <EMOTION_PRIMARY_FEAR_INTENSITY>0.006626007</EMOTION_PRIMARY_FEAR_INTENSITY>
    <EMOTION_PRIMARY_JOY_EVIDENCE>0</EMOTION_PRIMARY_JOY_EVIDENCE>
    <EMOTION_PRIMARY_JOY_INTENSITY>0.230631113</EMOTION_PRIMARY_JOY_INTENSITY>
    <EMOTION_PRIMARY_SADNESS_EVIDENCE>0</EMOTION_PRIMARY_SADNESS_EVIDENCE>
    <EMOTION_PRIMARY_SADNESS_INTENSITY>0.176895335</EMOTION_PRIMARY_SADNESS_INTENSITY>
    <EMOTION_PRIMARY_SURPRISE_EVIDENCE>-1</EMOTION_PRIMARY_SURPRISE_EVIDENCE>
    <EMOTION_PRIMARY_SURPRISE_INTENSITY>0.00271437317</EMOTION_PRIMARY_SURPRISE_INTENSITY>
    <EMOTION_SENTIMENT_NEGATIVE_EVIDENCE>0</EMOTION_SENTIMENT_NEGATIVE_EVIDENCE>
    <EMOTION_SENTIMENT_NEGATIVE_INTENSITY>0.495772868</EMOTION_SENTIMENT_NEGATIVE_INTENSITY>
    <EMOTION_SENTIMENT_POSITIVE_EVIDENCE>0</EMOTION_SENTIMENT_POSITIVE_EVIDENCE>
    <EMOTION_SENTIMENT_POSITIVE_INTENSITY>0.464316666</EMOTION_SENTIMENT_POSITIVE_INTENSITY>
    <EMOTION_SENTIMENT_NEUTRAL_EVIDENCE>-1</EMOTION_SENTIMENT_NEUTRAL_EVIDENCE>
    <EMOTION_SENTIMENT_NEUTRAL_INTENSITY>0.0108495578</EMOTION_SENTIMENT_NEUTRAL_INTENSITY>
  </DATA>
  <DATA>
    <TimeStamp>119613</TimeStamp>
    <NumFaces>1</NumFaces>
    <Pulse>73</Pulse>
    <EXPRESSION_BROW_RAISER_LEFT>0</EXPRESSION_BROW_RAISER_LEFT>
    <EXPRESSION_BROW_RAISER_RIGHT>100</EXPRESSION_BROW_RAISER_RIGHT>
    <EXPRESSION_BROW_LOWERER_LEFT>0</EXPRESSION_BROW_LOWERER_LEFT>
    <EXPRESSION_BROW_LOWERER_RIGHT>0</EXPRESSION_BROW_LOWERER_RIGHT>
    <EXPRESSION_SMILE>0</EXPRESSION_SMILE>
    <EXPRESSION_KISS>0</EXPRESSION_KISS>
    <EXPRESSION_MOUTH_OPEN>0</EXPRESSION_MOUTH_OPEN>
    <EXPRESSION_EYES_CLOSED_LEFT>0</EXPRESSION_EYES_CLOSED_LEFT>
    <EXPRESSION_EYES_CLOSED_RIGHT>0</EXPRESSION_EYES_CLOSED_RIGHT>
    <EXPRESSION_EYES_TURN_LEFT>0</EXPRESSION_EYES_TURN_LEFT>
    <EXPRESSION_EYES_TURN_RIGHT>0</EXPRESSION_EYES_TURN_RIGHT>
    <EXPRESSION_EYES_UP>0</EXPRESSION_EYES_UP>
    <EXPRESSION_EYES_DOWN>0</EXPRESSION_EYES_DOWN>
    <EMOTION_PRIMARY_ANGER_EVIDENCE>0</EMOTION_PRIMARY_ANGER_EVIDENCE>
    <EMOTION_PRIMARY_ANGER_INTENSITY>0.0488357767</EMOTION_PRIMARY_ANGER_INTENSITY>
    <EMOTION_PRIMARY_CONTEMPT_EVIDENCE>-1</EMOTION_PRIMARY_CONTEMPT_EVIDENCE>
    <EMOTION_PRIMARY_CONTEMPT_INTENSITY>0.009127251</EMOTION_PRIMARY_CONTEMPT_INTENSITY>
    <EMOTION_PRIMARY_DISGUST_EVIDENCE>-1</EMOTION_PRIMARY_DISGUST_EVIDENCE>
    <EMOTION_PRIMARY_DISGUST_INTENSITY>0.00443172129</EMOTION_PRIMARY_DISGUST_INTENSITY>
    <EMOTION_PRIMARY_FEAR_EVIDENCE>0</EMOTION_PRIMARY_FEAR_EVIDENCE>
    <EMOTION_PRIMARY_FEAR_INTENSITY>0.008392947</EMOTION_PRIMARY_FEAR_INTENSITY>
    <EMOTION_PRIMARY_JOY_EVIDENCE>0</EMOTION_PRIMARY_JOY_EVIDENCE>
    <EMOTION_PRIMARY_JOY_INTENSITY>0.3164739</EMOTION_PRIMARY_JOY_INTENSITY>
    <EMOTION_PRIMARY_SADNESS_EVIDENCE>0</EMOTION_PRIMARY_SADNESS_EVIDENCE>
    <EMOTION_PRIMARY_SADNESS_INTENSITY>0.195698187</EMOTION_PRIMARY_SADNESS_INTENSITY>
    <EMOTION_PRIMARY_SURPRISE_EVIDENCE>-1</EMOTION_PRIMARY_SURPRISE_EVIDENCE>
    <EMOTION_PRIMARY_SURPRISE_INTENSITY>0.00353909121</EMOTION_PRIMARY_SURPRISE_INTENSITY>
    <EMOTION_SENTIMENT_NEGATIVE_EVIDENCE>1</EMOTION_SENTIMENT_NEGATIVE_EVIDENCE>
    <EMOTION_SENTIMENT_NEGATIVE_INTENSITY>0.6174257</EMOTION_SENTIMENT_NEGATIVE_INTENSITY>
    <EMOTION_SENTIMENT_POSITIVE_EVIDENCE>0</EMOTION_SENTIMENT_POSITIVE_EVIDENCE>
    <EMOTION_SENTIMENT_POSITIVE_INTENSITY>0.5044427</EMOTION_SENTIMENT_POSITIVE_INTENSITY>
    <EMOTION_SENTIMENT_NEUTRAL_EVIDENCE>-2</EMOTION_SENTIMENT_NEUTRAL_EVIDENCE>
    <EMOTION_SENTIMENT_NEUTRAL_INTENSITY>0.004796751</EMOTION_SENTIMENT_NEUTRAL_INTENSITY>
  </DATA>
  <DATA>
    <TimeStamp>119814</TimeStamp>
    <NumFaces>1</NumFaces>
    <Pulse>73</Pulse>
    <EXPRESSION_BROW_RAISER_LEFT>0</EXPRESSION_BROW_RAISER_LEFT>
    <EXPRESSION_BROW_RAISER_RIGHT>100</EXPRESSION_BROW_RAISER_RIGHT>
    <EXPRESSION_BROW_LOWERER_LEFT>0</EXPRESSION_BROW_LOWERER_LEFT>
    <EXPRESSION_BROW_LOWERER_RIGHT>0</EXPRESSION_BROW_LOWERER_RIGHT>
    <EXPRESSION_SMILE>0</EXPRESSION_SMILE>
    <EXPRESSION_KISS>0</EXPRESSION_KISS>
    <EXPRESSION_MOUTH_OPEN>0</EXPRESSION_MOUTH_OPEN>
    <EXPRESSION_EYES_CLOSED_LEFT>0</EXPRESSION_EYES_CLOSED_LEFT>
    <EXPRESSION_EYES_CLOSED_RIGHT>0</EXPRESSION_EYES_CLOSED_RIGHT>
    <EXPRESSION_EYES_TURN_LEFT>0</EXPRESSION_EYES_TURN_LEFT>
    <EXPRESSION_EYES_TURN_RIGHT>0</EXPRESSION_EYES_TURN_RIGHT>
    <EXPRESSION_EYES_UP>0</EXPRESSION_EYES_UP>
    <EXPRESSION_EYES_DOWN>0</EXPRESSION_EYES_DOWN>
    <EMOTION_PRIMARY_ANGER_EVIDENCE>0</EMOTION_PRIMARY_ANGER_EVIDENCE>
    <EMOTION_PRIMARY_ANGER_INTENSITY>0.0488357767</EMOTION_PRIMARY_ANGER_INTENSITY>
    <EMOTION_PRIMARY_CONTEMPT_EVIDENCE>-1</EMOTION_PRIMARY_CONTEMPT_EVIDENCE>
    <EMOTION_PRIMARY_CONTEMPT_INTENSITY>0.009127251</EMOTION_PRIMARY_CONTEMPT_INTENSITY>
    <EMOTION_PRIMARY_DISGUST_EVIDENCE>-1</EMOTION_PRIMARY_DISGUST_EVIDENCE>
    <EMOTION_PRIMARY_DISGUST_INTENSITY>0.00443172129</EMOTION_PRIMARY_DISGUST_INTENSITY>
    <EMOTION_PRIMARY_FEAR_EVIDENCE>0</EMOTION_PRIMARY_FEAR_EVIDENCE>
    <EMOTION_PRIMARY_FEAR_INTENSITY>0.008392947</EMOTION_PRIMARY_FEAR_INTENSITY>
    <EMOTION_PRIMARY_JOY_EVIDENCE>0</EMOTION_PRIMARY_JOY_EVIDENCE>
    <EMOTION_PRIMARY_JOY_INTENSITY>0.3164739</EMOTION_PRIMARY_JOY_INTENSITY>
    <EMOTION_PRIMARY_SADNESS_EVIDENCE>0</EMOTION_PRIMARY_SADNESS_EVIDENCE>
    <EMOTION_PRIMARY_SADNESS_INTENSITY>0.195698187</EMOTION_PRIMARY_SADNESS_INTENSITY>
    <EMOTION_PRIMARY_SURPRISE_EVIDENCE>-1</EMOTION_PRIMARY_SURPRISE_EVIDENCE>
    <EMOTION_PRIMARY_SURPRISE_INTENSITY>0.00353909121</EMOTION_PRIMARY_SURPRISE_INTENSITY>
    <EMOTION_SENTIMENT_NEGATIVE_EVIDENCE>1</EMOTION_SENTIMENT_NEGATIVE_EVIDENCE>
    <EMOTION_SENTIMENT_NEGATIVE_INTENSITY>0.6174257</EMOTION_SENTIMENT_NEGATIVE_INTENSITY>
    <EMOTION_SENTIMENT_POSITIVE_EVIDENCE>0</EMOTION_SENTIMENT_POSITIVE_EVIDENCE>
    <EMOTION_SENTIMENT_POSITIVE_INTENSITY>0.5044427</EMOTION_SENTIMENT_POSITIVE_INTENSITY>
    <EMOTION_SENTIMENT_NEUTRAL_EVIDENCE>-2</EMOTION_SENTIMENT_NEUTRAL_EVIDENCE>
    <EMOTION_SENTIMENT_NEUTRAL_INTENSITY>0.004796751</EMOTION_SENTIMENT_NEUTRAL_INTENSITY>
  </DATA>
  <DATA>
    <TimeStamp>120016</TimeStamp>
    <NumFaces>1</NumFaces>
    <Pulse>73</Pulse>
    <EXPRESSION_BROW_RAISER_LEFT>0</EXPRESSION_BROW_RAISER_LEFT>
    <EXPRESSION_BROW_RAISER_RIGHT>100</EXPRESSION_BROW_RAISER_RIGHT>
    <EXPRESSION_BROW_LOWERER_LEFT>0</EXPRESSION_BROW_LOWERER_LEFT>
    <EXPRESSION_BROW_LOWERER_RIGHT>0</EXPRESSION_BROW_LOWERER_RIGHT>
    <EXPRESSION_SMILE>0</EXPRESSION_SMILE>
    <EXPRESSION_KISS>0</EXPRESSION_KISS>
    <EXPRESSION_MOUTH_OPEN>0</EXPRESSION_MOUTH_OPEN>
    <EXPRESSION_EYES_CLOSED_LEFT>0</EXPRESSION_EYES_CLOSED_LEFT>
    <EXPRESSION_EYES_CLOSED_RIGHT>0</EXPRESSION_EYES_CLOSED_RIGHT>
    <EXPRESSION_EYES_TURN_LEFT>0</EXPRESSION_EYES_TURN_LEFT>
    <EXPRESSION_EYES_TURN_RIGHT>0</EXPRESSION_EYES_TURN_RIGHT>
    <EXPRESSION_EYES_UP>0</EXPRESSION_EYES_UP>
    <EXPRESSION_EYES_DOWN>0</EXPRESSION_EYES_DOWN>
    <EMOTION_PRIMARY_ANGER_EVIDENCE>0</EMOTION_PRIMARY_ANGER_EVIDENCE>
    <EMOTION_PRIMARY_ANGER_INTENSITY>0.0488357767</EMOTION_PRIMARY_ANGER_INTENSITY>
    <EMOTION_PRIMARY_CONTEMPT_EVIDENCE>-1</EMOTION_PRIMARY_CONTEMPT_EVIDENCE>
    <EMOTION_PRIMARY_CONTEMPT_INTENSITY>0.009127251</EMOTION_PRIMARY_CONTEMPT_INTENSITY>
    <EMOTION_PRIMARY_DISGUST_EVIDENCE>-1</EMOTION_PRIMARY_DISGUST_EVIDENCE>
    <EMOTION_PRIMARY_DISGUST_INTENSITY>0.00443172129</EMOTION_PRIMARY_DISGUST_INTENSITY>
    <EMOTION_PRIMARY_FEAR_EVIDENCE>0</EMOTION_PRIMARY_FEAR_EVIDENCE>
    <EMOTION_PRIMARY_FEAR_INTENSITY>0.008392947</EMOTION_PRIMARY_FEAR_INTENSITY>
    <EMOTION_PRIMARY_JOY_EVIDENCE>0</EMOTION_PRIMARY_JOY_EVIDENCE>
    <EMOTION_PRIMARY_JOY_INTENSITY>0.3164739</EMOTION_PRIMARY_JOY_INTENSITY>
    <EMOTION_PRIMARY_SADNESS_EVIDENCE>0</EMOTION_PRIMARY_SADNESS_EVIDENCE>
    <EMOTION_PRIMARY_SADNESS_INTENSITY>0.195698187</EMOTION_PRIMARY_SADNESS_INTENSITY>
    <EMOTION_PRIMARY_SURPRISE_EVIDENCE>-1</EMOTION_PRIMARY_SURPRISE_EVIDENCE>
    <EMOTION_PRIMARY_SURPRISE_INTENSITY>0.00353909121</EMOTION_PRIMARY_SURPRISE_INTENSITY>
    <EMOTION_SENTIMENT_NEGATIVE_EVIDENCE>1</EMOTION_SENTIMENT_NEGATIVE_EVIDENCE>
    <EMOTION_SENTIMENT_NEGATIVE_INTENSITY>0.6174257</EMOTION_SENTIMENT_NEGATIVE_INTENSITY>
    <EMOTION_SENTIMENT_POSITIVE_EVIDENCE>0</EMOTION_SENTIMENT_POSITIVE_EVIDENCE>
    <EMOTION_SENTIMENT_POSITIVE_INTENSITY>0.5044427</EMOTION_SENTIMENT_POSITIVE_INTENSITY>
    <EMOTION_SENTIMENT_NEUTRAL_EVIDENCE>-2</EMOTION_SENTIMENT_NEUTRAL_EVIDENCE>
    <EMOTION_SENTIMENT_NEUTRAL_INTENSITY>0.004796751</EMOTION_SENTIMENT_NEUTRAL_INTENSITY>
  </DATA>
  <DATA>
    <TimeStamp>120216</TimeStamp>
    <NumFaces>1</NumFaces>
    <Pulse>73</Pulse>
    <EXPRESSION_BROW_RAISER_LEFT>0</EXPRESSION_BROW_RAISER_LEFT>
    <EXPRESSION_BROW_RAISER_RIGHT>100</EXPRESSION_BROW_RAISER_RIGHT>
    <EXPRESSION_BROW_LOWERER_LEFT>0</EXPRESSION_BROW_LOWERER_LEFT>
    <EXPRESSION_BROW_LOWERER_RIGHT>0</EXPRESSION_BROW_LOWERER_RIGHT>
    <EXPRESSION_SMILE>0</EXPRESSION_SMILE>
    <EXPRESSION_KISS>0</EXPRESSION_KISS>
    <EXPRESSION_MOUTH_OPEN>0</EXPRESSION_MOUTH_OPEN>
    <EXPRESSION_EYES_CLOSED_LEFT>0</EXPRESSION_EYES_CLOSED_LEFT>
    <EXPRESSION_EYES_CLOSED_RIGHT>0</EXPRESSION_EYES_CLOSED_RIGHT>
    <EXPRESSION_EYES_TURN_LEFT>0</EXPRESSION_EYES_TURN_LEFT>
    <EXPRESSION_EYES_TURN_RIGHT>0</EXPRESSION_EYES_TURN_RIGHT>
    <EXPRESSION_EYES_UP>0</EXPRESSION_EYES_UP>
    <EXPRESSION_EYES_DOWN>0</EXPRESSION_EYES_DOWN>
    <EMOTION_PRIMARY_ANGER_EVIDENCE>0</EMOTION_PRIMARY_ANGER_EVIDENCE>
    <EMOTION_PRIMARY_ANGER_INTENSITY>0.0488357767</EMOTION_PRIMARY_ANGER_INTENSITY>
    <EMOTION_PRIMARY_CONTEMPT_EVIDENCE>-1</EMOTION_PRIMARY_CONTEMPT_EVIDENCE>
    <EMOTION_PRIMARY_CONTEMPT_INTENSITY>0.009127251</EMOTION_PRIMARY_CONTEMPT_INTENSITY>
    <EMOTION_PRIMARY_DISGUST_EVIDENCE>-1</EMOTION_PRIMARY_DISGUST_EVIDENCE>
    <EMOTION_PRIMARY_DISGUST_INTENSITY>0.00443172129</EMOTION_PRIMARY_DISGUST_INTENSITY>
    <EMOTION_PRIMARY_FEAR_EVIDENCE>0</EMOTION_PRIMARY_FEAR_EVIDENCE>
    <EMOTION_PRIMARY_FEAR_INTENSITY>0.008392947</EMOTION_PRIMARY_FEAR_INTENSITY>
    <EMOTION_PRIMARY_JOY_EVIDENCE>0</EMOTION_PRIMARY_JOY_EVIDENCE>
    <EMOTION_PRIMARY_JOY_INTENSITY>0.3164739</EMOTION_PRIMARY_JOY_INTENSITY>
    <EMOTION_PRIMARY_SADNESS_EVIDENCE>0</EMOTION_PRIMARY_SADNESS_EVIDENCE>
    <EMOTION_PRIMARY_SADNESS_INTENSITY>0.195698187</EMOTION_PRIMARY_SADNESS_INTENSITY>
    <EMOTION_PRIMARY_SURPRISE_EVIDENCE>-1</EMOTION_PRIMARY_SURPRISE_EVIDENCE>
    <EMOTION_PRIMARY_SURPRISE_INTENSITY>0.00353909121</EMOTION_PRIMARY_SURPRISE_INTENSITY>
    <EMOTION_SENTIMENT_NEGATIVE_EVIDENCE>1</EMOTION_SENTIMENT_NEGATIVE_EVIDENCE>
    <EMOTION_SENTIMENT_NEGATIVE_INTENSITY>0.6174257</EMOTION_SENTIMENT_NEGATIVE_INTENSITY>
    <EMOTION_SENTIMENT_POSITIVE_EVIDENCE>0</EMOTION_SENTIMENT_POSITIVE_EVIDENCE>
    <EMOTION_SENTIMENT_POSITIVE_INTENSITY>0.5044427</EMOTION_SENTIMENT_POSITIVE_INTENSITY>
    <EMOTION_SENTIMENT_NEUTRAL_EVIDENCE>-2</EMOTION_SENTIMENT_NEUTRAL_EVIDENCE>
    <EMOTION_SENTIMENT_NEUTRAL_INTENSITY>0.004796751</EMOTION_SENTIMENT_NEUTRAL_INTENSITY>
  </DATA>
  <DATA>
    <TimeStamp>120416</TimeStamp>
    <NumFaces>1</NumFaces>
    <Pulse>73</Pulse>
    <EXPRESSION_BROW_RAISER_LEFT>0</EXPRESSION_BROW_RAISER_LEFT>
    <EXPRESSION_BROW_RAISER_RIGHT>100</EXPRESSION_BROW_RAISER_RIGHT>
    <EXPRESSION_BROW_LOWERER_LEFT>0</EXPRESSION_BROW_LOWERER_LEFT>
    <EXPRESSION_BROW_LOWERER_RIGHT>0</EXPRESSION_BROW_LOWERER_RIGHT>
    <EXPRESSION_SMILE>0</EXPRESSION_SMILE>
    <EXPRESSION_KISS>0</EXPRESSION_KISS>
    <EXPRESSION_MOUTH_OPEN>0</EXPRESSION_MOUTH_OPEN>
    <EXPRESSION_EYES_CLOSED_LEFT>0</EXPRESSION_EYES_CLOSED_LEFT>
    <EXPRESSION_EYES_CLOSED_RIGHT>0</EXPRESSION_EYES_CLOSED_RIGHT>
    <EXPRESSION_EYES_TURN_LEFT>0</EXPRESSION_EYES_TURN_LEFT>
    <EXPRESSION_EYES_TURN_RIGHT>0</EXPRESSION_EYES_TURN_RIGHT>
    <EXPRESSION_EYES_UP>0</EXPRESSION_EYES_UP>
    <EXPRESSION_EYES_DOWN>0</EXPRESSION_EYES_DOWN>
    <EMOTION_PRIMARY_ANGER_EVIDENCE>0</EMOTION_PRIMARY_ANGER_EVIDENCE>
    <EMOTION_PRIMARY_ANGER_INTENSITY>0.0488357767</EMOTION_PRIMARY_ANGER_INTENSITY>
    <EMOTION_PRIMARY_CONTEMPT_EVIDENCE>-1</EMOTION_PRIMARY_CONTEMPT_EVIDENCE>
    <EMOTION_PRIMARY_CONTEMPT_INTENSITY>0.009127251</EMOTION_PRIMARY_CONTEMPT_INTENSITY>
    <EMOTION_PRIMARY_DISGUST_EVIDENCE>-1</EMOTION_PRIMARY_DISGUST_EVIDENCE>
    <EMOTION_PRIMARY_DISGUST_INTENSITY>0.00443172129</EMOTION_PRIMARY_DISGUST_INTENSITY>
    <EMOTION_PRIMARY_FEAR_EVIDENCE>0</EMOTION_PRIMARY_FEAR_EVIDENCE>
    <EMOTION_PRIMARY_FEAR_INTENSITY>0.008392947</EMOTION_PRIMARY_FEAR_INTENSITY>
    <EMOTION_PRIMARY_JOY_EVIDENCE>0</EMOTION_PRIMARY_JOY_EVIDENCE>
    <EMOTION_PRIMARY_JOY_INTENSITY>0.3164739</EMOTION_PRIMARY_JOY_INTENSITY>
    <EMOTION_PRIMARY_SADNESS_EVIDENCE>0</EMOTION_PRIMARY_SADNESS_EVIDENCE>
    <EMOTION_PRIMARY_SADNESS_INTENSITY>0.195698187</EMOTION_PRIMARY_SADNESS_INTENSITY>
    <EMOTION_PRIMARY_SURPRISE_EVIDENCE>-1</EMOTION_PRIMARY_SURPRISE_EVIDENCE>
    <EMOTION_PRIMARY_SURPRISE_INTENSITY>0.00353909121</EMOTION_PRIMARY_SURPRISE_INTENSITY>
    <EMOTION_SENTIMENT_NEGATIVE_EVIDENCE>1</EMOTION_SENTIMENT_NEGATIVE_EVIDENCE>
    <EMOTION_SENTIMENT_NEGATIVE_INTENSITY>0.6174257</EMOTION_SENTIMENT_NEGATIVE_INTENSITY>
    <EMOTION_SENTIMENT_POSITIVE_EVIDENCE>0</EMOTION_SENTIMENT_POSITIVE_EVIDENCE>
    <EMOTION_SENTIMENT_POSITIVE_INTENSITY>0.5044427</EMOTION_SENTIMENT_POSITIVE_INTENSITY>
    <EMOTION_SENTIMENT_NEUTRAL_EVIDENCE>-2</EMOTION_SENTIMENT_NEUTRAL_EVIDENCE>
    <EMOTION_SENTIMENT_NEUTRAL_INTENSITY>0.004796751</EMOTION_SENTIMENT_NEUTRAL_INTENSITY>
  </DATA>
  <DATA>
    <TimeStamp>120616</TimeStamp>
    <NumFaces>1</NumFaces>
    <Pulse>73</Pulse>
    <EXPRESSION_BROW_RAISER_LEFT>0</EXPRESSION_BROW_RAISER_LEFT>
    <EXPRESSION_BROW_RAISER_RIGHT>100</EXPRESSION_BROW_RAISER_RIGHT>
    <EXPRESSION_BROW_LOWERER_LEFT>0</EXPRESSION_BROW_LOWERER_LEFT>
    <EXPRESSION_BROW_LOWERER_RIGHT>0</EXPRESSION_BROW_LOWERER_RIGHT>
    <EXPRESSION_SMILE>0</EXPRESSION_SMILE>
    <EXPRESSION_KISS>0</EXPRESSION_KISS>
    <EXPRESSION_MOUTH_OPEN>0</EXPRESSION_MOUTH_OPEN>
    <EXPRESSION_EYES_CLOSED_LEFT>0</EXPRESSION_EYES_CLOSED_LEFT>
    <EXPRESSION_EYES_CLOSED_RIGHT>0</EXPRESSION_EYES_CLOSED_RIGHT>
    <EXPRESSION_EYES_TURN_LEFT>0</EXPRESSION_EYES_TURN_LEFT>
    <EXPRESSION_EYES_TURN_RIGHT>0</EXPRESSION_EYES_TURN_RIGHT>
    <EXPRESSION_EYES_UP>0</EXPRESSION_EYES_UP>
    <EXPRESSION_EYES_DOWN>0</EXPRESSION_EYES_DOWN>
    <EMOTION_PRIMARY_ANGER_EVIDENCE>0</EMOTION_PRIMARY_ANGER_EVIDENCE>
    <EMOTION_PRIMARY_ANGER_INTENSITY>0.0488357767</EMOTION_PRIMARY_ANGER_INTENSITY>
    <EMOTION_PRIMARY_CONTEMPT_EVIDENCE>-1</EMOTION_PRIMARY_CONTEMPT_EVIDENCE>
    <EMOTION_PRIMARY_CONTEMPT_INTENSITY>0.009127251</EMOTION_PRIMARY_CONTEMPT_INTENSITY>
    <EMOTION_PRIMARY_DISGUST_EVIDENCE>-1</EMOTION_PRIMARY_DISGUST_EVIDENCE>
    <EMOTION_PRIMARY_DISGUST_INTENSITY>0.00443172129</EMOTION_PRIMARY_DISGUST_INTENSITY>
    <EMOTION_PRIMARY_FEAR_EVIDENCE>0</EMOTION_PRIMARY_FEAR_EVIDENCE>
    <EMOTION_PRIMARY_FEAR_INTENSITY>0.008392947</EMOTION_PRIMARY_FEAR_INTENSITY>
    <EMOTION_PRIMARY_JOY_EVIDENCE>0</EMOTION_PRIMARY_JOY_EVIDENCE>
    <EMOTION_PRIMARY_JOY_INTENSITY>0.3164739</EMOTION_PRIMARY_JOY_INTENSITY>
    <EMOTION_PRIMARY_SADNESS_EVIDENCE>0</EMOTION_PRIMARY_SADNESS_EVIDENCE>
    <EMOTION_PRIMARY_SADNESS_INTENSITY>0.195698187</EMOTION_PRIMARY_SADNESS_INTENSITY>
    <EMOTION_PRIMARY_SURPRISE_EVIDENCE>-1</EMOTION_PRIMARY_SURPRISE_EVIDENCE>
    <EMOTION_PRIMARY_SURPRISE_INTENSITY>0.00353909121</EMOTION_PRIMARY_SURPRISE_INTENSITY>
    <EMOTION_SENTIMENT_NEGATIVE_EVIDENCE>1</EMOTION_SENTIMENT_NEGATIVE_EVIDENCE>
    <EMOTION_SENTIMENT_NEGATIVE_INTENSITY>0.6174257</EMOTION_SENTIMENT_NEGATIVE_INTENSITY>
    <EMOTION_SENTIMENT_POSITIVE_EVIDENCE>0</EMOTION_SENTIMENT_POSITIVE_EVIDENCE>
    <EMOTION_SENTIMENT_POSITIVE_INTENSITY>0.5044427</EMOTION_SENTIMENT_POSITIVE_INTENSITY>
    <EMOTION_SENTIMENT_NEUTRAL_EVIDENCE>-2</EMOTION_SENTIMENT_NEUTRAL_EVIDENCE>
    <EMOTION_SENTIMENT_NEUTRAL_INTENSITY>0.004796751</EMOTION_SENTIMENT_NEUTRAL_INTENSITY>
  </DATA>
  <DATA>
    <TimeStamp>120817</TimeStamp>
    <NumFaces>1</NumFaces>
    <Pulse>73</Pulse>
    <EXPRESSION_BROW_RAISER_LEFT>0</EXPRESSION_BROW_RAISER_LEFT>
    <EXPRESSION_BROW_RAISER_RIGHT>100</EXPRESSION_BROW_RAISER_RIGHT>
    <EXPRESSION_BROW_LOWERER_LEFT>0</EXPRESSION_BROW_LOWERER_LEFT>
    <EXPRESSION_BROW_LOWERER_RIGHT>0</EXPRESSION_BROW_LOWERER_RIGHT>
    <EXPRESSION_SMILE>0</EXPRESSION_SMILE>
    <EXPRESSION_KISS>0</EXPRESSION_KISS>
    <EXPRESSION_MOUTH_OPEN>0</EXPRESSION_MOUTH_OPEN>
    <EXPRESSION_EYES_CLOSED_LEFT>0</EXPRESSION_EYES_CLOSED_LEFT>
    <EXPRESSION_EYES_CLOSED_RIGHT>0</EXPRESSION_EYES_CLOSED_RIGHT>
    <EXPRESSION_EYES_TURN_LEFT>0</EXPRESSION_EYES_TURN_LEFT>
    <EXPRESSION_EYES_TURN_RIGHT>0</EXPRESSION_EYES_TURN_RIGHT>
    <EXPRESSION_EYES_UP>0</EXPRESSION_EYES_UP>
    <EXPRESSION_EYES_DOWN>0</EXPRESSION_EYES_DOWN>
    <EMOTION_PRIMARY_ANGER_EVIDENCE>0</EMOTION_PRIMARY_ANGER_EVIDENCE>
    <EMOTION_PRIMARY_ANGER_INTENSITY>0.0488357767</EMOTION_PRIMARY_ANGER_INTENSITY>
    <EMOTION_PRIMARY_CONTEMPT_EVIDENCE>-1</EMOTION_PRIMARY_CONTEMPT_EVIDENCE>
    <EMOTION_PRIMARY_CONTEMPT_INTENSITY>0.009127251</EMOTION_PRIMARY_CONTEMPT_INTENSITY>
    <EMOTION_PRIMARY_DISGUST_EVIDENCE>-1</EMOTION_PRIMARY_DISGUST_EVIDENCE>
    <EMOTION_PRIMARY_DISGUST_INTENSITY>0.00443172129</EMOTION_PRIMARY_DISGUST_INTENSITY>
    <EMOTION_PRIMARY_FEAR_EVIDENCE>0</EMOTION_PRIMARY_FEAR_EVIDENCE>
    <EMOTION_PRIMARY_FEAR_INTENSITY>0.008392947</EMOTION_PRIMARY_FEAR_INTENSITY>
    <EMOTION_PRIMARY_JOY_EVIDENCE>0</EMOTION_PRIMARY_JOY_EVIDENCE>
    <EMOTION_PRIMARY_JOY_INTENSITY>0.3164739</EMOTION_PRIMARY_JOY_INTENSITY>
    <EMOTION_PRIMARY_SADNESS_EVIDENCE>0</EMOTION_PRIMARY_SADNESS_EVIDENCE>
    <EMOTION_PRIMARY_SADNESS_INTENSITY>0.195698187</EMOTION_PRIMARY_SADNESS_INTENSITY>
    <EMOTION_PRIMARY_SURPRISE_EVIDENCE>-1</EMOTION_PRIMARY_SURPRISE_EVIDENCE>
    <EMOTION_PRIMARY_SURPRISE_INTENSITY>0.00353909121</EMOTION_PRIMARY_SURPRISE_INTENSITY>
    <EMOTION_SENTIMENT_NEGATIVE_EVIDENCE>1</EMOTION_SENTIMENT_NEGATIVE_EVIDENCE>
    <EMOTION_SENTIMENT_NEGATIVE_INTENSITY>0.6174257</EMOTION_SENTIMENT_NEGATIVE_INTENSITY>
    <EMOTION_SENTIMENT_POSITIVE_EVIDENCE>0</EMOTION_SENTIMENT_POSITIVE_EVIDENCE>
    <EMOTION_SENTIMENT_POSITIVE_INTENSITY>0.5044427</EMOTION_SENTIMENT_POSITIVE_INTENSITY>
    <EMOTION_SENTIMENT_NEUTRAL_EVIDENCE>-2</EMOTION_SENTIMENT_NEUTRAL_EVIDENCE>
    <EMOTION_SENTIMENT_NEUTRAL_INTENSITY>0.004796751</EMOTION_SENTIMENT_NEUTRAL_INTENSITY>
  </DATA>
  <DATA>
    <TimeStamp>121017</TimeStamp>
    <NumFaces>1</NumFaces>
    <Pulse>73</Pulse>
    <EXPRESSION_BROW_RAISER_LEFT>0</EXPRESSION_BROW_RAISER_LEFT>
    <EXPRESSION_BROW_RAISER_RIGHT>100</EXPRESSION_BROW_RAISER_RIGHT>
    <EXPRESSION_BROW_LOWERER_LEFT>0</EXPRESSION_BROW_LOWERER_LEFT>
    <EXPRESSION_BROW_LOWERER_RIGHT>0</EXPRESSION_BROW_LOWERER_RIGHT>
    <EXPRESSION_SMILE>0</EXPRESSION_SMILE>
    <EXPRESSION_KISS>0</EXPRESSION_KISS>
    <EXPRESSION_MOUTH_OPEN>0</EXPRESSION_MOUTH_OPEN>
    <EXPRESSION_EYES_CLOSED_LEFT>0</EXPRESSION_EYES_CLOSED_LEFT>
    <EXPRESSION_EYES_CLOSED_RIGHT>0</EXPRESSION_EYES_CLOSED_RIGHT>
    <EXPRESSION_EYES_TURN_LEFT>0</EXPRESSION_EYES_TURN_LEFT>
    <EXPRESSION_EYES_TURN_RIGHT>0</EXPRESSION_EYES_TURN_RIGHT>
    <EXPRESSION_EYES_UP>0</EXPRESSION_EYES_UP>
    <EXPRESSION_EYES_DOWN>0</EXPRESSION_EYES_DOWN>
    <EMOTION_PRIMARY_ANGER_EVIDENCE>0</EMOTION_PRIMARY_ANGER_EVIDENCE>
    <EMOTION_PRIMARY_ANGER_INTENSITY>0.0488357767</EMOTION_PRIMARY_ANGER_INTENSITY>
    <EMOTION_PRIMARY_CONTEMPT_EVIDENCE>-1</EMOTION_PRIMARY_CONTEMPT_EVIDENCE>
    <EMOTION_PRIMARY_CONTEMPT_INTENSITY>0.009127251</EMOTION_PRIMARY_CONTEMPT_INTENSITY>
    <EMOTION_PRIMARY_DISGUST_EVIDENCE>-1</EMOTION_PRIMARY_DISGUST_EVIDENCE>
    <EMOTION_PRIMARY_DISGUST_INTENSITY>0.00443172129</EMOTION_PRIMARY_DISGUST_INTENSITY>
    <EMOTION_PRIMARY_FEAR_EVIDENCE>0</EMOTION_PRIMARY_FEAR_EVIDENCE>
    <EMOTION_PRIMARY_FEAR_INTENSITY>0.008392947</EMOTION_PRIMARY_FEAR_INTENSITY>
    <EMOTION_PRIMARY_JOY_EVIDENCE>0</EMOTION_PRIMARY_JOY_EVIDENCE>
    <EMOTION_PRIMARY_JOY_INTENSITY>0.3164739</EMOTION_PRIMARY_JOY_INTENSITY>
    <EMOTION_PRIMARY_SADNESS_EVIDENCE>0</EMOTION_PRIMARY_SADNESS_EVIDENCE>
    <EMOTION_PRIMARY_SADNESS_INTENSITY>0.195698187</EMOTION_PRIMARY_SADNESS_INTENSITY>
    <EMOTION_PRIMARY_SURPRISE_EVIDENCE>-1</EMOTION_PRIMARY_SURPRISE_EVIDENCE>
    <EMOTION_PRIMARY_SURPRISE_INTENSITY>0.00353909121</EMOTION_PRIMARY_SURPRISE_INTENSITY>
    <EMOTION_SENTIMENT_NEGATIVE_EVIDENCE>1</EMOTION_SENTIMENT_NEGATIVE_EVIDENCE>
    <EMOTION_SENTIMENT_NEGATIVE_INTENSITY>0.6174257</EMOTION_SENTIMENT_NEGATIVE_INTENSITY>
    <EMOTION_SENTIMENT_POSITIVE_EVIDENCE>0</EMOTION_SENTIMENT_POSITIVE_EVIDENCE>
    <EMOTION_SENTIMENT_POSITIVE_INTENSITY>0.5044427</EMOTION_SENTIMENT_POSITIVE_INTENSITY>
    <EMOTION_SENTIMENT_NEUTRAL_EVIDENCE>-2</EMOTION_SENTIMENT_NEUTRAL_EVIDENCE>
    <EMOTION_SENTIMENT_NEUTRAL_INTENSITY>0.004796751</EMOTION_SENTIMENT_NEUTRAL_INTENSITY>
  </DATA>
  <DATA>
    <TimeStamp>121217</TimeStamp>
    <NumFaces>1</NumFaces>
    <Pulse>73</Pulse>
    <EXPRESSION_BROW_RAISER_LEFT>0</EXPRESSION_BROW_RAISER_LEFT>
    <EXPRESSION_BROW_RAISER_RIGHT>100</EXPRESSION_BROW_RAISER_RIGHT>
    <EXPRESSION_BROW_LOWERER_LEFT>0</EXPRESSION_BROW_LOWERER_LEFT>
    <EXPRESSION_BROW_LOWERER_RIGHT>0</EXPRESSION_BROW_LOWERER_RIGHT>
    <EXPRESSION_SMILE>0</EXPRESSION_SMILE>
    <EXPRESSION_KISS>0</EXPRESSION_KISS>
    <EXPRESSION_MOUTH_OPEN>0</EXPRESSION_MOUTH_OPEN>
    <EXPRESSION_EYES_CLOSED_LEFT>0</EXPRESSION_EYES_CLOSED_LEFT>
    <EXPRESSION_EYES_CLOSED_RIGHT>0</EXPRESSION_EYES_CLOSED_RIGHT>
    <EXPRESSION_EYES_TURN_LEFT>0</EXPRESSION_EYES_TURN_LEFT>
    <EXPRESSION_EYES_TURN_RIGHT>0</EXPRESSION_EYES_TURN_RIGHT>
    <EXPRESSION_EYES_UP>0</EXPRESSION_EYES_UP>
    <EXPRESSION_EYES_DOWN>0</EXPRESSION_EYES_DOWN>
    <EMOTION_PRIMARY_ANGER_EVIDENCE>0</EMOTION_PRIMARY_ANGER_EVIDENCE>
    <EMOTION_PRIMARY_ANGER_INTENSITY>0.0488357767</EMOTION_PRIMARY_ANGER_INTENSITY>
    <EMOTION_PRIMARY_CONTEMPT_EVIDENCE>-1</EMOTION_PRIMARY_CONTEMPT_EVIDENCE>
    <EMOTION_PRIMARY_CONTEMPT_INTENSITY>0.009127251</EMOTION_PRIMARY_CONTEMPT_INTENSITY>
    <EMOTION_PRIMARY_DISGUST_EVIDENCE>-1</EMOTION_PRIMARY_DISGUST_EVIDENCE>
    <EMOTION_PRIMARY_DISGUST_INTENSITY>0.00443172129</EMOTION_PRIMARY_DISGUST_INTENSITY>
    <EMOTION_PRIMARY_FEAR_EVIDENCE>0</EMOTION_PRIMARY_FEAR_EVIDENCE>
    <EMOTION_PRIMARY_FEAR_INTENSITY>0.008392947</EMOTION_PRIMARY_FEAR_INTENSITY>
    <EMOTION_PRIMARY_JOY_EVIDENCE>0</EMOTION_PRIMARY_JOY_EVIDENCE>
    <EMOTION_PRIMARY_JOY_INTENSITY>0.3164739</EMOTION_PRIMARY_JOY_INTENSITY>
    <EMOTION_PRIMARY_SADNESS_EVIDENCE>0</EMOTION_PRIMARY_SADNESS_EVIDENCE>
    <EMOTION_PRIMARY_SADNESS_INTENSITY>0.195698187</EMOTION_PRIMARY_SADNESS_INTENSITY>
    <EMOTION_PRIMARY_SURPRISE_EVIDENCE>-1</EMOTION_PRIMARY_SURPRISE_EVIDENCE>
    <EMOTION_PRIMARY_SURPRISE_INTENSITY>0.00353909121</EMOTION_PRIMARY_SURPRISE_INTENSITY>
    <EMOTION_SENTIMENT_NEGATIVE_EVIDENCE>1</EMOTION_SENTIMENT_NEGATIVE_EVIDENCE>
    <EMOTION_SENTIMENT_NEGATIVE_INTENSITY>0.6174257</EMOTION_SENTIMENT_NEGATIVE_INTENSITY>
    <EMOTION_SENTIMENT_POSITIVE_EVIDENCE>0</EMOTION_SENTIMENT_POSITIVE_EVIDENCE>
    <EMOTION_SENTIMENT_POSITIVE_INTENSITY>0.5044427</EMOTION_SENTIMENT_POSITIVE_INTENSITY>
    <EMOTION_SENTIMENT_NEUTRAL_EVIDENCE>-2</EMOTION_SENTIMENT_NEUTRAL_EVIDENCE>
    <EMOTION_SENTIMENT_NEUTRAL_INTENSITY>0.004796751</EMOTION_SENTIMENT_NEUTRAL_INTENSITY>
  </DATA>
  <DATA>
    <TimeStamp>121419</TimeStamp>
    <NumFaces>1</NumFaces>
    <Pulse>73</Pulse>
    <EXPRESSION_BROW_RAISER_LEFT>0</EXPRESSION_BROW_RAISER_LEFT>
    <EXPRESSION_BROW_RAISER_RIGHT>100</EXPRESSION_BROW_RAISER_RIGHT>
    <EXPRESSION_BROW_LOWERER_LEFT>0</EXPRESSION_BROW_LOWERER_LEFT>
    <EXPRESSION_BROW_LOWERER_RIGHT>0</EXPRESSION_BROW_LOWERER_RIGHT>
    <EXPRESSION_SMILE>0</EXPRESSION_SMILE>
    <EXPRESSION_KISS>0</EXPRESSION_KISS>
    <EXPRESSION_MOUTH_OPEN>0</EXPRESSION_MOUTH_OPEN>
    <EXPRESSION_EYES_CLOSED_LEFT>0</EXPRESSION_EYES_CLOSED_LEFT>
    <EXPRESSION_EYES_CLOSED_RIGHT>0</EXPRESSION_EYES_CLOSED_RIGHT>
    <EXPRESSION_EYES_TURN_LEFT>0</EXPRESSION_EYES_TURN_LEFT>
    <EXPRESSION_EYES_TURN_RIGHT>0</EXPRESSION_EYES_TURN_RIGHT>
    <EXPRESSION_EYES_UP>0</EXPRESSION_EYES_UP>
    <EXPRESSION_EYES_DOWN>0</EXPRESSION_EYES_DOWN>
    <EMOTION_PRIMARY_ANGER_EVIDENCE>0</EMOTION_PRIMARY_ANGER_EVIDENCE>
    <EMOTION_PRIMARY_ANGER_INTENSITY>0.0488357767</EMOTION_PRIMARY_ANGER_INTENSITY>
    <EMOTION_PRIMARY_CONTEMPT_EVIDENCE>-1</EMOTION_PRIMARY_CONTEMPT_EVIDENCE>
    <EMOTION_PRIMARY_CONTEMPT_INTENSITY>0.009127251</EMOTION_PRIMARY_CONTEMPT_INTENSITY>
    <EMOTION_PRIMARY_DISGUST_EVIDENCE>-1</EMOTION_PRIMARY_DISGUST_EVIDENCE>
    <EMOTION_PRIMARY_DISGUST_INTENSITY>0.00443172129</EMOTION_PRIMARY_DISGUST_INTENSITY>
    <EMOTION_PRIMARY_FEAR_EVIDENCE>0</EMOTION_PRIMARY_FEAR_EVIDENCE>
    <EMOTION_PRIMARY_FEAR_INTENSITY>0.008392947</EMOTION_PRIMARY_FEAR_INTENSITY>
    <EMOTION_PRIMARY_JOY_EVIDENCE>0</EMOTION_PRIMARY_JOY_EVIDENCE>
    <EMOTION_PRIMARY_JOY_INTENSITY>0.3164739</EMOTION_PRIMARY_JOY_INTENSITY>
    <EMOTION_PRIMARY_SADNESS_EVIDENCE>0</EMOTION_PRIMARY_SADNESS_EVIDENCE>
    <EMOTION_PRIMARY_SADNESS_INTENSITY>0.195698187</EMOTION_PRIMARY_SADNESS_INTENSITY>
    <EMOTION_PRIMARY_SURPRISE_EVIDENCE>-1</EMOTION_PRIMARY_SURPRISE_EVIDENCE>
    <EMOTION_PRIMARY_SURPRISE_INTENSITY>0.00353909121</EMOTION_PRIMARY_SURPRISE_INTENSITY>
    <EMOTION_SENTIMENT_NEGATIVE_EVIDENCE>1</EMOTION_SENTIMENT_NEGATIVE_EVIDENCE>
    <EMOTION_SENTIMENT_NEGATIVE_INTENSITY>0.6174257</EMOTION_SENTIMENT_NEGATIVE_INTENSITY>
    <EMOTION_SENTIMENT_POSITIVE_EVIDENCE>0</EMOTION_SENTIMENT_POSITIVE_EVIDENCE>
    <EMOTION_SENTIMENT_POSITIVE_INTENSITY>0.5044427</EMOTION_SENTIMENT_POSITIVE_INTENSITY>
    <EMOTION_SENTIMENT_NEUTRAL_EVIDENCE>-2</EMOTION_SENTIMENT_NEUTRAL_EVIDENCE>
    <EMOTION_SENTIMENT_NEUTRAL_INTENSITY>0.004796751</EMOTION_SENTIMENT_NEUTRAL_INTENSITY>
  </DATA>
  <DATA>
    <TimeStamp>121619</TimeStamp>
    <NumFaces>1</NumFaces>
    <Pulse>73</Pulse>
    <EXPRESSION_BROW_RAISER_LEFT>0</EXPRESSION_BROW_RAISER_LEFT>
    <EXPRESSION_BROW_RAISER_RIGHT>100</EXPRESSION_BROW_RAISER_RIGHT>
    <EXPRESSION_BROW_LOWERER_LEFT>0</EXPRESSION_BROW_LOWERER_LEFT>
    <EXPRESSION_BROW_LOWERER_RIGHT>0</EXPRESSION_BROW_LOWERER_RIGHT>
    <EXPRESSION_SMILE>0</EXPRESSION_SMILE>
    <EXPRESSION_KISS>0</EXPRESSION_KISS>
    <EXPRESSION_MOUTH_OPEN>0</EXPRESSION_MOUTH_OPEN>
    <EXPRESSION_EYES_CLOSED_LEFT>0</EXPRESSION_EYES_CLOSED_LEFT>
    <EXPRESSION_EYES_CLOSED_RIGHT>0</EXPRESSION_EYES_CLOSED_RIGHT>
    <EXPRESSION_EYES_TURN_LEFT>0</EXPRESSION_EYES_TURN_LEFT>
    <EXPRESSION_EYES_TURN_RIGHT>0</EXPRESSION_EYES_TURN_RIGHT>
    <EXPRESSION_EYES_UP>0</EXPRESSION_EYES_UP>
    <EXPRESSION_EYES_DOWN>0</EXPRESSION_EYES_DOWN>
    <EMOTION_PRIMARY_ANGER_EVIDENCE>0</EMOTION_PRIMARY_ANGER_EVIDENCE>
    <EMOTION_PRIMARY_ANGER_INTENSITY>0.0488357767</EMOTION_PRIMARY_ANGER_INTENSITY>
    <EMOTION_PRIMARY_CONTEMPT_EVIDENCE>-1</EMOTION_PRIMARY_CONTEMPT_EVIDENCE>
    <EMOTION_PRIMARY_CONTEMPT_INTENSITY>0.009127251</EMOTION_PRIMARY_CONTEMPT_INTENSITY>
    <EMOTION_PRIMARY_DISGUST_EVIDENCE>-1</EMOTION_PRIMARY_DISGUST_EVIDENCE>
    <EMOTION_PRIMARY_DISGUST_INTENSITY>0.00443172129</EMOTION_PRIMARY_DISGUST_INTENSITY>
    <EMOTION_PRIMARY_FEAR_EVIDENCE>0</EMOTION_PRIMARY_FEAR_EVIDENCE>
    <EMOTION_PRIMARY_FEAR_INTENSITY>0.008392947</EMOTION_PRIMARY_FEAR_INTENSITY>
    <EMOTION_PRIMARY_JOY_EVIDENCE>0</EMOTION_PRIMARY_JOY_EVIDENCE>
    <EMOTION_PRIMARY_JOY_INTENSITY>0.3164739</EMOTION_PRIMARY_JOY_INTENSITY>
    <EMOTION_PRIMARY_SADNESS_EVIDENCE>0</EMOTION_PRIMARY_SADNESS_EVIDENCE>
    <EMOTION_PRIMARY_SADNESS_INTENSITY>0.195698187</EMOTION_PRIMARY_SADNESS_INTENSITY>
    <EMOTION_PRIMARY_SURPRISE_EVIDENCE>-1</EMOTION_PRIMARY_SURPRISE_EVIDENCE>
    <EMOTION_PRIMARY_SURPRISE_INTENSITY>0.00353909121</EMOTION_PRIMARY_SURPRISE_INTENSITY>
    <EMOTION_SENTIMENT_NEGATIVE_EVIDENCE>1</EMOTION_SENTIMENT_NEGATIVE_EVIDENCE>
    <EMOTION_SENTIMENT_NEGATIVE_INTENSITY>0.6174257</EMOTION_SENTIMENT_NEGATIVE_INTENSITY>
    <EMOTION_SENTIMENT_POSITIVE_EVIDENCE>0</EMOTION_SENTIMENT_POSITIVE_EVIDENCE>
    <EMOTION_SENTIMENT_POSITIVE_INTENSITY>0.5044427</EMOTION_SENTIMENT_POSITIVE_INTENSITY>
    <EMOTION_SENTIMENT_NEUTRAL_EVIDENCE>-2</EMOTION_SENTIMENT_NEUTRAL_EVIDENCE>
    <EMOTION_SENTIMENT_NEUTRAL_INTENSITY>0.004796751</EMOTION_SENTIMENT_NEUTRAL_INTENSITY>
  </DATA>
  <DATA>
    <TimeStamp>121820</TimeStamp>
    <NumFaces>1</NumFaces>
    <Pulse>73</Pulse>
    <EXPRESSION_BROW_RAISER_LEFT>0</EXPRESSION_BROW_RAISER_LEFT>
    <EXPRESSION_BROW_RAISER_RIGHT>100</EXPRESSION_BROW_RAISER_RIGHT>
    <EXPRESSION_BROW_LOWERER_LEFT>0</EXPRESSION_BROW_LOWERER_LEFT>
    <EXPRESSION_BROW_LOWERER_RIGHT>0</EXPRESSION_BROW_LOWERER_RIGHT>
    <EXPRESSION_SMILE>0</EXPRESSION_SMILE>
    <EXPRESSION_KISS>0</EXPRESSION_KISS>
    <EXPRESSION_MOUTH_OPEN>0</EXPRESSION_MOUTH_OPEN>
    <EXPRESSION_EYES_CLOSED_LEFT>0</EXPRESSION_EYES_CLOSED_LEFT>
    <EXPRESSION_EYES_CLOSED_RIGHT>0</EXPRESSION_EYES_CLOSED_RIGHT>
    <EXPRESSION_EYES_TURN_LEFT>0</EXPRESSION_EYES_TURN_LEFT>
    <EXPRESSION_EYES_TURN_RIGHT>0</EXPRESSION_EYES_TURN_RIGHT>
    <EXPRESSION_EYES_UP>0</EXPRESSION_EYES_UP>
    <EXPRESSION_EYES_DOWN>0</EXPRESSION_EYES_DOWN>
    <EMOTION_PRIMARY_ANGER_EVIDENCE>0</EMOTION_PRIMARY_ANGER_EVIDENCE>
    <EMOTION_PRIMARY_ANGER_INTENSITY>0.0488357767</EMOTION_PRIMARY_ANGER_INTENSITY>
    <EMOTION_PRIMARY_CONTEMPT_EVIDENCE>-1</EMOTION_PRIMARY_CONTEMPT_EVIDENCE>
    <EMOTION_PRIMARY_CONTEMPT_INTENSITY>0.009127251</EMOTION_PRIMARY_CONTEMPT_INTENSITY>
    <EMOTION_PRIMARY_DISGUST_EVIDENCE>-1</EMOTION_PRIMARY_DISGUST_EVIDENCE>
    <EMOTION_PRIMARY_DISGUST_INTENSITY>0.00443172129</EMOTION_PRIMARY_DISGUST_INTENSITY>
    <EMOTION_PRIMARY_FEAR_EVIDENCE>0</EMOTION_PRIMARY_FEAR_EVIDENCE>
    <EMOTION_PRIMARY_FEAR_INTENSITY>0.008392947</EMOTION_PRIMARY_FEAR_INTENSITY>
    <EMOTION_PRIMARY_JOY_EVIDENCE>0</EMOTION_PRIMARY_JOY_EVIDENCE>
    <EMOTION_PRIMARY_JOY_INTENSITY>0.3164739</EMOTION_PRIMARY_JOY_INTENSITY>
    <EMOTION_PRIMARY_SADNESS_EVIDENCE>0</EMOTION_PRIMARY_SADNESS_EVIDENCE>
    <EMOTION_PRIMARY_SADNESS_INTENSITY>0.195698187</EMOTION_PRIMARY_SADNESS_INTENSITY>
    <EMOTION_PRIMARY_SURPRISE_EVIDENCE>-1</EMOTION_PRIMARY_SURPRISE_EVIDENCE>
    <EMOTION_PRIMARY_SURPRISE_INTENSITY>0.00353909121</EMOTION_PRIMARY_SURPRISE_INTENSITY>
    <EMOTION_SENTIMENT_NEGATIVE_EVIDENCE>1</EMOTION_SENTIMENT_NEGATIVE_EVIDENCE>
    <EMOTION_SENTIMENT_NEGATIVE_INTENSITY>0.6174257</EMOTION_SENTIMENT_NEGATIVE_INTENSITY>
    <EMOTION_SENTIMENT_POSITIVE_EVIDENCE>0</EMOTION_SENTIMENT_POSITIVE_EVIDENCE>
    <EMOTION_SENTIMENT_POSITIVE_INTENSITY>0.5044427</EMOTION_SENTIMENT_POSITIVE_INTENSITY>
    <EMOTION_SENTIMENT_NEUTRAL_EVIDENCE>-2</EMOTION_SENTIMENT_NEUTRAL_EVIDENCE>
    <EMOTION_SENTIMENT_NEUTRAL_INTENSITY>0.004796751</EMOTION_SENTIMENT_NEUTRAL_INTENSITY>
  </DATA>
  <DATA>
    <TimeStamp>122020</TimeStamp>
    <NumFaces>1</NumFaces>
    <Pulse>73</Pulse>
    <EXPRESSION_BROW_RAISER_LEFT>0</EXPRESSION_BROW_RAISER_LEFT>
    <EXPRESSION_BROW_RAISER_RIGHT>100</EXPRESSION_BROW_RAISER_RIGHT>
    <EXPRESSION_BROW_LOWERER_LEFT>0</EXPRESSION_BROW_LOWERER_LEFT>
    <EXPRESSION_BROW_LOWERER_RIGHT>0</EXPRESSION_BROW_LOWERER_RIGHT>
    <EXPRESSION_SMILE>0</EXPRESSION_SMILE>
    <EXPRESSION_KISS>0</EXPRESSION_KISS>
    <EXPRESSION_MOUTH_OPEN>0</EXPRESSION_MOUTH_OPEN>
    <EXPRESSION_EYES_CLOSED_LEFT>0</EXPRESSION_EYES_CLOSED_LEFT>
    <EXPRESSION_EYES_CLOSED_RIGHT>0</EXPRESSION_EYES_CLOSED_RIGHT>
    <EXPRESSION_EYES_TURN_LEFT>0</EXPRESSION_EYES_TURN_LEFT>
    <EXPRESSION_EYES_TURN_RIGHT>0</EXPRESSION_EYES_TURN_RIGHT>
    <EXPRESSION_EYES_UP>0</EXPRESSION_EYES_UP>
    <EXPRESSION_EYES_DOWN>0</EXPRESSION_EYES_DOWN>
    <EMOTION_PRIMARY_ANGER_EVIDENCE>0</EMOTION_PRIMARY_ANGER_EVIDENCE>
    <EMOTION_PRIMARY_ANGER_INTENSITY>0.0488357767</EMOTION_PRIMARY_ANGER_INTENSITY>
    <EMOTION_PRIMARY_CONTEMPT_EVIDENCE>-1</EMOTION_PRIMARY_CONTEMPT_EVIDENCE>
    <EMOTION_PRIMARY_CONTEMPT_INTENSITY>0.009127251</EMOTION_PRIMARY_CONTEMPT_INTENSITY>
    <EMOTION_PRIMARY_DISGUST_EVIDENCE>-1</EMOTION_PRIMARY_DISGUST_EVIDENCE>
    <EMOTION_PRIMARY_DISGUST_INTENSITY>0.00443172129</EMOTION_PRIMARY_DISGUST_INTENSITY>
    <EMOTION_PRIMARY_FEAR_EVIDENCE>0</EMOTION_PRIMARY_FEAR_EVIDENCE>
    <EMOTION_PRIMARY_FEAR_INTENSITY>0.008392947</EMOTION_PRIMARY_FEAR_INTENSITY>
    <EMOTION_PRIMARY_JOY_EVIDENCE>0</EMOTION_PRIMARY_JOY_EVIDENCE>
    <EMOTION_PRIMARY_JOY_INTENSITY>0.3164739</EMOTION_PRIMARY_JOY_INTENSITY>
    <EMOTION_PRIMARY_SADNESS_EVIDENCE>0</EMOTION_PRIMARY_SADNESS_EVIDENCE>
    <EMOTION_PRIMARY_SADNESS_INTENSITY>0.195698187</EMOTION_PRIMARY_SADNESS_INTENSITY>
    <EMOTION_PRIMARY_SURPRISE_EVIDENCE>-1</EMOTION_PRIMARY_SURPRISE_EVIDENCE>
    <EMOTION_PRIMARY_SURPRISE_INTENSITY>0.00353909121</EMOTION_PRIMARY_SURPRISE_INTENSITY>
    <EMOTION_SENTIMENT_NEGATIVE_EVIDENCE>1</EMOTION_SENTIMENT_NEGATIVE_EVIDENCE>
    <EMOTION_SENTIMENT_NEGATIVE_INTENSITY>0.6174257</EMOTION_SENTIMENT_NEGATIVE_INTENSITY>
    <EMOTION_SENTIMENT_POSITIVE_EVIDENCE>0</EMOTION_SENTIMENT_POSITIVE_EVIDENCE>
    <EMOTION_SENTIMENT_POSITIVE_INTENSITY>0.5044427</EMOTION_SENTIMENT_POSITIVE_INTENSITY>
    <EMOTION_SENTIMENT_NEUTRAL_EVIDENCE>-2</EMOTION_SENTIMENT_NEUTRAL_EVIDENCE>
    <EMOTION_SENTIMENT_NEUTRAL_INTENSITY>0.004796751</EMOTION_SENTIMENT_NEUTRAL_INTENSITY>
  </DATA>
  <DATA>
    <TimeStamp>122220</TimeStamp>
    <NumFaces>1</NumFaces>
    <Pulse>73</Pulse>
    <EXPRESSION_BROW_RAISER_LEFT>0</EXPRESSION_BROW_RAISER_LEFT>
    <EXPRESSION_BROW_RAISER_RIGHT>100</EXPRESSION_BROW_RAISER_RIGHT>
    <EXPRESSION_BROW_LOWERER_LEFT>0</EXPRESSION_BROW_LOWERER_LEFT>
    <EXPRESSION_BROW_LOWERER_RIGHT>0</EXPRESSION_BROW_LOWERER_RIGHT>
    <EXPRESSION_SMILE>0</EXPRESSION_SMILE>
    <EXPRESSION_KISS>0</EXPRESSION_KISS>
    <EXPRESSION_MOUTH_OPEN>0</EXPRESSION_MOUTH_OPEN>
    <EXPRESSION_EYES_CLOSED_LEFT>0</EXPRESSION_EYES_CLOSED_LEFT>
    <EXPRESSION_EYES_CLOSED_RIGHT>0</EXPRESSION_EYES_CLOSED_RIGHT>
    <EXPRESSION_EYES_TURN_LEFT>0</EXPRESSION_EYES_TURN_LEFT>
    <EXPRESSION_EYES_TURN_RIGHT>0</EXPRESSION_EYES_TURN_RIGHT>
    <EXPRESSION_EYES_UP>0</EXPRESSION_EYES_UP>
    <EXPRESSION_EYES_DOWN>0</EXPRESSION_EYES_DOWN>
    <EMOTION_PRIMARY_ANGER_EVIDENCE>0</EMOTION_PRIMARY_ANGER_EVIDENCE>
    <EMOTION_PRIMARY_ANGER_INTENSITY>0.0488357767</EMOTION_PRIMARY_ANGER_INTENSITY>
    <EMOTION_PRIMARY_CONTEMPT_EVIDENCE>-1</EMOTION_PRIMARY_CONTEMPT_EVIDENCE>
    <EMOTION_PRIMARY_CONTEMPT_INTENSITY>0.009127251</EMOTION_PRIMARY_CONTEMPT_INTENSITY>
    <EMOTION_PRIMARY_DISGUST_EVIDENCE>-1</EMOTION_PRIMARY_DISGUST_EVIDENCE>
    <EMOTION_PRIMARY_DISGUST_INTENSITY>0.00443172129</EMOTION_PRIMARY_DISGUST_INTENSITY>
    <EMOTION_PRIMARY_FEAR_EVIDENCE>0</EMOTION_PRIMARY_FEAR_EVIDENCE>
    <EMOTION_PRIMARY_FEAR_INTENSITY>0.008392947</EMOTION_PRIMARY_FEAR_INTENSITY>
    <EMOTION_PRIMARY_JOY_EVIDENCE>0</EMOTION_PRIMARY_JOY_EVIDENCE>
    <EMOTION_PRIMARY_JOY_INTENSITY>0.3164739</EMOTION_PRIMARY_JOY_INTENSITY>
    <EMOTION_PRIMARY_SADNESS_EVIDENCE>0</EMOTION_PRIMARY_SADNESS_EVIDENCE>
    <EMOTION_PRIMARY_SADNESS_INTENSITY>0.195698187</EMOTION_PRIMARY_SADNESS_INTENSITY>
    <EMOTION_PRIMARY_SURPRISE_EVIDENCE>-1</EMOTION_PRIMARY_SURPRISE_EVIDENCE>
    <EMOTION_PRIMARY_SURPRISE_INTENSITY>0.00353909121</EMOTION_PRIMARY_SURPRISE_INTENSITY>
    <EMOTION_SENTIMENT_NEGATIVE_EVIDENCE>1</EMOTION_SENTIMENT_NEGATIVE_EVIDENCE>
    <EMOTION_SENTIMENT_NEGATIVE_INTENSITY>0.6174257</EMOTION_SENTIMENT_NEGATIVE_INTENSITY>
    <EMOTION_SENTIMENT_POSITIVE_EVIDENCE>0</EMOTION_SENTIMENT_POSITIVE_EVIDENCE>
    <EMOTION_SENTIMENT_POSITIVE_INTENSITY>0.5044427</EMOTION_SENTIMENT_POSITIVE_INTENSITY>
    <EMOTION_SENTIMENT_NEUTRAL_EVIDENCE>-2</EMOTION_SENTIMENT_NEUTRAL_EVIDENCE>
    <EMOTION_SENTIMENT_NEUTRAL_INTENSITY>0.004796751</EMOTION_SENTIMENT_NEUTRAL_INTENSITY>
  </DATA>
  <DATA>
    <TimeStamp>122421</TimeStamp>
    <NumFaces>1</NumFaces>
    <Pulse>73</Pulse>
    <EXPRESSION_BROW_RAISER_LEFT>0</EXPRESSION_BROW_RAISER_LEFT>
    <EXPRESSION_BROW_RAISER_RIGHT>100</EXPRESSION_BROW_RAISER_RIGHT>
    <EXPRESSION_BROW_LOWERER_LEFT>0</EXPRESSION_BROW_LOWERER_LEFT>
    <EXPRESSION_BROW_LOWERER_RIGHT>0</EXPRESSION_BROW_LOWERER_RIGHT>
    <EXPRESSION_SMILE>0</EXPRESSION_SMILE>
    <EXPRESSION_KISS>0</EXPRESSION_KISS>
    <EXPRESSION_MOUTH_OPEN>0</EXPRESSION_MOUTH_OPEN>
    <EXPRESSION_EYES_CLOSED_LEFT>0</EXPRESSION_EYES_CLOSED_LEFT>
    <EXPRESSION_EYES_CLOSED_RIGHT>0</EXPRESSION_EYES_CLOSED_RIGHT>
    <EXPRESSION_EYES_TURN_LEFT>0</EXPRESSION_EYES_TURN_LEFT>
    <EXPRESSION_EYES_TURN_RIGHT>0</EXPRESSION_EYES_TURN_RIGHT>
    <EXPRESSION_EYES_UP>0</EXPRESSION_EYES_UP>
    <EXPRESSION_EYES_DOWN>0</EXPRESSION_EYES_DOWN>
    <EMOTION_PRIMARY_ANGER_EVIDENCE>0</EMOTION_PRIMARY_ANGER_EVIDENCE>
    <EMOTION_PRIMARY_ANGER_INTENSITY>0.0488357767</EMOTION_PRIMARY_ANGER_INTENSITY>
    <EMOTION_PRIMARY_CONTEMPT_EVIDENCE>-1</EMOTION_PRIMARY_CONTEMPT_EVIDENCE>
    <EMOTION_PRIMARY_CONTEMPT_INTENSITY>0.009127251</EMOTION_PRIMARY_CONTEMPT_INTENSITY>
    <EMOTION_PRIMARY_DISGUST_EVIDENCE>-1</EMOTION_PRIMARY_DISGUST_EVIDENCE>
    <EMOTION_PRIMARY_DISGUST_INTENSITY>0.00443172129</EMOTION_PRIMARY_DISGUST_INTENSITY>
    <EMOTION_PRIMARY_FEAR_EVIDENCE>0</EMOTION_PRIMARY_FEAR_EVIDENCE>
    <EMOTION_PRIMARY_FEAR_INTENSITY>0.008392947</EMOTION_PRIMARY_FEAR_INTENSITY>
    <EMOTION_PRIMARY_JOY_EVIDENCE>0</EMOTION_PRIMARY_JOY_EVIDENCE>
    <EMOTION_PRIMARY_JOY_INTENSITY>0.3164739</EMOTION_PRIMARY_JOY_INTENSITY>
    <EMOTION_PRIMARY_SADNESS_EVIDENCE>0</EMOTION_PRIMARY_SADNESS_EVIDENCE>
    <EMOTION_PRIMARY_SADNESS_INTENSITY>0.195698187</EMOTION_PRIMARY_SADNESS_INTENSITY>
    <EMOTION_PRIMARY_SURPRISE_EVIDENCE>-1</EMOTION_PRIMARY_SURPRISE_EVIDENCE>
    <EMOTION_PRIMARY_SURPRISE_INTENSITY>0.00353909121</EMOTION_PRIMARY_SURPRISE_INTENSITY>
    <EMOTION_SENTIMENT_NEGATIVE_EVIDENCE>1</EMOTION_SENTIMENT_NEGATIVE_EVIDENCE>
    <EMOTION_SENTIMENT_NEGATIVE_INTENSITY>0.6174257</EMOTION_SENTIMENT_NEGATIVE_INTENSITY>
    <EMOTION_SENTIMENT_POSITIVE_EVIDENCE>0</EMOTION_SENTIMENT_POSITIVE_EVIDENCE>
    <EMOTION_SENTIMENT_POSITIVE_INTENSITY>0.5044427</EMOTION_SENTIMENT_POSITIVE_INTENSITY>
    <EMOTION_SENTIMENT_NEUTRAL_EVIDENCE>-2</EMOTION_SENTIMENT_NEUTRAL_EVIDENCE>
    <EMOTION_SENTIMENT_NEUTRAL_INTENSITY>0.004796751</EMOTION_SENTIMENT_NEUTRAL_INTENSITY>
  </DATA>
  <DATA>
    <TimeStamp>122621</TimeStamp>
    <NumFaces>1</NumFaces>
    <Pulse>73</Pulse>
    <EXPRESSION_BROW_RAISER_LEFT>0</EXPRESSION_BROW_RAISER_LEFT>
    <EXPRESSION_BROW_RAISER_RIGHT>100</EXPRESSION_BROW_RAISER_RIGHT>
    <EXPRESSION_BROW_LOWERER_LEFT>0</EXPRESSION_BROW_LOWERER_LEFT>
    <EXPRESSION_BROW_LOWERER_RIGHT>0</EXPRESSION_BROW_LOWERER_RIGHT>
    <EXPRESSION_SMILE>0</EXPRESSION_SMILE>
    <EXPRESSION_KISS>0</EXPRESSION_KISS>
    <EXPRESSION_MOUTH_OPEN>0</EXPRESSION_MOUTH_OPEN>
    <EXPRESSION_EYES_CLOSED_LEFT>0</EXPRESSION_EYES_CLOSED_LEFT>
    <EXPRESSION_EYES_CLOSED_RIGHT>0</EXPRESSION_EYES_CLOSED_RIGHT>
    <EXPRESSION_EYES_TURN_LEFT>0</EXPRESSION_EYES_TURN_LEFT>
    <EXPRESSION_EYES_TURN_RIGHT>0</EXPRESSION_EYES_TURN_RIGHT>
    <EXPRESSION_EYES_UP>0</EXPRESSION_EYES_UP>
    <EXPRESSION_EYES_DOWN>0</EXPRESSION_EYES_DOWN>
    <EMOTION_PRIMARY_ANGER_EVIDENCE>0</EMOTION_PRIMARY_ANGER_EVIDENCE>
    <EMOTION_PRIMARY_ANGER_INTENSITY>0.0488357767</EMOTION_PRIMARY_ANGER_INTENSITY>
    <EMOTION_PRIMARY_CONTEMPT_EVIDENCE>-1</EMOTION_PRIMARY_CONTEMPT_EVIDENCE>
    <EMOTION_PRIMARY_CONTEMPT_INTENSITY>0.009127251</EMOTION_PRIMARY_CONTEMPT_INTENSITY>
    <EMOTION_PRIMARY_DISGUST_EVIDENCE>-1</EMOTION_PRIMARY_DISGUST_EVIDENCE>
    <EMOTION_PRIMARY_DISGUST_INTENSITY>0.00443172129</EMOTION_PRIMARY_DISGUST_INTENSITY>
    <EMOTION_PRIMARY_FEAR_EVIDENCE>0</EMOTION_PRIMARY_FEAR_EVIDENCE>
    <EMOTION_PRIMARY_FEAR_INTENSITY>0.008392947</EMOTION_PRIMARY_FEAR_INTENSITY>
    <EMOTION_PRIMARY_JOY_EVIDENCE>0</EMOTION_PRIMARY_JOY_EVIDENCE>
    <EMOTION_PRIMARY_JOY_INTENSITY>0.3164739</EMOTION_PRIMARY_JOY_INTENSITY>
    <EMOTION_PRIMARY_SADNESS_EVIDENCE>0</EMOTION_PRIMARY_SADNESS_EVIDENCE>
    <EMOTION_PRIMARY_SADNESS_INTENSITY>0.195698187</EMOTION_PRIMARY_SADNESS_INTENSITY>
    <EMOTION_PRIMARY_SURPRISE_EVIDENCE>-1</EMOTION_PRIMARY_SURPRISE_EVIDENCE>
    <EMOTION_PRIMARY_SURPRISE_INTENSITY>0.00353909121</EMOTION_PRIMARY_SURPRISE_INTENSITY>
    <EMOTION_SENTIMENT_NEGATIVE_EVIDENCE>1</EMOTION_SENTIMENT_NEGATIVE_EVIDENCE>
    <EMOTION_SENTIMENT_NEGATIVE_INTENSITY>0.6174257</EMOTION_SENTIMENT_NEGATIVE_INTENSITY>
    <EMOTION_SENTIMENT_POSITIVE_EVIDENCE>0</EMOTION_SENTIMENT_POSITIVE_EVIDENCE>
    <EMOTION_SENTIMENT_POSITIVE_INTENSITY>0.5044427</EMOTION_SENTIMENT_POSITIVE_INTENSITY>
    <EMOTION_SENTIMENT_NEUTRAL_EVIDENCE>-2</EMOTION_SENTIMENT_NEUTRAL_EVIDENCE>
    <EMOTION_SENTIMENT_NEUTRAL_INTENSITY>0.004796751</EMOTION_SENTIMENT_NEUTRAL_INTENSITY>
  </DATA>
  <DATA>
    <TimeStamp>122822</TimeStamp>
    <NumFaces>1</NumFaces>
    <Pulse>73</Pulse>
    <EXPRESSION_BROW_RAISER_LEFT>0</EXPRESSION_BROW_RAISER_LEFT>
    <EXPRESSION_BROW_RAISER_RIGHT>100</EXPRESSION_BROW_RAISER_RIGHT>
    <EXPRESSION_BROW_LOWERER_LEFT>0</EXPRESSION_BROW_LOWERER_LEFT>
    <EXPRESSION_BROW_LOWERER_RIGHT>0</EXPRESSION_BROW_LOWERER_RIGHT>
    <EXPRESSION_SMILE>0</EXPRESSION_SMILE>
    <EXPRESSION_KISS>0</EXPRESSION_KISS>
    <EXPRESSION_MOUTH_OPEN>0</EXPRESSION_MOUTH_OPEN>
    <EXPRESSION_EYES_CLOSED_LEFT>0</EXPRESSION_EYES_CLOSED_LEFT>
    <EXPRESSION_EYES_CLOSED_RIGHT>0</EXPRESSION_EYES_CLOSED_RIGHT>
    <EXPRESSION_EYES_TURN_LEFT>0</EXPRESSION_EYES_TURN_LEFT>
    <EXPRESSION_EYES_TURN_RIGHT>0</EXPRESSION_EYES_TURN_RIGHT>
    <EXPRESSION_EYES_UP>0</EXPRESSION_EYES_UP>
    <EXPRESSION_EYES_DOWN>0</EXPRESSION_EYES_DOWN>
    <EMOTION_PRIMARY_ANGER_EVIDENCE>0</EMOTION_PRIMARY_ANGER_EVIDENCE>
    <EMOTION_PRIMARY_ANGER_INTENSITY>0.0488357767</EMOTION_PRIMARY_ANGER_INTENSITY>
    <EMOTION_PRIMARY_CONTEMPT_EVIDENCE>-1</EMOTION_PRIMARY_CONTEMPT_EVIDENCE>
    <EMOTION_PRIMARY_CONTEMPT_INTENSITY>0.009127251</EMOTION_PRIMARY_CONTEMPT_INTENSITY>
    <EMOTION_PRIMARY_DISGUST_EVIDENCE>-1</EMOTION_PRIMARY_DISGUST_EVIDENCE>
    <EMOTION_PRIMARY_DISGUST_INTENSITY>0.00443172129</EMOTION_PRIMARY_DISGUST_INTENSITY>
    <EMOTION_PRIMARY_FEAR_EVIDENCE>0</EMOTION_PRIMARY_FEAR_EVIDENCE>
    <EMOTION_PRIMARY_FEAR_INTENSITY>0.008392947</EMOTION_PRIMARY_FEAR_INTENSITY>
    <EMOTION_PRIMARY_JOY_EVIDENCE>0</EMOTION_PRIMARY_JOY_EVIDENCE>
    <EMOTION_PRIMARY_JOY_INTENSITY>0.3164739</EMOTION_PRIMARY_JOY_INTENSITY>
    <EMOTION_PRIMARY_SADNESS_EVIDENCE>0</EMOTION_PRIMARY_SADNESS_EVIDENCE>
    <EMOTION_PRIMARY_SADNESS_INTENSITY>0.195698187</EMOTION_PRIMARY_SADNESS_INTENSITY>
    <EMOTION_PRIMARY_SURPRISE_EVIDENCE>-1</EMOTION_PRIMARY_SURPRISE_EVIDENCE>
    <EMOTION_PRIMARY_SURPRISE_INTENSITY>0.00353909121</EMOTION_PRIMARY_SURPRISE_INTENSITY>
    <EMOTION_SENTIMENT_NEGATIVE_EVIDENCE>1</EMOTION_SENTIMENT_NEGATIVE_EVIDENCE>
    <EMOTION_SENTIMENT_NEGATIVE_INTENSITY>0.6174257</EMOTION_SENTIMENT_NEGATIVE_INTENSITY>
    <EMOTION_SENTIMENT_POSITIVE_EVIDENCE>0</EMOTION_SENTIMENT_POSITIVE_EVIDENCE>
    <EMOTION_SENTIMENT_POSITIVE_INTENSITY>0.5044427</EMOTION_SENTIMENT_POSITIVE_INTENSITY>
    <EMOTION_SENTIMENT_NEUTRAL_EVIDENCE>-2</EMOTION_SENTIMENT_NEUTRAL_EVIDENCE>
    <EMOTION_SENTIMENT_NEUTRAL_INTENSITY>0.004796751</EMOTION_SENTIMENT_NEUTRAL_INTENSITY>
  </DATA>
  <DATA>
    <TimeStamp>123022</TimeStamp>
    <NumFaces>1</NumFaces>
    <Pulse>73</Pulse>
    <EXPRESSION_BROW_RAISER_LEFT>0</EXPRESSION_BROW_RAISER_LEFT>
    <EXPRESSION_BROW_RAISER_RIGHT>100</EXPRESSION_BROW_RAISER_RIGHT>
    <EXPRESSION_BROW_LOWERER_LEFT>0</EXPRESSION_BROW_LOWERER_LEFT>
    <EXPRESSION_BROW_LOWERER_RIGHT>0</EXPRESSION_BROW_LOWERER_RIGHT>
    <EXPRESSION_SMILE>0</EXPRESSION_SMILE>
    <EXPRESSION_KISS>0</EXPRESSION_KISS>
    <EXPRESSION_MOUTH_OPEN>0</EXPRESSION_MOUTH_OPEN>
    <EXPRESSION_EYES_CLOSED_LEFT>0</EXPRESSION_EYES_CLOSED_LEFT>
    <EXPRESSION_EYES_CLOSED_RIGHT>0</EXPRESSION_EYES_CLOSED_RIGHT>
    <EXPRESSION_EYES_TURN_LEFT>0</EXPRESSION_EYES_TURN_LEFT>
    <EXPRESSION_EYES_TURN_RIGHT>0</EXPRESSION_EYES_TURN_RIGHT>
    <EXPRESSION_EYES_UP>0</EXPRESSION_EYES_UP>
    <EXPRESSION_EYES_DOWN>0</EXPRESSION_EYES_DOWN>
    <EMOTION_PRIMARY_ANGER_EVIDENCE>0</EMOTION_PRIMARY_ANGER_EVIDENCE>
    <EMOTION_PRIMARY_ANGER_INTENSITY>0.0488357767</EMOTION_PRIMARY_ANGER_INTENSITY>
    <EMOTION_PRIMARY_CONTEMPT_EVIDENCE>-1</EMOTION_PRIMARY_CONTEMPT_EVIDENCE>
    <EMOTION_PRIMARY_CONTEMPT_INTENSITY>0.009127251</EMOTION_PRIMARY_CONTEMPT_INTENSITY>
    <EMOTION_PRIMARY_DISGUST_EVIDENCE>-1</EMOTION_PRIMARY_DISGUST_EVIDENCE>
    <EMOTION_PRIMARY_DISGUST_INTENSITY>0.00443172129</EMOTION_PRIMARY_DISGUST_INTENSITY>
    <EMOTION_PRIMARY_FEAR_EVIDENCE>0</EMOTION_PRIMARY_FEAR_EVIDENCE>
    <EMOTION_PRIMARY_FEAR_INTENSITY>0.008392947</EMOTION_PRIMARY_FEAR_INTENSITY>
    <EMOTION_PRIMARY_JOY_EVIDENCE>0</EMOTION_PRIMARY_JOY_EVIDENCE>
    <EMOTION_PRIMARY_JOY_INTENSITY>0.3164739</EMOTION_PRIMARY_JOY_INTENSITY>
    <EMOTION_PRIMARY_SADNESS_EVIDENCE>0</EMOTION_PRIMARY_SADNESS_EVIDENCE>
    <EMOTION_PRIMARY_SADNESS_INTENSITY>0.195698187</EMOTION_PRIMARY_SADNESS_INTENSITY>
    <EMOTION_PRIMARY_SURPRISE_EVIDENCE>-1</EMOTION_PRIMARY_SURPRISE_EVIDENCE>
    <EMOTION_PRIMARY_SURPRISE_INTENSITY>0.00353909121</EMOTION_PRIMARY_SURPRISE_INTENSITY>
    <EMOTION_SENTIMENT_NEGATIVE_EVIDENCE>1</EMOTION_SENTIMENT_NEGATIVE_EVIDENCE>
    <EMOTION_SENTIMENT_NEGATIVE_INTENSITY>0.6174257</EMOTION_SENTIMENT_NEGATIVE_INTENSITY>
    <EMOTION_SENTIMENT_POSITIVE_EVIDENCE>0</EMOTION_SENTIMENT_POSITIVE_EVIDENCE>
    <EMOTION_SENTIMENT_POSITIVE_INTENSITY>0.5044427</EMOTION_SENTIMENT_POSITIVE_INTENSITY>
    <EMOTION_SENTIMENT_NEUTRAL_EVIDENCE>-2</EMOTION_SENTIMENT_NEUTRAL_EVIDENCE>
    <EMOTION_SENTIMENT_NEUTRAL_INTENSITY>0.004796751</EMOTION_SENTIMENT_NEUTRAL_INTENSITY>
  </DATA>
  <DATA>
    <TimeStamp>123222</TimeStamp>
    <NumFaces>1</NumFaces>
    <Pulse>73</Pulse>
    <EXPRESSION_BROW_RAISER_LEFT>0</EXPRESSION_BROW_RAISER_LEFT>
    <EXPRESSION_BROW_RAISER_RIGHT>100</EXPRESSION_BROW_RAISER_RIGHT>
    <EXPRESSION_BROW_LOWERER_LEFT>0</EXPRESSION_BROW_LOWERER_LEFT>
    <EXPRESSION_BROW_LOWERER_RIGHT>0</EXPRESSION_BROW_LOWERER_RIGHT>
    <EXPRESSION_SMILE>0</EXPRESSION_SMILE>
    <EXPRESSION_KISS>0</EXPRESSION_KISS>
    <EXPRESSION_MOUTH_OPEN>0</EXPRESSION_MOUTH_OPEN>
    <EXPRESSION_EYES_CLOSED_LEFT>0</EXPRESSION_EYES_CLOSED_LEFT>
    <EXPRESSION_EYES_CLOSED_RIGHT>0</EXPRESSION_EYES_CLOSED_RIGHT>
    <EXPRESSION_EYES_TURN_LEFT>0</EXPRESSION_EYES_TURN_LEFT>
    <EXPRESSION_EYES_TURN_RIGHT>0</EXPRESSION_EYES_TURN_RIGHT>
    <EXPRESSION_EYES_UP>0</EXPRESSION_EYES_UP>
    <EXPRESSION_EYES_DOWN>0</EXPRESSION_EYES_DOWN>
    <EMOTION_PRIMARY_ANGER_EVIDENCE>0</EMOTION_PRIMARY_ANGER_EVIDENCE>
    <EMOTION_PRIMARY_ANGER_INTENSITY>0.0488357767</EMOTION_PRIMARY_ANGER_INTENSITY>
    <EMOTION_PRIMARY_CONTEMPT_EVIDENCE>-1</EMOTION_PRIMARY_CONTEMPT_EVIDENCE>
    <EMOTION_PRIMARY_CONTEMPT_INTENSITY>0.009127251</EMOTION_PRIMARY_CONTEMPT_INTENSITY>
    <EMOTION_PRIMARY_DISGUST_EVIDENCE>-1</EMOTION_PRIMARY_DISGUST_EVIDENCE>
    <EMOTION_PRIMARY_DISGUST_INTENSITY>0.00443172129</EMOTION_PRIMARY_DISGUST_INTENSITY>
    <EMOTION_PRIMARY_FEAR_EVIDENCE>0</EMOTION_PRIMARY_FEAR_EVIDENCE>
    <EMOTION_PRIMARY_FEAR_INTENSITY>0.008392947</EMOTION_PRIMARY_FEAR_INTENSITY>
    <EMOTION_PRIMARY_JOY_EVIDENCE>0</EMOTION_PRIMARY_JOY_EVIDENCE>
    <EMOTION_PRIMARY_JOY_INTENSITY>0.3164739</EMOTION_PRIMARY_JOY_INTENSITY>
    <EMOTION_PRIMARY_SADNESS_EVIDENCE>0</EMOTION_PRIMARY_SADNESS_EVIDENCE>
    <EMOTION_PRIMARY_SADNESS_INTENSITY>0.195698187</EMOTION_PRIMARY_SADNESS_INTENSITY>
    <EMOTION_PRIMARY_SURPRISE_EVIDENCE>-1</EMOTION_PRIMARY_SURPRISE_EVIDENCE>
    <EMOTION_PRIMARY_SURPRISE_INTENSITY>0.00353909121</EMOTION_PRIMARY_SURPRISE_INTENSITY>
    <EMOTION_SENTIMENT_NEGATIVE_EVIDENCE>1</EMOTION_SENTIMENT_NEGATIVE_EVIDENCE>
    <EMOTION_SENTIMENT_NEGATIVE_INTENSITY>0.6174257</EMOTION_SENTIMENT_NEGATIVE_INTENSITY>
    <EMOTION_SENTIMENT_POSITIVE_EVIDENCE>0</EMOTION_SENTIMENT_POSITIVE_EVIDENCE>
    <EMOTION_SENTIMENT_POSITIVE_INTENSITY>0.5044427</EMOTION_SENTIMENT_POSITIVE_INTENSITY>
    <EMOTION_SENTIMENT_NEUTRAL_EVIDENCE>-2</EMOTION_SENTIMENT_NEUTRAL_EVIDENCE>
    <EMOTION_SENTIMENT_NEUTRAL_INTENSITY>0.004796751</EMOTION_SENTIMENT_NEUTRAL_INTENSITY>
  </DATA>
  <DATA>
    <TimeStamp>123422</TimeStamp>
    <NumFaces>1</NumFaces>
    <Pulse>73</Pulse>
    <EXPRESSION_BROW_RAISER_LEFT>0</EXPRESSION_BROW_RAISER_LEFT>
    <EXPRESSION_BROW_RAISER_RIGHT>100</EXPRESSION_BROW_RAISER_RIGHT>
    <EXPRESSION_BROW_LOWERER_LEFT>0</EXPRESSION_BROW_LOWERER_LEFT>
    <EXPRESSION_BROW_LOWERER_RIGHT>0</EXPRESSION_BROW_LOWERER_RIGHT>
    <EXPRESSION_SMILE>0</EXPRESSION_SMILE>
    <EXPRESSION_KISS>0</EXPRESSION_KISS>
    <EXPRESSION_MOUTH_OPEN>0</EXPRESSION_MOUTH_OPEN>
    <EXPRESSION_EYES_CLOSED_LEFT>0</EXPRESSION_EYES_CLOSED_LEFT>
    <EXPRESSION_EYES_CLOSED_RIGHT>0</EXPRESSION_EYES_CLOSED_RIGHT>
    <EXPRESSION_EYES_TURN_LEFT>0</EXPRESSION_EYES_TURN_LEFT>
    <EXPRESSION_EYES_TURN_RIGHT>0</EXPRESSION_EYES_TURN_RIGHT>
    <EXPRESSION_EYES_UP>0</EXPRESSION_EYES_UP>
    <EXPRESSION_EYES_DOWN>0</EXPRESSION_EYES_DOWN>
    <EMOTION_PRIMARY_ANGER_EVIDENCE>0</EMOTION_PRIMARY_ANGER_EVIDENCE>
    <EMOTION_PRIMARY_ANGER_INTENSITY>0.0488357767</EMOTION_PRIMARY_ANGER_INTENSITY>
    <EMOTION_PRIMARY_CONTEMPT_EVIDENCE>-1</EMOTION_PRIMARY_CONTEMPT_EVIDENCE>
    <EMOTION_PRIMARY_CONTEMPT_INTENSITY>0.009127251</EMOTION_PRIMARY_CONTEMPT_INTENSITY>
    <EMOTION_PRIMARY_DISGUST_EVIDENCE>-1</EMOTION_PRIMARY_DISGUST_EVIDENCE>
    <EMOTION_PRIMARY_DISGUST_INTENSITY>0.00443172129</EMOTION_PRIMARY_DISGUST_INTENSITY>
    <EMOTION_PRIMARY_FEAR_EVIDENCE>0</EMOTION_PRIMARY_FEAR_EVIDENCE>
    <EMOTION_PRIMARY_FEAR_INTENSITY>0.008392947</EMOTION_PRIMARY_FEAR_INTENSITY>
    <EMOTION_PRIMARY_JOY_EVIDENCE>0</EMOTION_PRIMARY_JOY_EVIDENCE>
    <EMOTION_PRIMARY_JOY_INTENSITY>0.3164739</EMOTION_PRIMARY_JOY_INTENSITY>
    <EMOTION_PRIMARY_SADNESS_EVIDENCE>0</EMOTION_PRIMARY_SADNESS_EVIDENCE>
    <EMOTION_PRIMARY_SADNESS_INTENSITY>0.195698187</EMOTION_PRIMARY_SADNESS_INTENSITY>
    <EMOTION_PRIMARY_SURPRISE_EVIDENCE>-1</EMOTION_PRIMARY_SURPRISE_EVIDENCE>
    <EMOTION_PRIMARY_SURPRISE_INTENSITY>0.00353909121</EMOTION_PRIMARY_SURPRISE_INTENSITY>
    <EMOTION_SENTIMENT_NEGATIVE_EVIDENCE>1</EMOTION_SENTIMENT_NEGATIVE_EVIDENCE>
    <EMOTION_SENTIMENT_NEGATIVE_INTENSITY>0.6174257</EMOTION_SENTIMENT_NEGATIVE_INTENSITY>
    <EMOTION_SENTIMENT_POSITIVE_EVIDENCE>0</EMOTION_SENTIMENT_POSITIVE_EVIDENCE>
    <EMOTION_SENTIMENT_POSITIVE_INTENSITY>0.5044427</EMOTION_SENTIMENT_POSITIVE_INTENSITY>
    <EMOTION_SENTIMENT_NEUTRAL_EVIDENCE>-2</EMOTION_SENTIMENT_NEUTRAL_EVIDENCE>
    <EMOTION_SENTIMENT_NEUTRAL_INTENSITY>0.004796751</EMOTION_SENTIMENT_NEUTRAL_INTENSITY>
  </DATA>
  <DATA>
    <TimeStamp>123622</TimeStamp>
    <NumFaces>1</NumFaces>
    <Pulse>73</Pulse>
    <EXPRESSION_BROW_RAISER_LEFT>0</EXPRESSION_BROW_RAISER_LEFT>
    <EXPRESSION_BROW_RAISER_RIGHT>100</EXPRESSION_BROW_RAISER_RIGHT>
    <EXPRESSION_BROW_LOWERER_LEFT>0</EXPRESSION_BROW_LOWERER_LEFT>
    <EXPRESSION_BROW_LOWERER_RIGHT>0</EXPRESSION_BROW_LOWERER_RIGHT>
    <EXPRESSION_SMILE>0</EXPRESSION_SMILE>
    <EXPRESSION_KISS>0</EXPRESSION_KISS>
    <EXPRESSION_MOUTH_OPEN>0</EXPRESSION_MOUTH_OPEN>
    <EXPRESSION_EYES_CLOSED_LEFT>0</EXPRESSION_EYES_CLOSED_LEFT>
    <EXPRESSION_EYES_CLOSED_RIGHT>0</EXPRESSION_EYES_CLOSED_RIGHT>
    <EXPRESSION_EYES_TURN_LEFT>0</EXPRESSION_EYES_TURN_LEFT>
    <EXPRESSION_EYES_TURN_RIGHT>0</EXPRESSION_EYES_TURN_RIGHT>
    <EXPRESSION_EYES_UP>0</EXPRESSION_EYES_UP>
    <EXPRESSION_EYES_DOWN>0</EXPRESSION_EYES_DOWN>
    <EMOTION_PRIMARY_ANGER_EVIDENCE>0</EMOTION_PRIMARY_ANGER_EVIDENCE>
    <EMOTION_PRIMARY_ANGER_INTENSITY>0.0488357767</EMOTION_PRIMARY_ANGER_INTENSITY>
    <EMOTION_PRIMARY_CONTEMPT_EVIDENCE>-1</EMOTION_PRIMARY_CONTEMPT_EVIDENCE>
    <EMOTION_PRIMARY_CONTEMPT_INTENSITY>0.009127251</EMOTION_PRIMARY_CONTEMPT_INTENSITY>
    <EMOTION_PRIMARY_DISGUST_EVIDENCE>-1</EMOTION_PRIMARY_DISGUST_EVIDENCE>
    <EMOTION_PRIMARY_DISGUST_INTENSITY>0.00443172129</EMOTION_PRIMARY_DISGUST_INTENSITY>
    <EMOTION_PRIMARY_FEAR_EVIDENCE>0</EMOTION_PRIMARY_FEAR_EVIDENCE>
    <EMOTION_PRIMARY_FEAR_INTENSITY>0.008392947</EMOTION_PRIMARY_FEAR_INTENSITY>
    <EMOTION_PRIMARY_JOY_EVIDENCE>0</EMOTION_PRIMARY_JOY_EVIDENCE>
    <EMOTION_PRIMARY_JOY_INTENSITY>0.3164739</EMOTION_PRIMARY_JOY_INTENSITY>
    <EMOTION_PRIMARY_SADNESS_EVIDENCE>0</EMOTION_PRIMARY_SADNESS_EVIDENCE>
    <EMOTION_PRIMARY_SADNESS_INTENSITY>0.195698187</EMOTION_PRIMARY_SADNESS_INTENSITY>
    <EMOTION_PRIMARY_SURPRISE_EVIDENCE>-1</EMOTION_PRIMARY_SURPRISE_EVIDENCE>
    <EMOTION_PRIMARY_SURPRISE_INTENSITY>0.00353909121</EMOTION_PRIMARY_SURPRISE_INTENSITY>
    <EMOTION_SENTIMENT_NEGATIVE_EVIDENCE>1</EMOTION_SENTIMENT_NEGATIVE_EVIDENCE>
    <EMOTION_SENTIMENT_NEGATIVE_INTENSITY>0.6174257</EMOTION_SENTIMENT_NEGATIVE_INTENSITY>
    <EMOTION_SENTIMENT_POSITIVE_EVIDENCE>0</EMOTION_SENTIMENT_POSITIVE_EVIDENCE>
    <EMOTION_SENTIMENT_POSITIVE_INTENSITY>0.5044427</EMOTION_SENTIMENT_POSITIVE_INTENSITY>
    <EMOTION_SENTIMENT_NEUTRAL_EVIDENCE>-2</EMOTION_SENTIMENT_NEUTRAL_EVIDENCE>
    <EMOTION_SENTIMENT_NEUTRAL_INTENSITY>0.004796751</EMOTION_SENTIMENT_NEUTRAL_INTENSITY>
  </DATA>
</QuizDataSet>