<?xml version="1.0" standalone="yes"?>
<QuizDataSet xmlns="http://tempuri.org/QuizDataSet.xsd">
  <RESPONSES>
    <Text />
    <qID>7</qID>
  </RESPONSES>
  <USERS>
    <Name>Nakul Topalan</Name>
  </USERS>
  <DATA>
    <TimeStamp>190640</TimeStamp>
    <NumFaces>1</NumFaces>
    <Pulse>58</Pulse>
    <EXPRESSION_BROW_RAISER_LEFT>0</EXPRESSION_BROW_RAISER_LEFT>
    <EXPRESSION_BROW_RAISER_RIGHT>0</EXPRESSION_BROW_RAISER_RIGHT>
    <EXPRESSION_BROW_LOWERER_LEFT>0</EXPRESSION_BROW_LOWERER_LEFT>
    <EXPRESSION_BROW_LOWERER_RIGHT>0</EXPRESSION_BROW_LOWERER_RIGHT>
    <EXPRESSION_SMILE>50</EXPRESSION_SMILE>
    <EXPRESSION_KISS>0</EXPRESSION_KISS>
    <EXPRESSION_MOUTH_OPEN>7</EXPRESSION_MOUTH_OPEN>
    <EXPRESSION_EYES_CLOSED_LEFT>0</EXPRESSION_EYES_CLOSED_LEFT>
    <EXPRESSION_EYES_CLOSED_RIGHT>0</EXPRESSION_EYES_CLOSED_RIGHT>
    <EXPRESSION_EYES_TURN_LEFT>0</EXPRESSION_EYES_TURN_LEFT>
    <EXPRESSION_EYES_TURN_RIGHT>0</EXPRESSION_EYES_TURN_RIGHT>
    <EXPRESSION_EYES_UP>0</EXPRESSION_EYES_UP>
    <EXPRESSION_EYES_DOWN>0</EXPRESSION_EYES_DOWN>
    <EMOTION_PRIMARY_ANGER_EVIDENCE>-2</EMOTION_PRIMARY_ANGER_EVIDENCE>
    <EMOTION_PRIMARY_ANGER_INTENSITY>0.000476188929</EMOTION_PRIMARY_ANGER_INTENSITY>
    <EMOTION_PRIMARY_CONTEMPT_EVIDENCE>0</EMOTION_PRIMARY_CONTEMPT_EVIDENCE>
    <EMOTION_PRIMARY_CONTEMPT_INTENSITY>0.355775058</EMOTION_PRIMARY_CONTEMPT_INTENSITY>
    <EMOTION_PRIMARY_DISGUST_EVIDENCE>-1</EMOTION_PRIMARY_DISGUST_EVIDENCE>
    <EMOTION_PRIMARY_DISGUST_INTENSITY>0.0149941556</EMOTION_PRIMARY_DISGUST_INTENSITY>
    <EMOTION_PRIMARY_FEAR_EVIDENCE>0</EMOTION_PRIMARY_FEAR_EVIDENCE>
    <EMOTION_PRIMARY_FEAR_INTENSITY>0.160302281</EMOTION_PRIMARY_FEAR_INTENSITY>
    <EMOTION_PRIMARY_JOY_EVIDENCE>2</EMOTION_PRIMARY_JOY_EVIDENCE>
    <EMOTION_PRIMARY_JOY_INTENSITY>0.974680245</EMOTION_PRIMARY_JOY_INTENSITY>
    <EMOTION_PRIMARY_SADNESS_EVIDENCE>-2</EMOTION_PRIMARY_SADNESS_EVIDENCE>
    <EMOTION_PRIMARY_SADNESS_INTENSITY>1.67443122E-05</EMOTION_PRIMARY_SADNESS_INTENSITY>
    <EMOTION_PRIMARY_SURPRISE_EVIDENCE>-1</EMOTION_PRIMARY_SURPRISE_EVIDENCE>
    <EMOTION_PRIMARY_SURPRISE_INTENSITY>0.00323055079</EMOTION_PRIMARY_SURPRISE_INTENSITY>
    <EMOTION_SENTIMENT_NEGATIVE_EVIDENCE>0</EMOTION_SENTIMENT_NEGATIVE_EVIDENCE>
    <EMOTION_SENTIMENT_NEGATIVE_INTENSITY>0.291792721</EMOTION_SENTIMENT_NEGATIVE_INTENSITY>
    <EMOTION_SENTIMENT_POSITIVE_EVIDENCE>2</EMOTION_SENTIMENT_POSITIVE_EVIDENCE>
    <EMOTION_SENTIMENT_POSITIVE_INTENSITY>0.8981657</EMOTION_SENTIMENT_POSITIVE_INTENSITY>
    <EMOTION_SENTIMENT_NEUTRAL_EVIDENCE>-4</EMOTION_SENTIMENT_NEUTRAL_EVIDENCE>
    <EMOTION_SENTIMENT_NEUTRAL_INTENSITY>7.466187E-05</EMOTION_SENTIMENT_NEUTRAL_INTENSITY>
  </DATA>
  <DATA>
    <TimeStamp>190842</TimeStamp>
    <NumFaces>1</NumFaces>
    <Pulse>58</Pulse>
    <EXPRESSION_BROW_RAISER_LEFT>0</EXPRESSION_BROW_RAISER_LEFT>
    <EXPRESSION_BROW_RAISER_RIGHT>0</EXPRESSION_BROW_RAISER_RIGHT>
    <EXPRESSION_BROW_LOWERER_LEFT>0</EXPRESSION_BROW_LOWERER_LEFT>
    <EXPRESSION_BROW_LOWERER_RIGHT>0</EXPRESSION_BROW_LOWERER_RIGHT>
    <EXPRESSION_SMILE>62</EXPRESSION_SMILE>
    <EXPRESSION_KISS>0</EXPRESSION_KISS>
    <EXPRESSION_MOUTH_OPEN>6</EXPRESSION_MOUTH_OPEN>
    <EXPRESSION_EYES_CLOSED_LEFT>0</EXPRESSION_EYES_CLOSED_LEFT>
    <EXPRESSION_EYES_CLOSED_RIGHT>0</EXPRESSION_EYES_CLOSED_RIGHT>
    <EXPRESSION_EYES_TURN_LEFT>0</EXPRESSION_EYES_TURN_LEFT>
    <EXPRESSION_EYES_TURN_RIGHT>0</EXPRESSION_EYES_TURN_RIGHT>
    <EXPRESSION_EYES_UP>0</EXPRESSION_EYES_UP>
    <EXPRESSION_EYES_DOWN>0</EXPRESSION_EYES_DOWN>
    <EMOTION_PRIMARY_ANGER_EVIDENCE>-2</EMOTION_PRIMARY_ANGER_EVIDENCE>
    <EMOTION_PRIMARY_ANGER_INTENSITY>0.00024665505</EMOTION_PRIMARY_ANGER_INTENSITY>
    <EMOTION_PRIMARY_CONTEMPT_EVIDENCE>0</EMOTION_PRIMARY_CONTEMPT_EVIDENCE>
    <EMOTION_PRIMARY_CONTEMPT_INTENSITY>0.226439863</EMOTION_PRIMARY_CONTEMPT_INTENSITY>
    <EMOTION_PRIMARY_DISGUST_EVIDENCE>-1</EMOTION_PRIMARY_DISGUST_EVIDENCE>
    <EMOTION_PRIMARY_DISGUST_INTENSITY>0.004081616</EMOTION_PRIMARY_DISGUST_INTENSITY>
    <EMOTION_PRIMARY_FEAR_EVIDENCE>0</EMOTION_PRIMARY_FEAR_EVIDENCE>
    <EMOTION_PRIMARY_FEAR_INTENSITY>0.14834328</EMOTION_PRIMARY_FEAR_INTENSITY>
    <EMOTION_PRIMARY_JOY_EVIDENCE>2</EMOTION_PRIMARY_JOY_EVIDENCE>
    <EMOTION_PRIMARY_JOY_INTENSITY>0.9904002</EMOTION_PRIMARY_JOY_INTENSITY>
    <EMOTION_PRIMARY_SADNESS_EVIDENCE>-2</EMOTION_PRIMARY_SADNESS_EVIDENCE>
    <EMOTION_PRIMARY_SADNESS_INTENSITY>2.71837944E-05</EMOTION_PRIMARY_SADNESS_INTENSITY>
    <EMOTION_PRIMARY_SURPRISE_EVIDENCE>-1</EMOTION_PRIMARY_SURPRISE_EVIDENCE>
    <EMOTION_PRIMARY_SURPRISE_INTENSITY>0.0036794215</EMOTION_PRIMARY_SURPRISE_INTENSITY>
    <EMOTION_SENTIMENT_NEGATIVE_EVIDENCE>0</EMOTION_SENTIMENT_NEGATIVE_EVIDENCE>
    <EMOTION_SENTIMENT_NEGATIVE_INTENSITY>0.110840745</EMOTION_SENTIMENT_NEGATIVE_INTENSITY>
    <EMOTION_SENTIMENT_POSITIVE_EVIDENCE>3</EMOTION_SENTIMENT_POSITIVE_EVIDENCE>
    <EMOTION_SENTIMENT_POSITIVE_INTENSITY>0.96962</EMOTION_SENTIMENT_POSITIVE_INTENSITY>
    <EMOTION_SENTIMENT_NEUTRAL_EVIDENCE>-4</EMOTION_SENTIMENT_NEUTRAL_EVIDENCE>
    <EMOTION_SENTIMENT_NEUTRAL_INTENSITY>7.17244839E-05</EMOTION_SENTIMENT_NEUTRAL_INTENSITY>
  </DATA>
  <DATA>
    <TimeStamp>191044</TimeStamp>
    <NumFaces>1</NumFaces>
    <Pulse>58</Pulse>
    <EXPRESSION_BROW_RAISER_LEFT>0</EXPRESSION_BROW_RAISER_LEFT>
    <EXPRESSION_BROW_RAISER_RIGHT>0</EXPRESSION_BROW_RAISER_RIGHT>
    <EXPRESSION_BROW_LOWERER_LEFT>0</EXPRESSION_BROW_LOWERER_LEFT>
    <EXPRESSION_BROW_LOWERER_RIGHT>0</EXPRESSION_BROW_LOWERER_RIGHT>
    <EXPRESSION_SMILE>53</EXPRESSION_SMILE>
    <EXPRESSION_KISS>0</EXPRESSION_KISS>
    <EXPRESSION_MOUTH_OPEN>5</EXPRESSION_MOUTH_OPEN>
    <EXPRESSION_EYES_CLOSED_LEFT>0</EXPRESSION_EYES_CLOSED_LEFT>
    <EXPRESSION_EYES_CLOSED_RIGHT>0</EXPRESSION_EYES_CLOSED_RIGHT>
    <EXPRESSION_EYES_TURN_LEFT>0</EXPRESSION_EYES_TURN_LEFT>
    <EXPRESSION_EYES_TURN_RIGHT>0</EXPRESSION_EYES_TURN_RIGHT>
    <EXPRESSION_EYES_UP>0</EXPRESSION_EYES_UP>
    <EXPRESSION_EYES_DOWN>0</EXPRESSION_EYES_DOWN>
    <EMOTION_PRIMARY_ANGER_EVIDENCE>-2</EMOTION_PRIMARY_ANGER_EVIDENCE>
    <EMOTION_PRIMARY_ANGER_INTENSITY>0.000271616678</EMOTION_PRIMARY_ANGER_INTENSITY>
    <EMOTION_PRIMARY_CONTEMPT_EVIDENCE>0</EMOTION_PRIMARY_CONTEMPT_EVIDENCE>
    <EMOTION_PRIMARY_CONTEMPT_INTENSITY>0.241318524</EMOTION_PRIMARY_CONTEMPT_INTENSITY>
    <EMOTION_PRIMARY_DISGUST_EVIDENCE>-1</EMOTION_PRIMARY_DISGUST_EVIDENCE>
    <EMOTION_PRIMARY_DISGUST_INTENSITY>0.00313464715</EMOTION_PRIMARY_DISGUST_INTENSITY>
    <EMOTION_PRIMARY_FEAR_EVIDENCE>0</EMOTION_PRIMARY_FEAR_EVIDENCE>
    <EMOTION_PRIMARY_FEAR_INTENSITY>0.12346416</EMOTION_PRIMARY_FEAR_INTENSITY>
    <EMOTION_PRIMARY_JOY_EVIDENCE>3</EMOTION_PRIMARY_JOY_EVIDENCE>
    <EMOTION_PRIMARY_JOY_INTENSITY>0.9936462</EMOTION_PRIMARY_JOY_INTENSITY>
    <EMOTION_PRIMARY_SADNESS_EVIDENCE>-2</EMOTION_PRIMARY_SADNESS_EVIDENCE>
    <EMOTION_PRIMARY_SADNESS_INTENSITY>1.01825535E-05</EMOTION_PRIMARY_SADNESS_INTENSITY>
    <EMOTION_PRIMARY_SURPRISE_EVIDENCE>-1</EMOTION_PRIMARY_SURPRISE_EVIDENCE>
    <EMOTION_PRIMARY_SURPRISE_INTENSITY>0.00524571165</EMOTION_PRIMARY_SURPRISE_INTENSITY>
    <EMOTION_SENTIMENT_NEGATIVE_EVIDENCE>0</EMOTION_SENTIMENT_NEGATIVE_EVIDENCE>
    <EMOTION_SENTIMENT_NEGATIVE_INTENSITY>0.101789124</EMOTION_SENTIMENT_NEGATIVE_INTENSITY>
    <EMOTION_SENTIMENT_POSITIVE_EVIDENCE>3</EMOTION_SENTIMENT_POSITIVE_EVIDENCE>
    <EMOTION_SENTIMENT_POSITIVE_INTENSITY>0.9781305</EMOTION_SENTIMENT_POSITIVE_INTENSITY>
    <EMOTION_SENTIMENT_NEUTRAL_EVIDENCE>-4</EMOTION_SENTIMENT_NEUTRAL_EVIDENCE>
    <EMOTION_SENTIMENT_NEUTRAL_INTENSITY>2.67524E-05</EMOTION_SENTIMENT_NEUTRAL_INTENSITY>
  </DATA>
  <DATA>
    <TimeStamp>191244</TimeStamp>
    <NumFaces>1</NumFaces>
    <Pulse>58</Pulse>
    <EXPRESSION_BROW_RAISER_LEFT>0</EXPRESSION_BROW_RAISER_LEFT>
    <EXPRESSION_BROW_RAISER_RIGHT>0</EXPRESSION_BROW_RAISER_RIGHT>
    <EXPRESSION_BROW_LOWERER_LEFT>0</EXPRESSION_BROW_LOWERER_LEFT>
    <EXPRESSION_BROW_LOWERER_RIGHT>0</EXPRESSION_BROW_LOWERER_RIGHT>
    <EXPRESSION_SMILE>52</EXPRESSION_SMILE>
    <EXPRESSION_KISS>0</EXPRESSION_KISS>
    <EXPRESSION_MOUTH_OPEN>5</EXPRESSION_MOUTH_OPEN>
    <EXPRESSION_EYES_CLOSED_LEFT>0</EXPRESSION_EYES_CLOSED_LEFT>
    <EXPRESSION_EYES_CLOSED_RIGHT>0</EXPRESSION_EYES_CLOSED_RIGHT>
    <EXPRESSION_EYES_TURN_LEFT>0</EXPRESSION_EYES_TURN_LEFT>
    <EXPRESSION_EYES_TURN_RIGHT>0</EXPRESSION_EYES_TURN_RIGHT>
    <EXPRESSION_EYES_UP>0</EXPRESSION_EYES_UP>
    <EXPRESSION_EYES_DOWN>0</EXPRESSION_EYES_DOWN>
    <EMOTION_PRIMARY_ANGER_EVIDENCE>-2</EMOTION_PRIMARY_ANGER_EVIDENCE>
    <EMOTION_PRIMARY_ANGER_INTENSITY>0.000286821625</EMOTION_PRIMARY_ANGER_INTENSITY>
    <EMOTION_PRIMARY_CONTEMPT_EVIDENCE>0</EMOTION_PRIMARY_CONTEMPT_EVIDENCE>
    <EMOTION_PRIMARY_CONTEMPT_INTENSITY>0.1906479</EMOTION_PRIMARY_CONTEMPT_INTENSITY>
    <EMOTION_PRIMARY_DISGUST_EVIDENCE>-1</EMOTION_PRIMARY_DISGUST_EVIDENCE>
    <EMOTION_PRIMARY_DISGUST_INTENSITY>0.003976882</EMOTION_PRIMARY_DISGUST_INTENSITY>
    <EMOTION_PRIMARY_FEAR_EVIDENCE>0</EMOTION_PRIMARY_FEAR_EVIDENCE>
    <EMOTION_PRIMARY_FEAR_INTENSITY>0.170777053</EMOTION_PRIMARY_FEAR_INTENSITY>
    <EMOTION_PRIMARY_JOY_EVIDENCE>2</EMOTION_PRIMARY_JOY_EVIDENCE>
    <EMOTION_PRIMARY_JOY_INTENSITY>0.9882461</EMOTION_PRIMARY_JOY_INTENSITY>
    <EMOTION_PRIMARY_SADNESS_EVIDENCE>-2</EMOTION_PRIMARY_SADNESS_EVIDENCE>
    <EMOTION_PRIMARY_SADNESS_INTENSITY>2.311881E-05</EMOTION_PRIMARY_SADNESS_INTENSITY>
    <EMOTION_PRIMARY_SURPRISE_EVIDENCE>-1</EMOTION_PRIMARY_SURPRISE_EVIDENCE>
    <EMOTION_PRIMARY_SURPRISE_INTENSITY>0.00387975038</EMOTION_PRIMARY_SURPRISE_INTENSITY>
    <EMOTION_SENTIMENT_NEGATIVE_EVIDENCE>0</EMOTION_SENTIMENT_NEGATIVE_EVIDENCE>
    <EMOTION_SENTIMENT_NEGATIVE_INTENSITY>0.189058289</EMOTION_SENTIMENT_NEGATIVE_INTENSITY>
    <EMOTION_SENTIMENT_POSITIVE_EVIDENCE>3</EMOTION_SENTIMENT_POSITIVE_EVIDENCE>
    <EMOTION_SENTIMENT_POSITIVE_INTENSITY>0.958394945</EMOTION_SENTIMENT_POSITIVE_INTENSITY>
    <EMOTION_SENTIMENT_NEUTRAL_EVIDENCE>-4</EMOTION_SENTIMENT_NEUTRAL_EVIDENCE>
    <EMOTION_SENTIMENT_NEUTRAL_INTENSITY>2.35291445E-05</EMOTION_SENTIMENT_NEUTRAL_INTENSITY>
  </DATA>
  <DATA>
    <TimeStamp>191445</TimeStamp>
    <NumFaces>1</NumFaces>
    <Pulse>58</Pulse>
    <EXPRESSION_BROW_RAISER_LEFT>0</EXPRESSION_BROW_RAISER_LEFT>
    <EXPRESSION_BROW_RAISER_RIGHT>0</EXPRESSION_BROW_RAISER_RIGHT>
    <EXPRESSION_BROW_LOWERER_LEFT>0</EXPRESSION_BROW_LOWERER_LEFT>
    <EXPRESSION_BROW_LOWERER_RIGHT>0</EXPRESSION_BROW_LOWERER_RIGHT>
    <EXPRESSION_SMILE>40</EXPRESSION_SMILE>
    <EXPRESSION_KISS>0</EXPRESSION_KISS>
    <EXPRESSION_MOUTH_OPEN>5</EXPRESSION_MOUTH_OPEN>
    <EXPRESSION_EYES_CLOSED_LEFT>0</EXPRESSION_EYES_CLOSED_LEFT>
    <EXPRESSION_EYES_CLOSED_RIGHT>0</EXPRESSION_EYES_CLOSED_RIGHT>
    <EXPRESSION_EYES_TURN_LEFT>0</EXPRESSION_EYES_TURN_LEFT>
    <EXPRESSION_EYES_TURN_RIGHT>0</EXPRESSION_EYES_TURN_RIGHT>
    <EXPRESSION_EYES_UP>0</EXPRESSION_EYES_UP>
    <EXPRESSION_EYES_DOWN>0</EXPRESSION_EYES_DOWN>
    <EMOTION_PRIMARY_ANGER_EVIDENCE>-2</EMOTION_PRIMARY_ANGER_EVIDENCE>
    <EMOTION_PRIMARY_ANGER_INTENSITY>0.0003831205</EMOTION_PRIMARY_ANGER_INTENSITY>
    <EMOTION_PRIMARY_CONTEMPT_EVIDENCE>0</EMOTION_PRIMARY_CONTEMPT_EVIDENCE>
    <EMOTION_PRIMARY_CONTEMPT_INTENSITY>0.189843342</EMOTION_PRIMARY_CONTEMPT_INTENSITY>
    <EMOTION_PRIMARY_DISGUST_EVIDENCE>-1</EMOTION_PRIMARY_DISGUST_EVIDENCE>
    <EMOTION_PRIMARY_DISGUST_INTENSITY>0.005625175</EMOTION_PRIMARY_DISGUST_INTENSITY>
    <EMOTION_PRIMARY_FEAR_EVIDENCE>0</EMOTION_PRIMARY_FEAR_EVIDENCE>
    <EMOTION_PRIMARY_FEAR_INTENSITY>0.180583566</EMOTION_PRIMARY_FEAR_INTENSITY>
    <EMOTION_PRIMARY_JOY_EVIDENCE>2</EMOTION_PRIMARY_JOY_EVIDENCE>
    <EMOTION_PRIMARY_JOY_INTENSITY>0.9838038</EMOTION_PRIMARY_JOY_INTENSITY>
    <EMOTION_PRIMARY_SADNESS_EVIDENCE>-2</EMOTION_PRIMARY_SADNESS_EVIDENCE>
    <EMOTION_PRIMARY_SADNESS_INTENSITY>4.65243756E-05</EMOTION_PRIMARY_SADNESS_INTENSITY>
    <EMOTION_PRIMARY_SURPRISE_EVIDENCE>-1</EMOTION_PRIMARY_SURPRISE_EVIDENCE>
    <EMOTION_PRIMARY_SURPRISE_INTENSITY>0.00409050565</EMOTION_PRIMARY_SURPRISE_INTENSITY>
    <EMOTION_SENTIMENT_NEGATIVE_EVIDENCE>0</EMOTION_SENTIMENT_NEGATIVE_EVIDENCE>
    <EMOTION_SENTIMENT_NEGATIVE_INTENSITY>0.226536319</EMOTION_SENTIMENT_NEGATIVE_INTENSITY>
    <EMOTION_SENTIMENT_POSITIVE_EVIDENCE>2</EMOTION_SENTIMENT_POSITIVE_EVIDENCE>
    <EMOTION_SENTIMENT_POSITIVE_INTENSITY>0.9440568</EMOTION_SENTIMENT_POSITIVE_INTENSITY>
    <EMOTION_SENTIMENT_NEUTRAL_EVIDENCE>-4</EMOTION_SENTIMENT_NEUTRAL_EVIDENCE>
    <EMOTION_SENTIMENT_NEUTRAL_INTENSITY>4.128207E-05</EMOTION_SENTIMENT_NEUTRAL_INTENSITY>
  </DATA>
  <DATA>
    <TimeStamp>191646</TimeStamp>
    <NumFaces>1</NumFaces>
    <Pulse>58</Pulse>
    <EXPRESSION_BROW_RAISER_LEFT>0</EXPRESSION_BROW_RAISER_LEFT>
    <EXPRESSION_BROW_RAISER_RIGHT>0</EXPRESSION_BROW_RAISER_RIGHT>
    <EXPRESSION_BROW_LOWERER_LEFT>0</EXPRESSION_BROW_LOWERER_LEFT>
    <EXPRESSION_BROW_LOWERER_RIGHT>0</EXPRESSION_BROW_LOWERER_RIGHT>
    <EXPRESSION_SMILE>56</EXPRESSION_SMILE>
    <EXPRESSION_KISS>0</EXPRESSION_KISS>
    <EXPRESSION_MOUTH_OPEN>5</EXPRESSION_MOUTH_OPEN>
    <EXPRESSION_EYES_CLOSED_LEFT>0</EXPRESSION_EYES_CLOSED_LEFT>
    <EXPRESSION_EYES_CLOSED_RIGHT>0</EXPRESSION_EYES_CLOSED_RIGHT>
    <EXPRESSION_EYES_TURN_LEFT>0</EXPRESSION_EYES_TURN_LEFT>
    <EXPRESSION_EYES_TURN_RIGHT>0</EXPRESSION_EYES_TURN_RIGHT>
    <EXPRESSION_EYES_UP>0</EXPRESSION_EYES_UP>
    <EXPRESSION_EYES_DOWN>0</EXPRESSION_EYES_DOWN>
    <EMOTION_PRIMARY_ANGER_EVIDENCE>-2</EMOTION_PRIMARY_ANGER_EVIDENCE>
    <EMOTION_PRIMARY_ANGER_INTENSITY>0.000288704468</EMOTION_PRIMARY_ANGER_INTENSITY>
    <EMOTION_PRIMARY_CONTEMPT_EVIDENCE>0</EMOTION_PRIMARY_CONTEMPT_EVIDENCE>
    <EMOTION_PRIMARY_CONTEMPT_INTENSITY>0.116755724</EMOTION_PRIMARY_CONTEMPT_INTENSITY>
    <EMOTION_PRIMARY_DISGUST_EVIDENCE>-1</EMOTION_PRIMARY_DISGUST_EVIDENCE>
    <EMOTION_PRIMARY_DISGUST_INTENSITY>0.00385285215</EMOTION_PRIMARY_DISGUST_INTENSITY>
    <EMOTION_PRIMARY_FEAR_EVIDENCE>0</EMOTION_PRIMARY_FEAR_EVIDENCE>
    <EMOTION_PRIMARY_FEAR_INTENSITY>0.2624576</EMOTION_PRIMARY_FEAR_INTENSITY>
    <EMOTION_PRIMARY_JOY_EVIDENCE>2</EMOTION_PRIMARY_JOY_EVIDENCE>
    <EMOTION_PRIMARY_JOY_INTENSITY>0.9908677</EMOTION_PRIMARY_JOY_INTENSITY>
    <EMOTION_PRIMARY_SADNESS_EVIDENCE>-2</EMOTION_PRIMARY_SADNESS_EVIDENCE>
    <EMOTION_PRIMARY_SADNESS_INTENSITY>3.13057644E-05</EMOTION_PRIMARY_SADNESS_INTENSITY>
    <EMOTION_PRIMARY_SURPRISE_EVIDENCE>-1</EMOTION_PRIMARY_SURPRISE_EVIDENCE>
    <EMOTION_PRIMARY_SURPRISE_INTENSITY>0.004264444</EMOTION_PRIMARY_SURPRISE_INTENSITY>
    <EMOTION_SENTIMENT_NEGATIVE_EVIDENCE>0</EMOTION_SENTIMENT_NEGATIVE_EVIDENCE>
    <EMOTION_SENTIMENT_NEGATIVE_INTENSITY>0.126006559</EMOTION_SENTIMENT_NEGATIVE_INTENSITY>
    <EMOTION_SENTIMENT_POSITIVE_EVIDENCE>3</EMOTION_SENTIMENT_POSITIVE_EVIDENCE>
    <EMOTION_SENTIMENT_POSITIVE_INTENSITY>0.9693908</EMOTION_SENTIMENT_POSITIVE_INTENSITY>
    <EMOTION_SENTIMENT_NEUTRAL_EVIDENCE>-4</EMOTION_SENTIMENT_NEUTRAL_EVIDENCE>
    <EMOTION_SENTIMENT_NEUTRAL_INTENSITY>5.9290418E-05</EMOTION_SENTIMENT_NEUTRAL_INTENSITY>
  </DATA>
  <DATA>
    <TimeStamp>191848</TimeStamp>
    <NumFaces>1</NumFaces>
    <Pulse>58</Pulse>
    <EXPRESSION_BROW_RAISER_LEFT>0</EXPRESSION_BROW_RAISER_LEFT>
    <EXPRESSION_BROW_RAISER_RIGHT>0</EXPRESSION_BROW_RAISER_RIGHT>
    <EXPRESSION_BROW_LOWERER_LEFT>0</EXPRESSION_BROW_LOWERER_LEFT>
    <EXPRESSION_BROW_LOWERER_RIGHT>0</EXPRESSION_BROW_LOWERER_RIGHT>
    <EXPRESSION_SMILE>49</EXPRESSION_SMILE>
    <EXPRESSION_KISS>0</EXPRESSION_KISS>
    <EXPRESSION_MOUTH_OPEN>5</EXPRESSION_MOUTH_OPEN>
    <EXPRESSION_EYES_CLOSED_LEFT>0</EXPRESSION_EYES_CLOSED_LEFT>
    <EXPRESSION_EYES_CLOSED_RIGHT>0</EXPRESSION_EYES_CLOSED_RIGHT>
    <EXPRESSION_EYES_TURN_LEFT>0</EXPRESSION_EYES_TURN_LEFT>
    <EXPRESSION_EYES_TURN_RIGHT>0</EXPRESSION_EYES_TURN_RIGHT>
    <EXPRESSION_EYES_UP>0</EXPRESSION_EYES_UP>
    <EXPRESSION_EYES_DOWN>0</EXPRESSION_EYES_DOWN>
    <EMOTION_PRIMARY_ANGER_EVIDENCE>-2</EMOTION_PRIMARY_ANGER_EVIDENCE>
    <EMOTION_PRIMARY_ANGER_INTENSITY>0.000247133925</EMOTION_PRIMARY_ANGER_INTENSITY>
    <EMOTION_PRIMARY_CONTEMPT_EVIDENCE>0</EMOTION_PRIMARY_CONTEMPT_EVIDENCE>
    <EMOTION_PRIMARY_CONTEMPT_INTENSITY>0.07022277</EMOTION_PRIMARY_CONTEMPT_INTENSITY>
    <EMOTION_PRIMARY_DISGUST_EVIDENCE>-1</EMOTION_PRIMARY_DISGUST_EVIDENCE>
    <EMOTION_PRIMARY_DISGUST_INTENSITY>0.00670470949</EMOTION_PRIMARY_DISGUST_INTENSITY>
    <EMOTION_PRIMARY_FEAR_EVIDENCE>0</EMOTION_PRIMARY_FEAR_EVIDENCE>
    <EMOTION_PRIMARY_FEAR_INTENSITY>0.2587983</EMOTION_PRIMARY_FEAR_INTENSITY>
    <EMOTION_PRIMARY_JOY_EVIDENCE>2</EMOTION_PRIMARY_JOY_EVIDENCE>
    <EMOTION_PRIMARY_JOY_INTENSITY>0.98429966</EMOTION_PRIMARY_JOY_INTENSITY>
    <EMOTION_PRIMARY_SADNESS_EVIDENCE>-2</EMOTION_PRIMARY_SADNESS_EVIDENCE>
    <EMOTION_PRIMARY_SADNESS_INTENSITY>2.10663238E-05</EMOTION_PRIMARY_SADNESS_INTENSITY>
    <EMOTION_PRIMARY_SURPRISE_EVIDENCE>-1</EMOTION_PRIMARY_SURPRISE_EVIDENCE>
    <EMOTION_PRIMARY_SURPRISE_INTENSITY>0.00477320934</EMOTION_PRIMARY_SURPRISE_INTENSITY>
    <EMOTION_SENTIMENT_NEGATIVE_EVIDENCE>0</EMOTION_SENTIMENT_NEGATIVE_EVIDENCE>
    <EMOTION_SENTIMENT_NEGATIVE_INTENSITY>0.140613422</EMOTION_SENTIMENT_NEGATIVE_INTENSITY>
    <EMOTION_SENTIMENT_POSITIVE_EVIDENCE>2</EMOTION_SENTIMENT_POSITIVE_EVIDENCE>
    <EMOTION_SENTIMENT_POSITIVE_INTENSITY>0.95089674</EMOTION_SENTIMENT_POSITIVE_INTENSITY>
    <EMOTION_SENTIMENT_NEUTRAL_EVIDENCE>-4</EMOTION_SENTIMENT_NEUTRAL_EVIDENCE>
    <EMOTION_SENTIMENT_NEUTRAL_INTENSITY>7.2427E-05</EMOTION_SENTIMENT_NEUTRAL_INTENSITY>
  </DATA>
  <DATA>
    <TimeStamp>192049</TimeStamp>
    <NumFaces>1</NumFaces>
    <Pulse>58</Pulse>
    <EXPRESSION_BROW_RAISER_LEFT>0</EXPRESSION_BROW_RAISER_LEFT>
    <EXPRESSION_BROW_RAISER_RIGHT>0</EXPRESSION_BROW_RAISER_RIGHT>
    <EXPRESSION_BROW_LOWERER_LEFT>0</EXPRESSION_BROW_LOWERER_LEFT>
    <EXPRESSION_BROW_LOWERER_RIGHT>0</EXPRESSION_BROW_LOWERER_RIGHT>
    <EXPRESSION_SMILE>38</EXPRESSION_SMILE>
    <EXPRESSION_KISS>0</EXPRESSION_KISS>
    <EXPRESSION_MOUTH_OPEN>5</EXPRESSION_MOUTH_OPEN>
    <EXPRESSION_EYES_CLOSED_LEFT>0</EXPRESSION_EYES_CLOSED_LEFT>
    <EXPRESSION_EYES_CLOSED_RIGHT>0</EXPRESSION_EYES_CLOSED_RIGHT>
    <EXPRESSION_EYES_TURN_LEFT>0</EXPRESSION_EYES_TURN_LEFT>
    <EXPRESSION_EYES_TURN_RIGHT>0</EXPRESSION_EYES_TURN_RIGHT>
    <EXPRESSION_EYES_UP>0</EXPRESSION_EYES_UP>
    <EXPRESSION_EYES_DOWN>0</EXPRESSION_EYES_DOWN>
    <EMOTION_PRIMARY_ANGER_EVIDENCE>-2</EMOTION_PRIMARY_ANGER_EVIDENCE>
    <EMOTION_PRIMARY_ANGER_INTENSITY>0.000318448583</EMOTION_PRIMARY_ANGER_INTENSITY>
    <EMOTION_PRIMARY_CONTEMPT_EVIDENCE>0</EMOTION_PRIMARY_CONTEMPT_EVIDENCE>
    <EMOTION_PRIMARY_CONTEMPT_INTENSITY>0.0438159965</EMOTION_PRIMARY_CONTEMPT_INTENSITY>
    <EMOTION_PRIMARY_DISGUST_EVIDENCE>-1</EMOTION_PRIMARY_DISGUST_EVIDENCE>
    <EMOTION_PRIMARY_DISGUST_INTENSITY>0.002794135</EMOTION_PRIMARY_DISGUST_INTENSITY>
    <EMOTION_PRIMARY_FEAR_EVIDENCE>0</EMOTION_PRIMARY_FEAR_EVIDENCE>
    <EMOTION_PRIMARY_FEAR_INTENSITY>0.462583035</EMOTION_PRIMARY_FEAR_INTENSITY>
    <EMOTION_PRIMARY_JOY_EVIDENCE>2</EMOTION_PRIMARY_JOY_EVIDENCE>
    <EMOTION_PRIMARY_JOY_INTENSITY>0.975438535</EMOTION_PRIMARY_JOY_INTENSITY>
    <EMOTION_PRIMARY_SADNESS_EVIDENCE>-2</EMOTION_PRIMARY_SADNESS_EVIDENCE>
    <EMOTION_PRIMARY_SADNESS_INTENSITY>2.89997042E-05</EMOTION_PRIMARY_SADNESS_INTENSITY>
    <EMOTION_PRIMARY_SURPRISE_EVIDENCE>-1</EMOTION_PRIMARY_SURPRISE_EVIDENCE>
    <EMOTION_PRIMARY_SURPRISE_INTENSITY>0.004637884</EMOTION_PRIMARY_SURPRISE_INTENSITY>
    <EMOTION_SENTIMENT_NEGATIVE_EVIDENCE>0</EMOTION_SENTIMENT_NEGATIVE_EVIDENCE>
    <EMOTION_SENTIMENT_NEGATIVE_INTENSITY>0.107175976</EMOTION_SENTIMENT_NEGATIVE_INTENSITY>
    <EMOTION_SENTIMENT_POSITIVE_EVIDENCE>2</EMOTION_SENTIMENT_POSITIVE_EVIDENCE>
    <EMOTION_SENTIMENT_POSITIVE_INTENSITY>0.9372935</EMOTION_SENTIMENT_POSITIVE_INTENSITY>
    <EMOTION_SENTIMENT_NEUTRAL_EVIDENCE>-3</EMOTION_SENTIMENT_NEUTRAL_EVIDENCE>
    <EMOTION_SENTIMENT_NEUTRAL_INTENSITY>0.000129177148</EMOTION_SENTIMENT_NEUTRAL_INTENSITY>
  </DATA>
  <DATA>
    <TimeStamp>192250</TimeStamp>
    <NumFaces>1</NumFaces>
    <Pulse>58</Pulse>
    <EXPRESSION_BROW_RAISER_LEFT>0</EXPRESSION_BROW_RAISER_LEFT>
    <EXPRESSION_BROW_RAISER_RIGHT>0</EXPRESSION_BROW_RAISER_RIGHT>
    <EXPRESSION_BROW_LOWERER_LEFT>0</EXPRESSION_BROW_LOWERER_LEFT>
    <EXPRESSION_BROW_LOWERER_RIGHT>0</EXPRESSION_BROW_LOWERER_RIGHT>
    <EXPRESSION_SMILE>33</EXPRESSION_SMILE>
    <EXPRESSION_KISS>0</EXPRESSION_KISS>
    <EXPRESSION_MOUTH_OPEN>5</EXPRESSION_MOUTH_OPEN>
    <EXPRESSION_EYES_CLOSED_LEFT>0</EXPRESSION_EYES_CLOSED_LEFT>
    <EXPRESSION_EYES_CLOSED_RIGHT>0</EXPRESSION_EYES_CLOSED_RIGHT>
    <EXPRESSION_EYES_TURN_LEFT>0</EXPRESSION_EYES_TURN_LEFT>
    <EXPRESSION_EYES_TURN_RIGHT>0</EXPRESSION_EYES_TURN_RIGHT>
    <EXPRESSION_EYES_UP>0</EXPRESSION_EYES_UP>
    <EXPRESSION_EYES_DOWN>0</EXPRESSION_EYES_DOWN>
    <EMOTION_PRIMARY_ANGER_EVIDENCE>-2</EMOTION_PRIMARY_ANGER_EVIDENCE>
    <EMOTION_PRIMARY_ANGER_INTENSITY>0.000432495</EMOTION_PRIMARY_ANGER_INTENSITY>
    <EMOTION_PRIMARY_CONTEMPT_EVIDENCE>0</EMOTION_PRIMARY_CONTEMPT_EVIDENCE>
    <EMOTION_PRIMARY_CONTEMPT_INTENSITY>0.0418059</EMOTION_PRIMARY_CONTEMPT_INTENSITY>
    <EMOTION_PRIMARY_DISGUST_EVIDENCE>-1</EMOTION_PRIMARY_DISGUST_EVIDENCE>
    <EMOTION_PRIMARY_DISGUST_INTENSITY>0.00649944134</EMOTION_PRIMARY_DISGUST_INTENSITY>
    <EMOTION_PRIMARY_FEAR_EVIDENCE>0</EMOTION_PRIMARY_FEAR_EVIDENCE>
    <EMOTION_PRIMARY_FEAR_INTENSITY>0.299333453</EMOTION_PRIMARY_FEAR_INTENSITY>
    <EMOTION_PRIMARY_JOY_EVIDENCE>2</EMOTION_PRIMARY_JOY_EVIDENCE>
    <EMOTION_PRIMARY_JOY_INTENSITY>0.9510235</EMOTION_PRIMARY_JOY_INTENSITY>
    <EMOTION_PRIMARY_SADNESS_EVIDENCE>-2</EMOTION_PRIMARY_SADNESS_EVIDENCE>
    <EMOTION_PRIMARY_SADNESS_INTENSITY>5.5102133E-05</EMOTION_PRIMARY_SADNESS_INTENSITY>
    <EMOTION_PRIMARY_SURPRISE_EVIDENCE>-1</EMOTION_PRIMARY_SURPRISE_EVIDENCE>
    <EMOTION_PRIMARY_SURPRISE_INTENSITY>0.00401568273</EMOTION_PRIMARY_SURPRISE_INTENSITY>
    <EMOTION_SENTIMENT_NEGATIVE_EVIDENCE>0</EMOTION_SENTIMENT_NEGATIVE_EVIDENCE>
    <EMOTION_SENTIMENT_NEGATIVE_INTENSITY>0.164000019</EMOTION_SENTIMENT_NEGATIVE_INTENSITY>
    <EMOTION_SENTIMENT_POSITIVE_EVIDENCE>2</EMOTION_SENTIMENT_POSITIVE_EVIDENCE>
    <EMOTION_SENTIMENT_POSITIVE_INTENSITY>0.8895663</EMOTION_SENTIMENT_POSITIVE_INTENSITY>
    <EMOTION_SENTIMENT_NEUTRAL_EVIDENCE>-3</EMOTION_SENTIMENT_NEUTRAL_EVIDENCE>
    <EMOTION_SENTIMENT_NEUTRAL_INTENSITY>0.000235768224</EMOTION_SENTIMENT_NEUTRAL_INTENSITY>
  </DATA>
  <DATA>
    <TimeStamp>192450</TimeStamp>
    <NumFaces>1</NumFaces>
    <Pulse>58</Pulse>
    <EXPRESSION_BROW_RAISER_LEFT>0</EXPRESSION_BROW_RAISER_LEFT>
    <EXPRESSION_BROW_RAISER_RIGHT>0</EXPRESSION_BROW_RAISER_RIGHT>
    <EXPRESSION_BROW_LOWERER_LEFT>0</EXPRESSION_BROW_LOWERER_LEFT>
    <EXPRESSION_BROW_LOWERER_RIGHT>0</EXPRESSION_BROW_LOWERER_RIGHT>
    <EXPRESSION_SMILE>0</EXPRESSION_SMILE>
    <EXPRESSION_KISS>0</EXPRESSION_KISS>
    <EXPRESSION_MOUTH_OPEN>3</EXPRESSION_MOUTH_OPEN>
    <EXPRESSION_EYES_CLOSED_LEFT>0</EXPRESSION_EYES_CLOSED_LEFT>
    <EXPRESSION_EYES_CLOSED_RIGHT>0</EXPRESSION_EYES_CLOSED_RIGHT>
    <EXPRESSION_EYES_TURN_LEFT>0</EXPRESSION_EYES_TURN_LEFT>
    <EXPRESSION_EYES_TURN_RIGHT>0</EXPRESSION_EYES_TURN_RIGHT>
    <EXPRESSION_EYES_UP>0</EXPRESSION_EYES_UP>
    <EXPRESSION_EYES_DOWN>0</EXPRESSION_EYES_DOWN>
    <EMOTION_PRIMARY_ANGER_EVIDENCE>-1</EMOTION_PRIMARY_ANGER_EVIDENCE>
    <EMOTION_PRIMARY_ANGER_INTENSITY>0.001132697</EMOTION_PRIMARY_ANGER_INTENSITY>
    <EMOTION_PRIMARY_CONTEMPT_EVIDENCE>0</EMOTION_PRIMARY_CONTEMPT_EVIDENCE>
    <EMOTION_PRIMARY_CONTEMPT_INTENSITY>0.06260666</EMOTION_PRIMARY_CONTEMPT_INTENSITY>
    <EMOTION_PRIMARY_DISGUST_EVIDENCE>-1</EMOTION_PRIMARY_DISGUST_EVIDENCE>
    <EMOTION_PRIMARY_DISGUST_INTENSITY>0.0232074354</EMOTION_PRIMARY_DISGUST_INTENSITY>
    <EMOTION_PRIMARY_FEAR_EVIDENCE>0</EMOTION_PRIMARY_FEAR_EVIDENCE>
    <EMOTION_PRIMARY_FEAR_INTENSITY>0.334387183</EMOTION_PRIMARY_FEAR_INTENSITY>
    <EMOTION_PRIMARY_JOY_EVIDENCE>1</EMOTION_PRIMARY_JOY_EVIDENCE>
    <EMOTION_PRIMARY_JOY_INTENSITY>0.8049691</EMOTION_PRIMARY_JOY_INTENSITY>
    <EMOTION_PRIMARY_SADNESS_EVIDENCE>-2</EMOTION_PRIMARY_SADNESS_EVIDENCE>
    <EMOTION_PRIMARY_SADNESS_INTENSITY>0.000135133421</EMOTION_PRIMARY_SADNESS_INTENSITY>
    <EMOTION_PRIMARY_SURPRISE_EVIDENCE>-1</EMOTION_PRIMARY_SURPRISE_EVIDENCE>
    <EMOTION_PRIMARY_SURPRISE_INTENSITY>0.00337352674</EMOTION_PRIMARY_SURPRISE_INTENSITY>
    <EMOTION_SENTIMENT_NEGATIVE_EVIDENCE>0</EMOTION_SENTIMENT_NEGATIVE_EVIDENCE>
    <EMOTION_SENTIMENT_NEGATIVE_INTENSITY>0.391220033</EMOTION_SENTIMENT_NEGATIVE_INTENSITY>
    <EMOTION_SENTIMENT_POSITIVE_EVIDENCE>1</EMOTION_SENTIMENT_POSITIVE_EVIDENCE>
    <EMOTION_SENTIMENT_POSITIVE_INTENSITY>0.6551639</EMOTION_SENTIMENT_POSITIVE_INTENSITY>
    <EMOTION_SENTIMENT_NEUTRAL_EVIDENCE>-3</EMOTION_SENTIMENT_NEUTRAL_EVIDENCE>
    <EMOTION_SENTIMENT_NEUTRAL_INTENSITY>0.000817562861</EMOTION_SENTIMENT_NEUTRAL_INTENSITY>
  </DATA>
  <DATA>
    <TimeStamp>192650</TimeStamp>
    <NumFaces>1</NumFaces>
    <Pulse>58</Pulse>
    <EXPRESSION_BROW_RAISER_LEFT>0</EXPRESSION_BROW_RAISER_LEFT>
    <EXPRESSION_BROW_RAISER_RIGHT>0</EXPRESSION_BROW_RAISER_RIGHT>
    <EXPRESSION_BROW_LOWERER_LEFT>0</EXPRESSION_BROW_LOWERER_LEFT>
    <EXPRESSION_BROW_LOWERER_RIGHT>0</EXPRESSION_BROW_LOWERER_RIGHT>
    <EXPRESSION_SMILE>0</EXPRESSION_SMILE>
    <EXPRESSION_KISS>0</EXPRESSION_KISS>
    <EXPRESSION_MOUTH_OPEN>0</EXPRESSION_MOUTH_OPEN>
    <EXPRESSION_EYES_CLOSED_LEFT>0</EXPRESSION_EYES_CLOSED_LEFT>
    <EXPRESSION_EYES_CLOSED_RIGHT>0</EXPRESSION_EYES_CLOSED_RIGHT>
    <EXPRESSION_EYES_TURN_LEFT>0</EXPRESSION_EYES_TURN_LEFT>
    <EXPRESSION_EYES_TURN_RIGHT>0</EXPRESSION_EYES_TURN_RIGHT>
    <EXPRESSION_EYES_UP>0</EXPRESSION_EYES_UP>
    <EXPRESSION_EYES_DOWN>0</EXPRESSION_EYES_DOWN>
    <EMOTION_PRIMARY_ANGER_EVIDENCE>0</EMOTION_PRIMARY_ANGER_EVIDENCE>
    <EMOTION_PRIMARY_ANGER_INTENSITY>0.0150767323</EMOTION_PRIMARY_ANGER_INTENSITY>
    <EMOTION_PRIMARY_CONTEMPT_EVIDENCE>0</EMOTION_PRIMARY_CONTEMPT_EVIDENCE>
    <EMOTION_PRIMARY_CONTEMPT_INTENSITY>0.1936371</EMOTION_PRIMARY_CONTEMPT_INTENSITY>
    <EMOTION_PRIMARY_DISGUST_EVIDENCE>0</EMOTION_PRIMARY_DISGUST_EVIDENCE>
    <EMOTION_PRIMARY_DISGUST_INTENSITY>0.122100674</EMOTION_PRIMARY_DISGUST_INTENSITY>
    <EMOTION_PRIMARY_FEAR_EVIDENCE>0</EMOTION_PRIMARY_FEAR_EVIDENCE>
    <EMOTION_PRIMARY_FEAR_INTENSITY>0.07886419</EMOTION_PRIMARY_FEAR_INTENSITY>
    <EMOTION_PRIMARY_JOY_EVIDENCE>0</EMOTION_PRIMARY_JOY_EVIDENCE>
    <EMOTION_PRIMARY_JOY_INTENSITY>0.47712785</EMOTION_PRIMARY_JOY_INTENSITY>
    <EMOTION_PRIMARY_SADNESS_EVIDENCE>-1</EMOTION_PRIMARY_SADNESS_EVIDENCE>
    <EMOTION_PRIMARY_SADNESS_INTENSITY>0.00369533221</EMOTION_PRIMARY_SADNESS_INTENSITY>
    <EMOTION_PRIMARY_SURPRISE_EVIDENCE>-1</EMOTION_PRIMARY_SURPRISE_EVIDENCE>
    <EMOTION_PRIMARY_SURPRISE_INTENSITY>0.002004726</EMOTION_PRIMARY_SURPRISE_INTENSITY>
    <EMOTION_SENTIMENT_NEGATIVE_EVIDENCE>3</EMOTION_SENTIMENT_NEGATIVE_EVIDENCE>
    <EMOTION_SENTIMENT_NEGATIVE_INTENSITY>0.9656036</EMOTION_SENTIMENT_NEGATIVE_INTENSITY>
    <EMOTION_SENTIMENT_POSITIVE_EVIDENCE>0</EMOTION_SENTIMENT_POSITIVE_EVIDENCE>
    <EMOTION_SENTIMENT_POSITIVE_INTENSITY>0.317625552</EMOTION_SENTIMENT_POSITIVE_INTENSITY>
    <EMOTION_SENTIMENT_NEUTRAL_EVIDENCE>-3</EMOTION_SENTIMENT_NEUTRAL_EVIDENCE>
    <EMOTION_SENTIMENT_NEUTRAL_INTENSITY>0.0006250399</EMOTION_SENTIMENT_NEUTRAL_INTENSITY>
  </DATA>
  <DATA>
    <TimeStamp>192850</TimeStamp>
    <NumFaces>1</NumFaces>
    <Pulse>61</Pulse>
    <EXPRESSION_BROW_RAISER_LEFT>0</EXPRESSION_BROW_RAISER_LEFT>
    <EXPRESSION_BROW_RAISER_RIGHT>0</EXPRESSION_BROW_RAISER_RIGHT>
    <EXPRESSION_BROW_LOWERER_LEFT>0</EXPRESSION_BROW_LOWERER_LEFT>
    <EXPRESSION_BROW_LOWERER_RIGHT>0</EXPRESSION_BROW_LOWERER_RIGHT>
    <EXPRESSION_SMILE>0</EXPRESSION_SMILE>
    <EXPRESSION_KISS>0</EXPRESSION_KISS>
    <EXPRESSION_MOUTH_OPEN>0</EXPRESSION_MOUTH_OPEN>
    <EXPRESSION_EYES_CLOSED_LEFT>0</EXPRESSION_EYES_CLOSED_LEFT>
    <EXPRESSION_EYES_CLOSED_RIGHT>0</EXPRESSION_EYES_CLOSED_RIGHT>
    <EXPRESSION_EYES_TURN_LEFT>0</EXPRESSION_EYES_TURN_LEFT>
    <EXPRESSION_EYES_TURN_RIGHT>0</EXPRESSION_EYES_TURN_RIGHT>
    <EXPRESSION_EYES_UP>0</EXPRESSION_EYES_UP>
    <EXPRESSION_EYES_DOWN>0</EXPRESSION_EYES_DOWN>
    <EMOTION_PRIMARY_ANGER_EVIDENCE>0</EMOTION_PRIMARY_ANGER_EVIDENCE>
    <EMOTION_PRIMARY_ANGER_INTENSITY>0.0207504425</EMOTION_PRIMARY_ANGER_INTENSITY>
    <EMOTION_PRIMARY_CONTEMPT_EVIDENCE>0</EMOTION_PRIMARY_CONTEMPT_EVIDENCE>
    <EMOTION_PRIMARY_CONTEMPT_INTENSITY>0.190021142</EMOTION_PRIMARY_CONTEMPT_INTENSITY>
    <EMOTION_PRIMARY_DISGUST_EVIDENCE>0</EMOTION_PRIMARY_DISGUST_EVIDENCE>
    <EMOTION_PRIMARY_DISGUST_INTENSITY>0.152287483</EMOTION_PRIMARY_DISGUST_INTENSITY>
    <EMOTION_PRIMARY_FEAR_EVIDENCE>0</EMOTION_PRIMARY_FEAR_EVIDENCE>
    <EMOTION_PRIMARY_FEAR_INTENSITY>0.03292472</EMOTION_PRIMARY_FEAR_INTENSITY>
    <EMOTION_PRIMARY_JOY_EVIDENCE>0</EMOTION_PRIMARY_JOY_EVIDENCE>
    <EMOTION_PRIMARY_JOY_INTENSITY>0.383452058</EMOTION_PRIMARY_JOY_INTENSITY>
    <EMOTION_PRIMARY_SADNESS_EVIDENCE>-1</EMOTION_PRIMARY_SADNESS_EVIDENCE>
    <EMOTION_PRIMARY_SADNESS_INTENSITY>0.00381070981</EMOTION_PRIMARY_SADNESS_INTENSITY>
    <EMOTION_PRIMARY_SURPRISE_EVIDENCE>-2</EMOTION_PRIMARY_SURPRISE_EVIDENCE>
    <EMOTION_PRIMARY_SURPRISE_INTENSITY>0.00188056449</EMOTION_PRIMARY_SURPRISE_INTENSITY>
    <EMOTION_SENTIMENT_NEGATIVE_EVIDENCE>3</EMOTION_SENTIMENT_NEGATIVE_EVIDENCE>
    <EMOTION_SENTIMENT_NEGATIVE_INTENSITY>0.9776923</EMOTION_SENTIMENT_NEGATIVE_INTENSITY>
    <EMOTION_SENTIMENT_POSITIVE_EVIDENCE>0</EMOTION_SENTIMENT_POSITIVE_EVIDENCE>
    <EMOTION_SENTIMENT_POSITIVE_INTENSITY>0.273946434</EMOTION_SENTIMENT_POSITIVE_INTENSITY>
    <EMOTION_SENTIMENT_NEUTRAL_EVIDENCE>-3</EMOTION_SENTIMENT_NEUTRAL_EVIDENCE>
    <EMOTION_SENTIMENT_NEUTRAL_INTENSITY>0.000513109553</EMOTION_SENTIMENT_NEUTRAL_INTENSITY>
  </DATA>
  <DATA>
    <TimeStamp>193051</TimeStamp>
    <NumFaces>1</NumFaces>
    <Pulse>61</Pulse>
    <EXPRESSION_BROW_RAISER_LEFT>0</EXPRESSION_BROW_RAISER_LEFT>
    <EXPRESSION_BROW_RAISER_RIGHT>0</EXPRESSION_BROW_RAISER_RIGHT>
    <EXPRESSION_BROW_LOWERER_LEFT>0</EXPRESSION_BROW_LOWERER_LEFT>
    <EXPRESSION_BROW_LOWERER_RIGHT>0</EXPRESSION_BROW_LOWERER_RIGHT>
    <EXPRESSION_SMILE>0</EXPRESSION_SMILE>
    <EXPRESSION_KISS>0</EXPRESSION_KISS>
    <EXPRESSION_MOUTH_OPEN>0</EXPRESSION_MOUTH_OPEN>
    <EXPRESSION_EYES_CLOSED_LEFT>0</EXPRESSION_EYES_CLOSED_LEFT>
    <EXPRESSION_EYES_CLOSED_RIGHT>0</EXPRESSION_EYES_CLOSED_RIGHT>
    <EXPRESSION_EYES_TURN_LEFT>0</EXPRESSION_EYES_TURN_LEFT>
    <EXPRESSION_EYES_TURN_RIGHT>0</EXPRESSION_EYES_TURN_RIGHT>
    <EXPRESSION_EYES_UP>0</EXPRESSION_EYES_UP>
    <EXPRESSION_EYES_DOWN>0</EXPRESSION_EYES_DOWN>
    <EMOTION_PRIMARY_ANGER_EVIDENCE>-1</EMOTION_PRIMARY_ANGER_EVIDENCE>
    <EMOTION_PRIMARY_ANGER_INTENSITY>0.007477977</EMOTION_PRIMARY_ANGER_INTENSITY>
    <EMOTION_PRIMARY_CONTEMPT_EVIDENCE>0</EMOTION_PRIMARY_CONTEMPT_EVIDENCE>
    <EMOTION_PRIMARY_CONTEMPT_INTENSITY>0.25701952</EMOTION_PRIMARY_CONTEMPT_INTENSITY>
    <EMOTION_PRIMARY_DISGUST_EVIDENCE>0</EMOTION_PRIMARY_DISGUST_EVIDENCE>
    <EMOTION_PRIMARY_DISGUST_INTENSITY>0.143418461</EMOTION_PRIMARY_DISGUST_INTENSITY>
    <EMOTION_PRIMARY_FEAR_EVIDENCE>0</EMOTION_PRIMARY_FEAR_EVIDENCE>
    <EMOTION_PRIMARY_FEAR_INTENSITY>0.008417765</EMOTION_PRIMARY_FEAR_INTENSITY>
    <EMOTION_PRIMARY_JOY_EVIDENCE>1</EMOTION_PRIMARY_JOY_EVIDENCE>
    <EMOTION_PRIMARY_JOY_INTENSITY>0.7864731</EMOTION_PRIMARY_JOY_INTENSITY>
    <EMOTION_PRIMARY_SADNESS_EVIDENCE>-1</EMOTION_PRIMARY_SADNESS_EVIDENCE>
    <EMOTION_PRIMARY_SADNESS_INTENSITY>0.00389331835</EMOTION_PRIMARY_SADNESS_INTENSITY>
    <EMOTION_PRIMARY_SURPRISE_EVIDENCE>-1</EMOTION_PRIMARY_SURPRISE_EVIDENCE>
    <EMOTION_PRIMARY_SURPRISE_INTENSITY>0.00198833551</EMOTION_PRIMARY_SURPRISE_INTENSITY>
    <EMOTION_SENTIMENT_NEGATIVE_EVIDENCE>2</EMOTION_SENTIMENT_NEGATIVE_EVIDENCE>
    <EMOTION_SENTIMENT_NEGATIVE_INTENSITY>0.88111335</EMOTION_SENTIMENT_NEGATIVE_INTENSITY>
    <EMOTION_SENTIMENT_POSITIVE_EVIDENCE>1</EMOTION_SENTIMENT_POSITIVE_EVIDENCE>
    <EMOTION_SENTIMENT_POSITIVE_INTENSITY>0.6054737</EMOTION_SENTIMENT_POSITIVE_INTENSITY>
    <EMOTION_SENTIMENT_NEUTRAL_EVIDENCE>-3</EMOTION_SENTIMENT_NEUTRAL_EVIDENCE>
    <EMOTION_SENTIMENT_NEUTRAL_INTENSITY>0.000678358134</EMOTION_SENTIMENT_NEUTRAL_INTENSITY>
  </DATA>
  <DATA>
    <TimeStamp>193251</TimeStamp>
    <NumFaces>1</NumFaces>
    <Pulse>61</Pulse>
    <EXPRESSION_BROW_RAISER_LEFT>0</EXPRESSION_BROW_RAISER_LEFT>
    <EXPRESSION_BROW_RAISER_RIGHT>0</EXPRESSION_BROW_RAISER_RIGHT>
    <EXPRESSION_BROW_LOWERER_LEFT>0</EXPRESSION_BROW_LOWERER_LEFT>
    <EXPRESSION_BROW_LOWERER_RIGHT>0</EXPRESSION_BROW_LOWERER_RIGHT>
    <EXPRESSION_SMILE>0</EXPRESSION_SMILE>
    <EXPRESSION_KISS>0</EXPRESSION_KISS>
    <EXPRESSION_MOUTH_OPEN>0</EXPRESSION_MOUTH_OPEN>
    <EXPRESSION_EYES_CLOSED_LEFT>0</EXPRESSION_EYES_CLOSED_LEFT>
    <EXPRESSION_EYES_CLOSED_RIGHT>0</EXPRESSION_EYES_CLOSED_RIGHT>
    <EXPRESSION_EYES_TURN_LEFT>0</EXPRESSION_EYES_TURN_LEFT>
    <EXPRESSION_EYES_TURN_RIGHT>0</EXPRESSION_EYES_TURN_RIGHT>
    <EXPRESSION_EYES_UP>0</EXPRESSION_EYES_UP>
    <EXPRESSION_EYES_DOWN>0</EXPRESSION_EYES_DOWN>
    <EMOTION_PRIMARY_ANGER_EVIDENCE>-1</EMOTION_PRIMARY_ANGER_EVIDENCE>
    <EMOTION_PRIMARY_ANGER_INTENSITY>0.004328549</EMOTION_PRIMARY_ANGER_INTENSITY>
    <EMOTION_PRIMARY_CONTEMPT_EVIDENCE>0</EMOTION_PRIMARY_CONTEMPT_EVIDENCE>
    <EMOTION_PRIMARY_CONTEMPT_INTENSITY>0.355969518</EMOTION_PRIMARY_CONTEMPT_INTENSITY>
    <EMOTION_PRIMARY_DISGUST_EVIDENCE>0</EMOTION_PRIMARY_DISGUST_EVIDENCE>
    <EMOTION_PRIMARY_DISGUST_INTENSITY>0.03910059</EMOTION_PRIMARY_DISGUST_INTENSITY>
    <EMOTION_PRIMARY_FEAR_EVIDENCE>0</EMOTION_PRIMARY_FEAR_EVIDENCE>
    <EMOTION_PRIMARY_FEAR_INTENSITY>0.02088561</EMOTION_PRIMARY_FEAR_INTENSITY>
    <EMOTION_PRIMARY_JOY_EVIDENCE>1</EMOTION_PRIMARY_JOY_EVIDENCE>
    <EMOTION_PRIMARY_JOY_INTENSITY>0.7982473</EMOTION_PRIMARY_JOY_INTENSITY>
    <EMOTION_PRIMARY_SADNESS_EVIDENCE>-1</EMOTION_PRIMARY_SADNESS_EVIDENCE>
    <EMOTION_PRIMARY_SADNESS_INTENSITY>0.00369597482</EMOTION_PRIMARY_SADNESS_INTENSITY>
    <EMOTION_PRIMARY_SURPRISE_EVIDENCE>-1</EMOTION_PRIMARY_SURPRISE_EVIDENCE>
    <EMOTION_PRIMARY_SURPRISE_INTENSITY>0.00427905237</EMOTION_PRIMARY_SURPRISE_INTENSITY>
    <EMOTION_SENTIMENT_NEGATIVE_EVIDENCE>1</EMOTION_SENTIMENT_NEGATIVE_EVIDENCE>
    <EMOTION_SENTIMENT_NEGATIVE_INTENSITY>0.5926653</EMOTION_SENTIMENT_NEGATIVE_INTENSITY>
    <EMOTION_SENTIMENT_POSITIVE_EVIDENCE>1</EMOTION_SENTIMENT_POSITIVE_EVIDENCE>
    <EMOTION_SENTIMENT_POSITIVE_INTENSITY>0.679552</EMOTION_SENTIMENT_POSITIVE_INTENSITY>
    <EMOTION_SENTIMENT_NEUTRAL_EVIDENCE>-2</EMOTION_SENTIMENT_NEUTRAL_EVIDENCE>
    <EMOTION_SENTIMENT_NEUTRAL_INTENSITY>0.00118274742</EMOTION_SENTIMENT_NEUTRAL_INTENSITY>
  </DATA>
  <DATA>
    <TimeStamp>193452</TimeStamp>
    <NumFaces>1</NumFaces>
    <Pulse>61</Pulse>
    <EXPRESSION_BROW_RAISER_LEFT>0</EXPRESSION_BROW_RAISER_LEFT>
    <EXPRESSION_BROW_RAISER_RIGHT>0</EXPRESSION_BROW_RAISER_RIGHT>
    <EXPRESSION_BROW_LOWERER_LEFT>0</EXPRESSION_BROW_LOWERER_LEFT>
    <EXPRESSION_BROW_LOWERER_RIGHT>0</EXPRESSION_BROW_LOWERER_RIGHT>
    <EXPRESSION_SMILE>0</EXPRESSION_SMILE>
    <EXPRESSION_KISS>0</EXPRESSION_KISS>
    <EXPRESSION_MOUTH_OPEN>0</EXPRESSION_MOUTH_OPEN>
    <EXPRESSION_EYES_CLOSED_LEFT>0</EXPRESSION_EYES_CLOSED_LEFT>
    <EXPRESSION_EYES_CLOSED_RIGHT>0</EXPRESSION_EYES_CLOSED_RIGHT>
    <EXPRESSION_EYES_TURN_LEFT>0</EXPRESSION_EYES_TURN_LEFT>
    <EXPRESSION_EYES_TURN_RIGHT>0</EXPRESSION_EYES_TURN_RIGHT>
    <EXPRESSION_EYES_UP>0</EXPRESSION_EYES_UP>
    <EXPRESSION_EYES_DOWN>0</EXPRESSION_EYES_DOWN>
    <EMOTION_PRIMARY_ANGER_EVIDENCE>-1</EMOTION_PRIMARY_ANGER_EVIDENCE>
    <EMOTION_PRIMARY_ANGER_INTENSITY>0.00128099672</EMOTION_PRIMARY_ANGER_INTENSITY>
    <EMOTION_PRIMARY_CONTEMPT_EVIDENCE>0</EMOTION_PRIMARY_CONTEMPT_EVIDENCE>
    <EMOTION_PRIMARY_CONTEMPT_INTENSITY>0.6531759</EMOTION_PRIMARY_CONTEMPT_INTENSITY>
    <EMOTION_PRIMARY_DISGUST_EVIDENCE>0</EMOTION_PRIMARY_DISGUST_EVIDENCE>
    <EMOTION_PRIMARY_DISGUST_INTENSITY>0.0270217117</EMOTION_PRIMARY_DISGUST_INTENSITY>
    <EMOTION_PRIMARY_FEAR_EVIDENCE>0</EMOTION_PRIMARY_FEAR_EVIDENCE>
    <EMOTION_PRIMARY_FEAR_INTENSITY>0.0285569131</EMOTION_PRIMARY_FEAR_INTENSITY>
    <EMOTION_PRIMARY_JOY_EVIDENCE>1</EMOTION_PRIMARY_JOY_EVIDENCE>
    <EMOTION_PRIMARY_JOY_INTENSITY>0.892389655</EMOTION_PRIMARY_JOY_INTENSITY>
    <EMOTION_PRIMARY_SADNESS_EVIDENCE>-1</EMOTION_PRIMARY_SADNESS_EVIDENCE>
    <EMOTION_PRIMARY_SADNESS_INTENSITY>0.00233501219</EMOTION_PRIMARY_SADNESS_INTENSITY>
    <EMOTION_PRIMARY_SURPRISE_EVIDENCE>-1</EMOTION_PRIMARY_SURPRISE_EVIDENCE>
    <EMOTION_PRIMARY_SURPRISE_INTENSITY>0.0026353607</EMOTION_PRIMARY_SURPRISE_INTENSITY>
    <EMOTION_SENTIMENT_NEGATIVE_EVIDENCE>1</EMOTION_SENTIMENT_NEGATIVE_EVIDENCE>
    <EMOTION_SENTIMENT_NEGATIVE_INTENSITY>0.5249928</EMOTION_SENTIMENT_NEGATIVE_INTENSITY>
    <EMOTION_SENTIMENT_POSITIVE_EVIDENCE>1</EMOTION_SENTIMENT_POSITIVE_EVIDENCE>
    <EMOTION_SENTIMENT_POSITIVE_INTENSITY>0.775414646</EMOTION_SENTIMENT_POSITIVE_INTENSITY>
    <EMOTION_SENTIMENT_NEUTRAL_EVIDENCE>-3</EMOTION_SENTIMENT_NEUTRAL_EVIDENCE>
    <EMOTION_SENTIMENT_NEUTRAL_INTENSITY>0.0006047471</EMOTION_SENTIMENT_NEUTRAL_INTENSITY>
  </DATA>
  <DATA>
    <TimeStamp>193653</TimeStamp>
    <NumFaces>1</NumFaces>
    <Pulse>61</Pulse>
    <EXPRESSION_BROW_RAISER_LEFT>0</EXPRESSION_BROW_RAISER_LEFT>
    <EXPRESSION_BROW_RAISER_RIGHT>0</EXPRESSION_BROW_RAISER_RIGHT>
    <EXPRESSION_BROW_LOWERER_LEFT>0</EXPRESSION_BROW_LOWERER_LEFT>
    <EXPRESSION_BROW_LOWERER_RIGHT>0</EXPRESSION_BROW_LOWERER_RIGHT>
    <EXPRESSION_SMILE>0</EXPRESSION_SMILE>
    <EXPRESSION_KISS>0</EXPRESSION_KISS>
    <EXPRESSION_MOUTH_OPEN>0</EXPRESSION_MOUTH_OPEN>
    <EXPRESSION_EYES_CLOSED_LEFT>0</EXPRESSION_EYES_CLOSED_LEFT>
    <EXPRESSION_EYES_CLOSED_RIGHT>0</EXPRESSION_EYES_CLOSED_RIGHT>
    <EXPRESSION_EYES_TURN_LEFT>0</EXPRESSION_EYES_TURN_LEFT>
    <EXPRESSION_EYES_TURN_RIGHT>0</EXPRESSION_EYES_TURN_RIGHT>
    <EXPRESSION_EYES_UP>0</EXPRESSION_EYES_UP>
    <EXPRESSION_EYES_DOWN>0</EXPRESSION_EYES_DOWN>
    <EMOTION_PRIMARY_ANGER_EVIDENCE>-1</EMOTION_PRIMARY_ANGER_EVIDENCE>
    <EMOTION_PRIMARY_ANGER_INTENSITY>0.00270087575</EMOTION_PRIMARY_ANGER_INTENSITY>
    <EMOTION_PRIMARY_CONTEMPT_EVIDENCE>0</EMOTION_PRIMARY_CONTEMPT_EVIDENCE>
    <EMOTION_PRIMARY_CONTEMPT_INTENSITY>0.645742059</EMOTION_PRIMARY_CONTEMPT_INTENSITY>
    <EMOTION_PRIMARY_DISGUST_EVIDENCE>0</EMOTION_PRIMARY_DISGUST_EVIDENCE>
    <EMOTION_PRIMARY_DISGUST_INTENSITY>0.08197103</EMOTION_PRIMARY_DISGUST_INTENSITY>
    <EMOTION_PRIMARY_FEAR_EVIDENCE>0</EMOTION_PRIMARY_FEAR_EVIDENCE>
    <EMOTION_PRIMARY_FEAR_INTENSITY>0.0334684029</EMOTION_PRIMARY_FEAR_INTENSITY>
    <EMOTION_PRIMARY_JOY_EVIDENCE>1</EMOTION_PRIMARY_JOY_EVIDENCE>
    <EMOTION_PRIMARY_JOY_INTENSITY>0.7971916</EMOTION_PRIMARY_JOY_INTENSITY>
    <EMOTION_PRIMARY_SADNESS_EVIDENCE>-1</EMOTION_PRIMARY_SADNESS_EVIDENCE>
    <EMOTION_PRIMARY_SADNESS_INTENSITY>0.00226657046</EMOTION_PRIMARY_SADNESS_INTENSITY>
    <EMOTION_PRIMARY_SURPRISE_EVIDENCE>-1</EMOTION_PRIMARY_SURPRISE_EVIDENCE>
    <EMOTION_PRIMARY_SURPRISE_INTENSITY>0.00329145184</EMOTION_PRIMARY_SURPRISE_INTENSITY>
    <EMOTION_SENTIMENT_NEGATIVE_EVIDENCE>2</EMOTION_SENTIMENT_NEGATIVE_EVIDENCE>
    <EMOTION_SENTIMENT_NEGATIVE_INTENSITY>0.896818638</EMOTION_SENTIMENT_NEGATIVE_INTENSITY>
    <EMOTION_SENTIMENT_POSITIVE_EVIDENCE>1</EMOTION_SENTIMENT_POSITIVE_EVIDENCE>
    <EMOTION_SENTIMENT_POSITIVE_INTENSITY>0.573842168</EMOTION_SENTIMENT_POSITIVE_INTENSITY>
    <EMOTION_SENTIMENT_NEUTRAL_EVIDENCE>-3</EMOTION_SENTIMENT_NEUTRAL_EVIDENCE>
    <EMOTION_SENTIMENT_NEUTRAL_INTENSITY>0.000166302809</EMOTION_SENTIMENT_NEUTRAL_INTENSITY>
  </DATA>
  <DATA>
    <TimeStamp>193853</TimeStamp>
    <NumFaces>1</NumFaces>
    <Pulse>61</Pulse>
    <EXPRESSION_BROW_RAISER_LEFT>0</EXPRESSION_BROW_RAISER_LEFT>
    <EXPRESSION_BROW_RAISER_RIGHT>0</EXPRESSION_BROW_RAISER_RIGHT>
    <EXPRESSION_BROW_LOWERER_LEFT>0</EXPRESSION_BROW_LOWERER_LEFT>
    <EXPRESSION_BROW_LOWERER_RIGHT>0</EXPRESSION_BROW_LOWERER_RIGHT>
    <EXPRESSION_SMILE>0</EXPRESSION_SMILE>
    <EXPRESSION_KISS>0</EXPRESSION_KISS>
    <EXPRESSION_MOUTH_OPEN>0</EXPRESSION_MOUTH_OPEN>
    <EXPRESSION_EYES_CLOSED_LEFT>0</EXPRESSION_EYES_CLOSED_LEFT>
    <EXPRESSION_EYES_CLOSED_RIGHT>0</EXPRESSION_EYES_CLOSED_RIGHT>
    <EXPRESSION_EYES_TURN_LEFT>0</EXPRESSION_EYES_TURN_LEFT>
    <EXPRESSION_EYES_TURN_RIGHT>0</EXPRESSION_EYES_TURN_RIGHT>
    <EXPRESSION_EYES_UP>0</EXPRESSION_EYES_UP>
    <EXPRESSION_EYES_DOWN>0</EXPRESSION_EYES_DOWN>
    <EMOTION_PRIMARY_ANGER_EVIDENCE>0</EMOTION_PRIMARY_ANGER_EVIDENCE>
    <EMOTION_PRIMARY_ANGER_INTENSITY>0.09539788</EMOTION_PRIMARY_ANGER_INTENSITY>
    <EMOTION_PRIMARY_CONTEMPT_EVIDENCE>0</EMOTION_PRIMARY_CONTEMPT_EVIDENCE>
    <EMOTION_PRIMARY_CONTEMPT_INTENSITY>0.05127472</EMOTION_PRIMARY_CONTEMPT_INTENSITY>
    <EMOTION_PRIMARY_DISGUST_EVIDENCE>0</EMOTION_PRIMARY_DISGUST_EVIDENCE>
    <EMOTION_PRIMARY_DISGUST_INTENSITY>0.530633</EMOTION_PRIMARY_DISGUST_INTENSITY>
    <EMOTION_PRIMARY_FEAR_EVIDENCE>0</EMOTION_PRIMARY_FEAR_EVIDENCE>
    <EMOTION_PRIMARY_FEAR_INTENSITY>0.159479827</EMOTION_PRIMARY_FEAR_INTENSITY>
    <EMOTION_PRIMARY_JOY_EVIDENCE>0</EMOTION_PRIMARY_JOY_EVIDENCE>
    <EMOTION_PRIMARY_JOY_INTENSITY>0.0592710264</EMOTION_PRIMARY_JOY_INTENSITY>
    <EMOTION_PRIMARY_SADNESS_EVIDENCE>-1</EMOTION_PRIMARY_SADNESS_EVIDENCE>
    <EMOTION_PRIMARY_SADNESS_INTENSITY>0.0008983472</EMOTION_PRIMARY_SADNESS_INTENSITY>
    <EMOTION_PRIMARY_SURPRISE_EVIDENCE>-1</EMOTION_PRIMARY_SURPRISE_EVIDENCE>
    <EMOTION_PRIMARY_SURPRISE_INTENSITY>0.00716156326</EMOTION_PRIMARY_SURPRISE_INTENSITY>
    <EMOTION_SENTIMENT_NEGATIVE_EVIDENCE>4</EMOTION_SENTIMENT_NEGATIVE_EVIDENCE>
    <EMOTION_SENTIMENT_NEGATIVE_INTENSITY>0.9873862</EMOTION_SENTIMENT_NEGATIVE_INTENSITY>
    <EMOTION_SENTIMENT_POSITIVE_EVIDENCE>0</EMOTION_SENTIMENT_POSITIVE_EVIDENCE>
    <EMOTION_SENTIMENT_POSITIVE_INTENSITY>0.08540885</EMOTION_SENTIMENT_POSITIVE_INTENSITY>
    <EMOTION_SENTIMENT_NEUTRAL_EVIDENCE>-2</EMOTION_SENTIMENT_NEUTRAL_EVIDENCE>
    <EMOTION_SENTIMENT_NEUTRAL_INTENSITY>0.00479625538</EMOTION_SENTIMENT_NEUTRAL_INTENSITY>
  </DATA>
  <DATA>
    <TimeStamp>194053</TimeStamp>
    <NumFaces>1</NumFaces>
    <Pulse>61</Pulse>
    <EXPRESSION_BROW_RAISER_LEFT>0</EXPRESSION_BROW_RAISER_LEFT>
    <EXPRESSION_BROW_RAISER_RIGHT>0</EXPRESSION_BROW_RAISER_RIGHT>
    <EXPRESSION_BROW_LOWERER_LEFT>0</EXPRESSION_BROW_LOWERER_LEFT>
    <EXPRESSION_BROW_LOWERER_RIGHT>0</EXPRESSION_BROW_LOWERER_RIGHT>
    <EXPRESSION_SMILE>0</EXPRESSION_SMILE>
    <EXPRESSION_KISS>0</EXPRESSION_KISS>
    <EXPRESSION_MOUTH_OPEN>1</EXPRESSION_MOUTH_OPEN>
    <EXPRESSION_EYES_CLOSED_LEFT>0</EXPRESSION_EYES_CLOSED_LEFT>
    <EXPRESSION_EYES_CLOSED_RIGHT>0</EXPRESSION_EYES_CLOSED_RIGHT>
    <EXPRESSION_EYES_TURN_LEFT>0</EXPRESSION_EYES_TURN_LEFT>
    <EXPRESSION_EYES_TURN_RIGHT>0</EXPRESSION_EYES_TURN_RIGHT>
    <EXPRESSION_EYES_UP>0</EXPRESSION_EYES_UP>
    <EXPRESSION_EYES_DOWN>0</EXPRESSION_EYES_DOWN>
    <EMOTION_PRIMARY_ANGER_EVIDENCE>0</EMOTION_PRIMARY_ANGER_EVIDENCE>
    <EMOTION_PRIMARY_ANGER_INTENSITY>0.04286636</EMOTION_PRIMARY_ANGER_INTENSITY>
    <EMOTION_PRIMARY_CONTEMPT_EVIDENCE>0</EMOTION_PRIMARY_CONTEMPT_EVIDENCE>
    <EMOTION_PRIMARY_CONTEMPT_INTENSITY>0.0532896444</EMOTION_PRIMARY_CONTEMPT_INTENSITY>
    <EMOTION_PRIMARY_DISGUST_EVIDENCE>0</EMOTION_PRIMARY_DISGUST_EVIDENCE>
    <EMOTION_PRIMARY_DISGUST_INTENSITY>0.425493479</EMOTION_PRIMARY_DISGUST_INTENSITY>
    <EMOTION_PRIMARY_FEAR_EVIDENCE>0</EMOTION_PRIMARY_FEAR_EVIDENCE>
    <EMOTION_PRIMARY_FEAR_INTENSITY>0.2478036</EMOTION_PRIMARY_FEAR_INTENSITY>
    <EMOTION_PRIMARY_JOY_EVIDENCE>0</EMOTION_PRIMARY_JOY_EVIDENCE>
    <EMOTION_PRIMARY_JOY_INTENSITY>0.04113906</EMOTION_PRIMARY_JOY_INTENSITY>
    <EMOTION_PRIMARY_SADNESS_EVIDENCE>-1</EMOTION_PRIMARY_SADNESS_EVIDENCE>
    <EMOTION_PRIMARY_SADNESS_INTENSITY>0.00101782929</EMOTION_PRIMARY_SADNESS_INTENSITY>
    <EMOTION_PRIMARY_SURPRISE_EVIDENCE>-1</EMOTION_PRIMARY_SURPRISE_EVIDENCE>
    <EMOTION_PRIMARY_SURPRISE_INTENSITY>0.008698512</EMOTION_PRIMARY_SURPRISE_INTENSITY>
    <EMOTION_SENTIMENT_NEGATIVE_EVIDENCE>2</EMOTION_SENTIMENT_NEGATIVE_EVIDENCE>
    <EMOTION_SENTIMENT_NEGATIVE_INTENSITY>0.919416964</EMOTION_SENTIMENT_NEGATIVE_INTENSITY>
    <EMOTION_SENTIMENT_POSITIVE_EVIDENCE>0</EMOTION_SENTIMENT_POSITIVE_EVIDENCE>
    <EMOTION_SENTIMENT_POSITIVE_INTENSITY>0.0872712657</EMOTION_SENTIMENT_POSITIVE_INTENSITY>
    <EMOTION_SENTIMENT_NEUTRAL_EVIDENCE>-1</EMOTION_SENTIMENT_NEUTRAL_EVIDENCE>
    <EMOTION_SENTIMENT_NEUTRAL_INTENSITY>0.0361153074</EMOTION_SENTIMENT_NEUTRAL_INTENSITY>
  </DATA>
  <DATA>
    <TimeStamp>194253</TimeStamp>
    <NumFaces>1</NumFaces>
    <Pulse>61</Pulse>
    <EXPRESSION_BROW_RAISER_LEFT>0</EXPRESSION_BROW_RAISER_LEFT>
    <EXPRESSION_BROW_RAISER_RIGHT>0</EXPRESSION_BROW_RAISER_RIGHT>
    <EXPRESSION_BROW_LOWERER_LEFT>0</EXPRESSION_BROW_LOWERER_LEFT>
    <EXPRESSION_BROW_LOWERER_RIGHT>0</EXPRESSION_BROW_LOWERER_RIGHT>
    <EXPRESSION_SMILE>0</EXPRESSION_SMILE>
    <EXPRESSION_KISS>0</EXPRESSION_KISS>
    <EXPRESSION_MOUTH_OPEN>1</EXPRESSION_MOUTH_OPEN>
    <EXPRESSION_EYES_CLOSED_LEFT>0</EXPRESSION_EYES_CLOSED_LEFT>
    <EXPRESSION_EYES_CLOSED_RIGHT>0</EXPRESSION_EYES_CLOSED_RIGHT>
    <EXPRESSION_EYES_TURN_LEFT>100</EXPRESSION_EYES_TURN_LEFT>
    <EXPRESSION_EYES_TURN_RIGHT>0</EXPRESSION_EYES_TURN_RIGHT>
    <EXPRESSION_EYES_UP>0</EXPRESSION_EYES_UP>
    <EXPRESSION_EYES_DOWN>0</EXPRESSION_EYES_DOWN>
    <EMOTION_PRIMARY_ANGER_EVIDENCE>0</EMOTION_PRIMARY_ANGER_EVIDENCE>
    <EMOTION_PRIMARY_ANGER_INTENSITY>0.0181729235</EMOTION_PRIMARY_ANGER_INTENSITY>
    <EMOTION_PRIMARY_CONTEMPT_EVIDENCE>0</EMOTION_PRIMARY_CONTEMPT_EVIDENCE>
    <EMOTION_PRIMARY_CONTEMPT_INTENSITY>0.277824134</EMOTION_PRIMARY_CONTEMPT_INTENSITY>
    <EMOTION_PRIMARY_DISGUST_EVIDENCE>0</EMOTION_PRIMARY_DISGUST_EVIDENCE>
    <EMOTION_PRIMARY_DISGUST_INTENSITY>0.0598987155</EMOTION_PRIMARY_DISGUST_INTENSITY>
    <EMOTION_PRIMARY_FEAR_EVIDENCE>0</EMOTION_PRIMARY_FEAR_EVIDENCE>
    <EMOTION_PRIMARY_FEAR_INTENSITY>0.379311383</EMOTION_PRIMARY_FEAR_INTENSITY>
    <EMOTION_PRIMARY_JOY_EVIDENCE>0</EMOTION_PRIMARY_JOY_EVIDENCE>
    <EMOTION_PRIMARY_JOY_INTENSITY>0.0941757</EMOTION_PRIMARY_JOY_INTENSITY>
    <EMOTION_PRIMARY_SADNESS_EVIDENCE>-1</EMOTION_PRIMARY_SADNESS_EVIDENCE>
    <EMOTION_PRIMARY_SADNESS_INTENSITY>0.000913307362</EMOTION_PRIMARY_SADNESS_INTENSITY>
    <EMOTION_PRIMARY_SURPRISE_EVIDENCE>-1</EMOTION_PRIMARY_SURPRISE_EVIDENCE>
    <EMOTION_PRIMARY_SURPRISE_INTENSITY>0.00493124127</EMOTION_PRIMARY_SURPRISE_INTENSITY>
    <EMOTION_SENTIMENT_NEGATIVE_EVIDENCE>1</EMOTION_SENTIMENT_NEGATIVE_EVIDENCE>
    <EMOTION_SENTIMENT_NEGATIVE_INTENSITY>0.745887637</EMOTION_SENTIMENT_NEGATIVE_INTENSITY>
    <EMOTION_SENTIMENT_POSITIVE_EVIDENCE>0</EMOTION_SENTIMENT_POSITIVE_EVIDENCE>
    <EMOTION_SENTIMENT_POSITIVE_INTENSITY>0.1419639</EMOTION_SENTIMENT_POSITIVE_INTENSITY>
    <EMOTION_SENTIMENT_NEUTRAL_EVIDENCE>-1</EMOTION_SENTIMENT_NEUTRAL_EVIDENCE>
    <EMOTION_SENTIMENT_NEUTRAL_INTENSITY>0.02017533</EMOTION_SENTIMENT_NEUTRAL_INTENSITY>
  </DATA>
  <DATA>
    <TimeStamp>194454</TimeStamp>
    <NumFaces>1</NumFaces>
    <Pulse>61</Pulse>
    <EXPRESSION_BROW_RAISER_LEFT>0</EXPRESSION_BROW_RAISER_LEFT>
    <EXPRESSION_BROW_RAISER_RIGHT>0</EXPRESSION_BROW_RAISER_RIGHT>
    <EXPRESSION_BROW_LOWERER_LEFT>0</EXPRESSION_BROW_LOWERER_LEFT>
    <EXPRESSION_BROW_LOWERER_RIGHT>0</EXPRESSION_BROW_LOWERER_RIGHT>
    <EXPRESSION_SMILE>0</EXPRESSION_SMILE>
    <EXPRESSION_KISS>0</EXPRESSION_KISS>
    <EXPRESSION_MOUTH_OPEN>1</EXPRESSION_MOUTH_OPEN>
    <EXPRESSION_EYES_CLOSED_LEFT>0</EXPRESSION_EYES_CLOSED_LEFT>
    <EXPRESSION_EYES_CLOSED_RIGHT>0</EXPRESSION_EYES_CLOSED_RIGHT>
    <EXPRESSION_EYES_TURN_LEFT>100</EXPRESSION_EYES_TURN_LEFT>
    <EXPRESSION_EYES_TURN_RIGHT>0</EXPRESSION_EYES_TURN_RIGHT>
    <EXPRESSION_EYES_UP>0</EXPRESSION_EYES_UP>
    <EXPRESSION_EYES_DOWN>0</EXPRESSION_EYES_DOWN>
    <EMOTION_PRIMARY_ANGER_EVIDENCE>-1</EMOTION_PRIMARY_ANGER_EVIDENCE>
    <EMOTION_PRIMARY_ANGER_INTENSITY>0.00831996</EMOTION_PRIMARY_ANGER_INTENSITY>
    <EMOTION_PRIMARY_CONTEMPT_EVIDENCE>0</EMOTION_PRIMARY_CONTEMPT_EVIDENCE>
    <EMOTION_PRIMARY_CONTEMPT_INTENSITY>0.241893068</EMOTION_PRIMARY_CONTEMPT_INTENSITY>
    <EMOTION_PRIMARY_DISGUST_EVIDENCE>0</EMOTION_PRIMARY_DISGUST_EVIDENCE>
    <EMOTION_PRIMARY_DISGUST_INTENSITY>0.04414851</EMOTION_PRIMARY_DISGUST_INTENSITY>
    <EMOTION_PRIMARY_FEAR_EVIDENCE>0</EMOTION_PRIMARY_FEAR_EVIDENCE>
    <EMOTION_PRIMARY_FEAR_INTENSITY>0.4417718</EMOTION_PRIMARY_FEAR_INTENSITY>
    <EMOTION_PRIMARY_JOY_EVIDENCE>0</EMOTION_PRIMARY_JOY_EVIDENCE>
    <EMOTION_PRIMARY_JOY_INTENSITY>0.105173811</EMOTION_PRIMARY_JOY_INTENSITY>
    <EMOTION_PRIMARY_SADNESS_EVIDENCE>-1</EMOTION_PRIMARY_SADNESS_EVIDENCE>
    <EMOTION_PRIMARY_SADNESS_INTENSITY>0.0008700015</EMOTION_PRIMARY_SADNESS_INTENSITY>
    <EMOTION_PRIMARY_SURPRISE_EVIDENCE>-1</EMOTION_PRIMARY_SURPRISE_EVIDENCE>
    <EMOTION_PRIMARY_SURPRISE_INTENSITY>0.00242066826</EMOTION_PRIMARY_SURPRISE_INTENSITY>
    <EMOTION_SENTIMENT_NEGATIVE_EVIDENCE>1</EMOTION_SENTIMENT_NEGATIVE_EVIDENCE>
    <EMOTION_SENTIMENT_NEGATIVE_INTENSITY>0.562307835</EMOTION_SENTIMENT_NEGATIVE_INTENSITY>
    <EMOTION_SENTIMENT_POSITIVE_EVIDENCE>0</EMOTION_SENTIMENT_POSITIVE_EVIDENCE>
    <EMOTION_SENTIMENT_POSITIVE_INTENSITY>0.164590508</EMOTION_SENTIMENT_POSITIVE_INTENSITY>
    <EMOTION_SENTIMENT_NEUTRAL_EVIDENCE>-1</EMOTION_SENTIMENT_NEUTRAL_EVIDENCE>
    <EMOTION_SENTIMENT_NEUTRAL_INTENSITY>0.0540751666</EMOTION_SENTIMENT_NEUTRAL_INTENSITY>
  </DATA>
  <DATA>
    <TimeStamp>194654</TimeStamp>
    <NumFaces>1</NumFaces>
    <Pulse>61</Pulse>
    <EXPRESSION_BROW_RAISER_LEFT>0</EXPRESSION_BROW_RAISER_LEFT>
    <EXPRESSION_BROW_RAISER_RIGHT>0</EXPRESSION_BROW_RAISER_RIGHT>
    <EXPRESSION_BROW_LOWERER_LEFT>0</EXPRESSION_BROW_LOWERER_LEFT>
    <EXPRESSION_BROW_LOWERER_RIGHT>0</EXPRESSION_BROW_LOWERER_RIGHT>
    <EXPRESSION_SMILE>0</EXPRESSION_SMILE>
    <EXPRESSION_KISS>0</EXPRESSION_KISS>
    <EXPRESSION_MOUTH_OPEN>1</EXPRESSION_MOUTH_OPEN>
    <EXPRESSION_EYES_CLOSED_LEFT>0</EXPRESSION_EYES_CLOSED_LEFT>
    <EXPRESSION_EYES_CLOSED_RIGHT>0</EXPRESSION_EYES_CLOSED_RIGHT>
    <EXPRESSION_EYES_TURN_LEFT>100</EXPRESSION_EYES_TURN_LEFT>
    <EXPRESSION_EYES_TURN_RIGHT>0</EXPRESSION_EYES_TURN_RIGHT>
    <EXPRESSION_EYES_UP>0</EXPRESSION_EYES_UP>
    <EXPRESSION_EYES_DOWN>0</EXPRESSION_EYES_DOWN>
    <EMOTION_PRIMARY_ANGER_EVIDENCE>-1</EMOTION_PRIMARY_ANGER_EVIDENCE>
    <EMOTION_PRIMARY_ANGER_INTENSITY>0.0106234755</EMOTION_PRIMARY_ANGER_INTENSITY>
    <EMOTION_PRIMARY_CONTEMPT_EVIDENCE>0</EMOTION_PRIMARY_CONTEMPT_EVIDENCE>
    <EMOTION_PRIMARY_CONTEMPT_INTENSITY>0.0843553</EMOTION_PRIMARY_CONTEMPT_INTENSITY>
    <EMOTION_PRIMARY_DISGUST_EVIDENCE>0</EMOTION_PRIMARY_DISGUST_EVIDENCE>
    <EMOTION_PRIMARY_DISGUST_INTENSITY>0.0640926</EMOTION_PRIMARY_DISGUST_INTENSITY>
    <EMOTION_PRIMARY_FEAR_EVIDENCE>0</EMOTION_PRIMARY_FEAR_EVIDENCE>
    <EMOTION_PRIMARY_FEAR_INTENSITY>0.30700922</EMOTION_PRIMARY_FEAR_INTENSITY>
    <EMOTION_PRIMARY_JOY_EVIDENCE>0</EMOTION_PRIMARY_JOY_EVIDENCE>
    <EMOTION_PRIMARY_JOY_INTENSITY>0.149909243</EMOTION_PRIMARY_JOY_INTENSITY>
    <EMOTION_PRIMARY_SADNESS_EVIDENCE>-1</EMOTION_PRIMARY_SADNESS_EVIDENCE>
    <EMOTION_PRIMARY_SADNESS_INTENSITY>0.0009899952</EMOTION_PRIMARY_SADNESS_INTENSITY>
    <EMOTION_PRIMARY_SURPRISE_EVIDENCE>-1</EMOTION_PRIMARY_SURPRISE_EVIDENCE>
    <EMOTION_PRIMARY_SURPRISE_INTENSITY>0.00238125212</EMOTION_PRIMARY_SURPRISE_INTENSITY>
    <EMOTION_SENTIMENT_NEGATIVE_EVIDENCE>1</EMOTION_SENTIMENT_NEGATIVE_EVIDENCE>
    <EMOTION_SENTIMENT_NEGATIVE_INTENSITY>0.6529831</EMOTION_SENTIMENT_NEGATIVE_INTENSITY>
    <EMOTION_SENTIMENT_POSITIVE_EVIDENCE>0</EMOTION_SENTIMENT_POSITIVE_EVIDENCE>
    <EMOTION_SENTIMENT_POSITIVE_INTENSITY>0.198015139</EMOTION_SENTIMENT_POSITIVE_INTENSITY>
    <EMOTION_SENTIMENT_NEUTRAL_EVIDENCE>-1</EMOTION_SENTIMENT_NEUTRAL_EVIDENCE>
    <EMOTION_SENTIMENT_NEUTRAL_INTENSITY>0.029342914</EMOTION_SENTIMENT_NEUTRAL_INTENSITY>
  </DATA>
  <DATA>
    <TimeStamp>194854</TimeStamp>
    <NumFaces>1</NumFaces>
    <Pulse>61</Pulse>
    <EXPRESSION_BROW_RAISER_LEFT>0</EXPRESSION_BROW_RAISER_LEFT>
    <EXPRESSION_BROW_RAISER_RIGHT>0</EXPRESSION_BROW_RAISER_RIGHT>
    <EXPRESSION_BROW_LOWERER_LEFT>0</EXPRESSION_BROW_LOWERER_LEFT>
    <EXPRESSION_BROW_LOWERER_RIGHT>0</EXPRESSION_BROW_LOWERER_RIGHT>
    <EXPRESSION_SMILE>0</EXPRESSION_SMILE>
    <EXPRESSION_KISS>0</EXPRESSION_KISS>
    <EXPRESSION_MOUTH_OPEN>1</EXPRESSION_MOUTH_OPEN>
    <EXPRESSION_EYES_CLOSED_LEFT>0</EXPRESSION_EYES_CLOSED_LEFT>
    <EXPRESSION_EYES_CLOSED_RIGHT>0</EXPRESSION_EYES_CLOSED_RIGHT>
    <EXPRESSION_EYES_TURN_LEFT>0</EXPRESSION_EYES_TURN_LEFT>
    <EXPRESSION_EYES_TURN_RIGHT>0</EXPRESSION_EYES_TURN_RIGHT>
    <EXPRESSION_EYES_UP>0</EXPRESSION_EYES_UP>
    <EXPRESSION_EYES_DOWN>0</EXPRESSION_EYES_DOWN>
    <EMOTION_PRIMARY_ANGER_EVIDENCE>0</EMOTION_PRIMARY_ANGER_EVIDENCE>
    <EMOTION_PRIMARY_ANGER_INTENSITY>0.01538259</EMOTION_PRIMARY_ANGER_INTENSITY>
    <EMOTION_PRIMARY_CONTEMPT_EVIDENCE>0</EMOTION_PRIMARY_CONTEMPT_EVIDENCE>
    <EMOTION_PRIMARY_CONTEMPT_INTENSITY>0.09254989</EMOTION_PRIMARY_CONTEMPT_INTENSITY>
    <EMOTION_PRIMARY_DISGUST_EVIDENCE>0</EMOTION_PRIMARY_DISGUST_EVIDENCE>
    <EMOTION_PRIMARY_DISGUST_INTENSITY>0.0700666755</EMOTION_PRIMARY_DISGUST_INTENSITY>
    <EMOTION_PRIMARY_FEAR_EVIDENCE>0</EMOTION_PRIMARY_FEAR_EVIDENCE>
    <EMOTION_PRIMARY_FEAR_INTENSITY>0.453587085</EMOTION_PRIMARY_FEAR_INTENSITY>
    <EMOTION_PRIMARY_JOY_EVIDENCE>0</EMOTION_PRIMARY_JOY_EVIDENCE>
    <EMOTION_PRIMARY_JOY_INTENSITY>0.0995447</EMOTION_PRIMARY_JOY_INTENSITY>
    <EMOTION_PRIMARY_SADNESS_EVIDENCE>-1</EMOTION_PRIMARY_SADNESS_EVIDENCE>
    <EMOTION_PRIMARY_SADNESS_INTENSITY>0.0007985563</EMOTION_PRIMARY_SADNESS_INTENSITY>
    <EMOTION_PRIMARY_SURPRISE_EVIDENCE>-1</EMOTION_PRIMARY_SURPRISE_EVIDENCE>
    <EMOTION_PRIMARY_SURPRISE_INTENSITY>0.004541815</EMOTION_PRIMARY_SURPRISE_INTENSITY>
    <EMOTION_SENTIMENT_NEGATIVE_EVIDENCE>1</EMOTION_SENTIMENT_NEGATIVE_EVIDENCE>
    <EMOTION_SENTIMENT_NEGATIVE_INTENSITY>0.5545214</EMOTION_SENTIMENT_NEGATIVE_INTENSITY>
    <EMOTION_SENTIMENT_POSITIVE_EVIDENCE>0</EMOTION_SENTIMENT_POSITIVE_EVIDENCE>
    <EMOTION_SENTIMENT_POSITIVE_INTENSITY>0.16123867</EMOTION_SENTIMENT_POSITIVE_INTENSITY>
    <EMOTION_SENTIMENT_NEUTRAL_EVIDENCE>-1</EMOTION_SENTIMENT_NEUTRAL_EVIDENCE>
    <EMOTION_SENTIMENT_NEUTRAL_INTENSITY>0.0729992539</EMOTION_SENTIMENT_NEUTRAL_INTENSITY>
  </DATA>
  <DATA>
    <TimeStamp>195056</TimeStamp>
    <NumFaces>1</NumFaces>
    <Pulse>61</Pulse>
    <EXPRESSION_BROW_RAISER_LEFT>0</EXPRESSION_BROW_RAISER_LEFT>
    <EXPRESSION_BROW_RAISER_RIGHT>0</EXPRESSION_BROW_RAISER_RIGHT>
    <EXPRESSION_BROW_LOWERER_LEFT>0</EXPRESSION_BROW_LOWERER_LEFT>
    <EXPRESSION_BROW_LOWERER_RIGHT>0</EXPRESSION_BROW_LOWERER_RIGHT>
    <EXPRESSION_SMILE>0</EXPRESSION_SMILE>
    <EXPRESSION_KISS>0</EXPRESSION_KISS>
    <EXPRESSION_MOUTH_OPEN>1</EXPRESSION_MOUTH_OPEN>
    <EXPRESSION_EYES_CLOSED_LEFT>0</EXPRESSION_EYES_CLOSED_LEFT>
    <EXPRESSION_EYES_CLOSED_RIGHT>0</EXPRESSION_EYES_CLOSED_RIGHT>
    <EXPRESSION_EYES_TURN_LEFT>0</EXPRESSION_EYES_TURN_LEFT>
    <EXPRESSION_EYES_TURN_RIGHT>0</EXPRESSION_EYES_TURN_RIGHT>
    <EXPRESSION_EYES_UP>0</EXPRESSION_EYES_UP>
    <EXPRESSION_EYES_DOWN>0</EXPRESSION_EYES_DOWN>
    <EMOTION_PRIMARY_ANGER_EVIDENCE>-1</EMOTION_PRIMARY_ANGER_EVIDENCE>
    <EMOTION_PRIMARY_ANGER_INTENSITY>0.0104606235</EMOTION_PRIMARY_ANGER_INTENSITY>
    <EMOTION_PRIMARY_CONTEMPT_EVIDENCE>0</EMOTION_PRIMARY_CONTEMPT_EVIDENCE>
    <EMOTION_PRIMARY_CONTEMPT_INTENSITY>0.06683778</EMOTION_PRIMARY_CONTEMPT_INTENSITY>
    <EMOTION_PRIMARY_DISGUST_EVIDENCE>0</EMOTION_PRIMARY_DISGUST_EVIDENCE>
    <EMOTION_PRIMARY_DISGUST_INTENSITY>0.116565071</EMOTION_PRIMARY_DISGUST_INTENSITY>
    <EMOTION_PRIMARY_FEAR_EVIDENCE>0</EMOTION_PRIMARY_FEAR_EVIDENCE>
    <EMOTION_PRIMARY_FEAR_INTENSITY>0.5721247</EMOTION_PRIMARY_FEAR_INTENSITY>
    <EMOTION_PRIMARY_JOY_EVIDENCE>0</EMOTION_PRIMARY_JOY_EVIDENCE>
    <EMOTION_PRIMARY_JOY_INTENSITY>0.07937272</EMOTION_PRIMARY_JOY_INTENSITY>
    <EMOTION_PRIMARY_SADNESS_EVIDENCE>-1</EMOTION_PRIMARY_SADNESS_EVIDENCE>
    <EMOTION_PRIMARY_SADNESS_INTENSITY>0.00102473574</EMOTION_PRIMARY_SADNESS_INTENSITY>
    <EMOTION_PRIMARY_SURPRISE_EVIDENCE>-1</EMOTION_PRIMARY_SURPRISE_EVIDENCE>
    <EMOTION_PRIMARY_SURPRISE_INTENSITY>0.0051971</EMOTION_PRIMARY_SURPRISE_INTENSITY>
    <EMOTION_SENTIMENT_NEGATIVE_EVIDENCE>1</EMOTION_SENTIMENT_NEGATIVE_EVIDENCE>
    <EMOTION_SENTIMENT_NEGATIVE_INTENSITY>0.7039159</EMOTION_SENTIMENT_NEGATIVE_INTENSITY>
    <EMOTION_SENTIMENT_POSITIVE_EVIDENCE>0</EMOTION_SENTIMENT_POSITIVE_EVIDENCE>
    <EMOTION_SENTIMENT_POSITIVE_INTENSITY>0.134958491</EMOTION_SENTIMENT_POSITIVE_INTENSITY>
    <EMOTION_SENTIMENT_NEUTRAL_EVIDENCE>-1</EMOTION_SENTIMENT_NEUTRAL_EVIDENCE>
    <EMOTION_SENTIMENT_NEUTRAL_INTENSITY>0.0467403457</EMOTION_SENTIMENT_NEUTRAL_INTENSITY>
  </DATA>
  <DATA>
    <TimeStamp>195256</TimeStamp>
    <NumFaces>1</NumFaces>
    <Pulse>61</Pulse>
    <EXPRESSION_BROW_RAISER_LEFT>0</EXPRESSION_BROW_RAISER_LEFT>
    <EXPRESSION_BROW_RAISER_RIGHT>0</EXPRESSION_BROW_RAISER_RIGHT>
    <EXPRESSION_BROW_LOWERER_LEFT>0</EXPRESSION_BROW_LOWERER_LEFT>
    <EXPRESSION_BROW_LOWERER_RIGHT>0</EXPRESSION_BROW_LOWERER_RIGHT>
    <EXPRESSION_SMILE>0</EXPRESSION_SMILE>
    <EXPRESSION_KISS>0</EXPRESSION_KISS>
    <EXPRESSION_MOUTH_OPEN>1</EXPRESSION_MOUTH_OPEN>
    <EXPRESSION_EYES_CLOSED_LEFT>0</EXPRESSION_EYES_CLOSED_LEFT>
    <EXPRESSION_EYES_CLOSED_RIGHT>0</EXPRESSION_EYES_CLOSED_RIGHT>
    <EXPRESSION_EYES_TURN_LEFT>0</EXPRESSION_EYES_TURN_LEFT>
    <EXPRESSION_EYES_TURN_RIGHT>0</EXPRESSION_EYES_TURN_RIGHT>
    <EXPRESSION_EYES_UP>0</EXPRESSION_EYES_UP>
    <EXPRESSION_EYES_DOWN>0</EXPRESSION_EYES_DOWN>
    <EMOTION_PRIMARY_ANGER_EVIDENCE>-1</EMOTION_PRIMARY_ANGER_EVIDENCE>
    <EMOTION_PRIMARY_ANGER_INTENSITY>0.008467896</EMOTION_PRIMARY_ANGER_INTENSITY>
    <EMOTION_PRIMARY_CONTEMPT_EVIDENCE>0</EMOTION_PRIMARY_CONTEMPT_EVIDENCE>
    <EMOTION_PRIMARY_CONTEMPT_INTENSITY>0.05430768</EMOTION_PRIMARY_CONTEMPT_INTENSITY>
    <EMOTION_PRIMARY_DISGUST_EVIDENCE>0</EMOTION_PRIMARY_DISGUST_EVIDENCE>
    <EMOTION_PRIMARY_DISGUST_INTENSITY>0.108752578</EMOTION_PRIMARY_DISGUST_INTENSITY>
    <EMOTION_PRIMARY_FEAR_EVIDENCE>0</EMOTION_PRIMARY_FEAR_EVIDENCE>
    <EMOTION_PRIMARY_FEAR_INTENSITY>0.443583041</EMOTION_PRIMARY_FEAR_INTENSITY>
    <EMOTION_PRIMARY_JOY_EVIDENCE>0</EMOTION_PRIMARY_JOY_EVIDENCE>
    <EMOTION_PRIMARY_JOY_INTENSITY>0.100759879</EMOTION_PRIMARY_JOY_INTENSITY>
    <EMOTION_PRIMARY_SADNESS_EVIDENCE>-1</EMOTION_PRIMARY_SADNESS_EVIDENCE>
    <EMOTION_PRIMARY_SADNESS_INTENSITY>0.00141375116</EMOTION_PRIMARY_SADNESS_INTENSITY>
    <EMOTION_PRIMARY_SURPRISE_EVIDENCE>-1</EMOTION_PRIMARY_SURPRISE_EVIDENCE>
    <EMOTION_PRIMARY_SURPRISE_INTENSITY>0.003913216</EMOTION_PRIMARY_SURPRISE_INTENSITY>
    <EMOTION_SENTIMENT_NEGATIVE_EVIDENCE>1</EMOTION_SENTIMENT_NEGATIVE_EVIDENCE>
    <EMOTION_SENTIMENT_NEGATIVE_INTENSITY>0.6059027</EMOTION_SENTIMENT_NEGATIVE_INTENSITY>
    <EMOTION_SENTIMENT_POSITIVE_EVIDENCE>0</EMOTION_SENTIMENT_POSITIVE_EVIDENCE>
    <EMOTION_SENTIMENT_POSITIVE_INTENSITY>0.165324315</EMOTION_SENTIMENT_POSITIVE_INTENSITY>
    <EMOTION_SENTIMENT_NEUTRAL_EVIDENCE>-1</EMOTION_SENTIMENT_NEUTRAL_EVIDENCE>
    <EMOTION_SENTIMENT_NEUTRAL_INTENSITY>0.07245837</EMOTION_SENTIMENT_NEUTRAL_INTENSITY>
  </DATA>
  <DATA>
    <TimeStamp>195456</TimeStamp>
    <NumFaces>1</NumFaces>
    <Pulse>61</Pulse>
    <EXPRESSION_BROW_RAISER_LEFT>0</EXPRESSION_BROW_RAISER_LEFT>
    <EXPRESSION_BROW_RAISER_RIGHT>0</EXPRESSION_BROW_RAISER_RIGHT>
    <EXPRESSION_BROW_LOWERER_LEFT>0</EXPRESSION_BROW_LOWERER_LEFT>
    <EXPRESSION_BROW_LOWERER_RIGHT>0</EXPRESSION_BROW_LOWERER_RIGHT>
    <EXPRESSION_SMILE>0</EXPRESSION_SMILE>
    <EXPRESSION_KISS>0</EXPRESSION_KISS>
    <EXPRESSION_MOUTH_OPEN>1</EXPRESSION_MOUTH_OPEN>
    <EXPRESSION_EYES_CLOSED_LEFT>100</EXPRESSION_EYES_CLOSED_LEFT>
    <EXPRESSION_EYES_CLOSED_RIGHT>100</EXPRESSION_EYES_CLOSED_RIGHT>
    <EXPRESSION_EYES_TURN_LEFT>0</EXPRESSION_EYES_TURN_LEFT>
    <EXPRESSION_EYES_TURN_RIGHT>0</EXPRESSION_EYES_TURN_RIGHT>
    <EXPRESSION_EYES_UP>0</EXPRESSION_EYES_UP>
    <EXPRESSION_EYES_DOWN>0</EXPRESSION_EYES_DOWN>
    <EMOTION_PRIMARY_ANGER_EVIDENCE>-1</EMOTION_PRIMARY_ANGER_EVIDENCE>
    <EMOTION_PRIMARY_ANGER_INTENSITY>0.003678528</EMOTION_PRIMARY_ANGER_INTENSITY>
    <EMOTION_PRIMARY_CONTEMPT_EVIDENCE>0</EMOTION_PRIMARY_CONTEMPT_EVIDENCE>
    <EMOTION_PRIMARY_CONTEMPT_INTENSITY>0.247719288</EMOTION_PRIMARY_CONTEMPT_INTENSITY>
    <EMOTION_PRIMARY_DISGUST_EVIDENCE>0</EMOTION_PRIMARY_DISGUST_EVIDENCE>
    <EMOTION_PRIMARY_DISGUST_INTENSITY>0.195878178</EMOTION_PRIMARY_DISGUST_INTENSITY>
    <EMOTION_PRIMARY_FEAR_EVIDENCE>0</EMOTION_PRIMARY_FEAR_EVIDENCE>
    <EMOTION_PRIMARY_FEAR_INTENSITY>0.0429201573</EMOTION_PRIMARY_FEAR_INTENSITY>
    <EMOTION_PRIMARY_JOY_EVIDENCE>0</EMOTION_PRIMARY_JOY_EVIDENCE>
    <EMOTION_PRIMARY_JOY_INTENSITY>0.175799757</EMOTION_PRIMARY_JOY_INTENSITY>
    <EMOTION_PRIMARY_SADNESS_EVIDENCE>0</EMOTION_PRIMARY_SADNESS_EVIDENCE>
    <EMOTION_PRIMARY_SADNESS_INTENSITY>0.04600862</EMOTION_PRIMARY_SADNESS_INTENSITY>
    <EMOTION_PRIMARY_SURPRISE_EVIDENCE>-2</EMOTION_PRIMARY_SURPRISE_EVIDENCE>
    <EMOTION_PRIMARY_SURPRISE_INTENSITY>0.00147872255</EMOTION_PRIMARY_SURPRISE_INTENSITY>
    <EMOTION_SENTIMENT_NEGATIVE_EVIDENCE>1</EMOTION_SENTIMENT_NEGATIVE_EVIDENCE>
    <EMOTION_SENTIMENT_NEGATIVE_INTENSITY>0.764204562</EMOTION_SENTIMENT_NEGATIVE_INTENSITY>
    <EMOTION_SENTIMENT_POSITIVE_EVIDENCE>0</EMOTION_SENTIMENT_POSITIVE_EVIDENCE>
    <EMOTION_SENTIMENT_POSITIVE_INTENSITY>0.247596338</EMOTION_SENTIMENT_POSITIVE_INTENSITY>
    <EMOTION_SENTIMENT_NEUTRAL_EVIDENCE>-1</EMOTION_SENTIMENT_NEUTRAL_EVIDENCE>
    <EMOTION_SENTIMENT_NEUTRAL_INTENSITY>0.07047895</EMOTION_SENTIMENT_NEUTRAL_INTENSITY>
  </DATA>
  <DATA>
    <TimeStamp>195656</TimeStamp>
    <NumFaces>1</NumFaces>
    <Pulse>61</Pulse>
    <EXPRESSION_BROW_RAISER_LEFT>0</EXPRESSION_BROW_RAISER_LEFT>
    <EXPRESSION_BROW_RAISER_RIGHT>0</EXPRESSION_BROW_RAISER_RIGHT>
    <EXPRESSION_BROW_LOWERER_LEFT>0</EXPRESSION_BROW_LOWERER_LEFT>
    <EXPRESSION_BROW_LOWERER_RIGHT>0</EXPRESSION_BROW_LOWERER_RIGHT>
    <EXPRESSION_SMILE>0</EXPRESSION_SMILE>
    <EXPRESSION_KISS>0</EXPRESSION_KISS>
    <EXPRESSION_MOUTH_OPEN>1</EXPRESSION_MOUTH_OPEN>
    <EXPRESSION_EYES_CLOSED_LEFT>0</EXPRESSION_EYES_CLOSED_LEFT>
    <EXPRESSION_EYES_CLOSED_RIGHT>0</EXPRESSION_EYES_CLOSED_RIGHT>
    <EXPRESSION_EYES_TURN_LEFT>0</EXPRESSION_EYES_TURN_LEFT>
    <EXPRESSION_EYES_TURN_RIGHT>0</EXPRESSION_EYES_TURN_RIGHT>
    <EXPRESSION_EYES_UP>0</EXPRESSION_EYES_UP>
    <EXPRESSION_EYES_DOWN>0</EXPRESSION_EYES_DOWN>
    <EMOTION_PRIMARY_ANGER_EVIDENCE>-1</EMOTION_PRIMARY_ANGER_EVIDENCE>
    <EMOTION_PRIMARY_ANGER_INTENSITY>0.006938324</EMOTION_PRIMARY_ANGER_INTENSITY>
    <EMOTION_PRIMARY_CONTEMPT_EVIDENCE>0</EMOTION_PRIMARY_CONTEMPT_EVIDENCE>
    <EMOTION_PRIMARY_CONTEMPT_INTENSITY>0.170971</EMOTION_PRIMARY_CONTEMPT_INTENSITY>
    <EMOTION_PRIMARY_DISGUST_EVIDENCE>0</EMOTION_PRIMARY_DISGUST_EVIDENCE>
    <EMOTION_PRIMARY_DISGUST_INTENSITY>0.0555751</EMOTION_PRIMARY_DISGUST_INTENSITY>
    <EMOTION_PRIMARY_FEAR_EVIDENCE>0</EMOTION_PRIMARY_FEAR_EVIDENCE>
    <EMOTION_PRIMARY_FEAR_INTENSITY>0.226004452</EMOTION_PRIMARY_FEAR_INTENSITY>
    <EMOTION_PRIMARY_JOY_EVIDENCE>0</EMOTION_PRIMARY_JOY_EVIDENCE>
    <EMOTION_PRIMARY_JOY_INTENSITY>0.152400985</EMOTION_PRIMARY_JOY_INTENSITY>
    <EMOTION_PRIMARY_SADNESS_EVIDENCE>-1</EMOTION_PRIMARY_SADNESS_EVIDENCE>
    <EMOTION_PRIMARY_SADNESS_INTENSITY>0.00181984471</EMOTION_PRIMARY_SADNESS_INTENSITY>
    <EMOTION_PRIMARY_SURPRISE_EVIDENCE>-1</EMOTION_PRIMARY_SURPRISE_EVIDENCE>
    <EMOTION_PRIMARY_SURPRISE_INTENSITY>0.004793819</EMOTION_PRIMARY_SURPRISE_INTENSITY>
    <EMOTION_SENTIMENT_NEGATIVE_EVIDENCE>1</EMOTION_SENTIMENT_NEGATIVE_EVIDENCE>
    <EMOTION_SENTIMENT_NEGATIVE_INTENSITY>0.522493243</EMOTION_SENTIMENT_NEGATIVE_INTENSITY>
    <EMOTION_SENTIMENT_POSITIVE_EVIDENCE>0</EMOTION_SENTIMENT_POSITIVE_EVIDENCE>
    <EMOTION_SENTIMENT_POSITIVE_INTENSITY>0.220492914</EMOTION_SENTIMENT_POSITIVE_INTENSITY>
    <EMOTION_SENTIMENT_NEUTRAL_EVIDENCE>-1</EMOTION_SENTIMENT_NEUTRAL_EVIDENCE>
    <EMOTION_SENTIMENT_NEUTRAL_INTENSITY>0.0341362581</EMOTION_SENTIMENT_NEUTRAL_INTENSITY>
  </DATA>
  <DATA>
    <TimeStamp>195856</TimeStamp>
    <NumFaces>1</NumFaces>
    <Pulse>61</Pulse>
    <EXPRESSION_BROW_RAISER_LEFT>0</EXPRESSION_BROW_RAISER_LEFT>
    <EXPRESSION_BROW_RAISER_RIGHT>0</EXPRESSION_BROW_RAISER_RIGHT>
    <EXPRESSION_BROW_LOWERER_LEFT>0</EXPRESSION_BROW_LOWERER_LEFT>
    <EXPRESSION_BROW_LOWERER_RIGHT>0</EXPRESSION_BROW_LOWERER_RIGHT>
    <EXPRESSION_SMILE>0</EXPRESSION_SMILE>
    <EXPRESSION_KISS>0</EXPRESSION_KISS>
    <EXPRESSION_MOUTH_OPEN>1</EXPRESSION_MOUTH_OPEN>
    <EXPRESSION_EYES_CLOSED_LEFT>0</EXPRESSION_EYES_CLOSED_LEFT>
    <EXPRESSION_EYES_CLOSED_RIGHT>0</EXPRESSION_EYES_CLOSED_RIGHT>
    <EXPRESSION_EYES_TURN_LEFT>0</EXPRESSION_EYES_TURN_LEFT>
    <EXPRESSION_EYES_TURN_RIGHT>0</EXPRESSION_EYES_TURN_RIGHT>
    <EXPRESSION_EYES_UP>0</EXPRESSION_EYES_UP>
    <EXPRESSION_EYES_DOWN>0</EXPRESSION_EYES_DOWN>
    <EMOTION_PRIMARY_ANGER_EVIDENCE>-1</EMOTION_PRIMARY_ANGER_EVIDENCE>
    <EMOTION_PRIMARY_ANGER_INTENSITY>0.00634535355</EMOTION_PRIMARY_ANGER_INTENSITY>
    <EMOTION_PRIMARY_CONTEMPT_EVIDENCE>0</EMOTION_PRIMARY_CONTEMPT_EVIDENCE>
    <EMOTION_PRIMARY_CONTEMPT_INTENSITY>0.266391516</EMOTION_PRIMARY_CONTEMPT_INTENSITY>
    <EMOTION_PRIMARY_DISGUST_EVIDENCE>0</EMOTION_PRIMARY_DISGUST_EVIDENCE>
    <EMOTION_PRIMARY_DISGUST_INTENSITY>0.135633424</EMOTION_PRIMARY_DISGUST_INTENSITY>
    <EMOTION_PRIMARY_FEAR_EVIDENCE>0</EMOTION_PRIMARY_FEAR_EVIDENCE>
    <EMOTION_PRIMARY_FEAR_INTENSITY>0.2293455</EMOTION_PRIMARY_FEAR_INTENSITY>
    <EMOTION_PRIMARY_JOY_EVIDENCE>0</EMOTION_PRIMARY_JOY_EVIDENCE>
    <EMOTION_PRIMARY_JOY_INTENSITY>0.233081937</EMOTION_PRIMARY_JOY_INTENSITY>
    <EMOTION_PRIMARY_SADNESS_EVIDENCE>-1</EMOTION_PRIMARY_SADNESS_EVIDENCE>
    <EMOTION_PRIMARY_SADNESS_INTENSITY>0.0008393427</EMOTION_PRIMARY_SADNESS_INTENSITY>
    <EMOTION_PRIMARY_SURPRISE_EVIDENCE>-1</EMOTION_PRIMARY_SURPRISE_EVIDENCE>
    <EMOTION_PRIMARY_SURPRISE_INTENSITY>0.00284959353</EMOTION_PRIMARY_SURPRISE_INTENSITY>
    <EMOTION_SENTIMENT_NEGATIVE_EVIDENCE>1</EMOTION_SENTIMENT_NEGATIVE_EVIDENCE>
    <EMOTION_SENTIMENT_NEGATIVE_INTENSITY>0.7009884</EMOTION_SENTIMENT_NEGATIVE_INTENSITY>
    <EMOTION_SENTIMENT_POSITIVE_EVIDENCE>0</EMOTION_SENTIMENT_POSITIVE_EVIDENCE>
    <EMOTION_SENTIMENT_POSITIVE_INTENSITY>0.227367193</EMOTION_SENTIMENT_POSITIVE_INTENSITY>
    <EMOTION_SENTIMENT_NEUTRAL_EVIDENCE>-1</EMOTION_SENTIMENT_NEUTRAL_EVIDENCE>
    <EMOTION_SENTIMENT_NEUTRAL_INTENSITY>0.0212973412</EMOTION_SENTIMENT_NEUTRAL_INTENSITY>
  </DATA>
  <DATA>
    <TimeStamp>196056</TimeStamp>
    <NumFaces>1</NumFaces>
    <Pulse>61</Pulse>
    <EXPRESSION_BROW_RAISER_LEFT>0</EXPRESSION_BROW_RAISER_LEFT>
    <EXPRESSION_BROW_RAISER_RIGHT>0</EXPRESSION_BROW_RAISER_RIGHT>
    <EXPRESSION_BROW_LOWERER_LEFT>0</EXPRESSION_BROW_LOWERER_LEFT>
    <EXPRESSION_BROW_LOWERER_RIGHT>0</EXPRESSION_BROW_LOWERER_RIGHT>
    <EXPRESSION_SMILE>0</EXPRESSION_SMILE>
    <EXPRESSION_KISS>0</EXPRESSION_KISS>
    <EXPRESSION_MOUTH_OPEN>1</EXPRESSION_MOUTH_OPEN>
    <EXPRESSION_EYES_CLOSED_LEFT>0</EXPRESSION_EYES_CLOSED_LEFT>
    <EXPRESSION_EYES_CLOSED_RIGHT>0</EXPRESSION_EYES_CLOSED_RIGHT>
    <EXPRESSION_EYES_TURN_LEFT>0</EXPRESSION_EYES_TURN_LEFT>
    <EXPRESSION_EYES_TURN_RIGHT>0</EXPRESSION_EYES_TURN_RIGHT>
    <EXPRESSION_EYES_UP>0</EXPRESSION_EYES_UP>
    <EXPRESSION_EYES_DOWN>0</EXPRESSION_EYES_DOWN>
    <EMOTION_PRIMARY_ANGER_EVIDENCE>-1</EMOTION_PRIMARY_ANGER_EVIDENCE>
    <EMOTION_PRIMARY_ANGER_INTENSITY>0.00284252968</EMOTION_PRIMARY_ANGER_INTENSITY>
    <EMOTION_PRIMARY_CONTEMPT_EVIDENCE>0</EMOTION_PRIMARY_CONTEMPT_EVIDENCE>
    <EMOTION_PRIMARY_CONTEMPT_INTENSITY>0.402973652</EMOTION_PRIMARY_CONTEMPT_INTENSITY>
    <EMOTION_PRIMARY_DISGUST_EVIDENCE>0</EMOTION_PRIMARY_DISGUST_EVIDENCE>
    <EMOTION_PRIMARY_DISGUST_INTENSITY>0.07772652</EMOTION_PRIMARY_DISGUST_INTENSITY>
    <EMOTION_PRIMARY_FEAR_EVIDENCE>0</EMOTION_PRIMARY_FEAR_EVIDENCE>
    <EMOTION_PRIMARY_FEAR_INTENSITY>0.384325236</EMOTION_PRIMARY_FEAR_INTENSITY>
    <EMOTION_PRIMARY_JOY_EVIDENCE>0</EMOTION_PRIMARY_JOY_EVIDENCE>
    <EMOTION_PRIMARY_JOY_INTENSITY>0.4421081</EMOTION_PRIMARY_JOY_INTENSITY>
    <EMOTION_PRIMARY_SADNESS_EVIDENCE>-1</EMOTION_PRIMARY_SADNESS_EVIDENCE>
    <EMOTION_PRIMARY_SADNESS_INTENSITY>0.000396731746</EMOTION_PRIMARY_SADNESS_INTENSITY>
    <EMOTION_PRIMARY_SURPRISE_EVIDENCE>-1</EMOTION_PRIMARY_SURPRISE_EVIDENCE>
    <EMOTION_PRIMARY_SURPRISE_INTENSITY>0.00452154456</EMOTION_PRIMARY_SURPRISE_INTENSITY>
    <EMOTION_SENTIMENT_NEGATIVE_EVIDENCE>1</EMOTION_SENTIMENT_NEGATIVE_EVIDENCE>
    <EMOTION_SENTIMENT_NEGATIVE_INTENSITY>0.572100163</EMOTION_SENTIMENT_NEGATIVE_INTENSITY>
    <EMOTION_SENTIMENT_POSITIVE_EVIDENCE>0</EMOTION_SENTIMENT_POSITIVE_EVIDENCE>
    <EMOTION_SENTIMENT_POSITIVE_INTENSITY>0.335062146</EMOTION_SENTIMENT_POSITIVE_INTENSITY>
    <EMOTION_SENTIMENT_NEUTRAL_EVIDENCE>-2</EMOTION_SENTIMENT_NEUTRAL_EVIDENCE>
    <EMOTION_SENTIMENT_NEUTRAL_INTENSITY>0.0073280856</EMOTION_SENTIMENT_NEUTRAL_INTENSITY>
  </DATA>
  <DATA>
    <TimeStamp>196256</TimeStamp>
    <NumFaces>1</NumFaces>
    <Pulse>61</Pulse>
    <EXPRESSION_BROW_RAISER_LEFT>0</EXPRESSION_BROW_RAISER_LEFT>
    <EXPRESSION_BROW_RAISER_RIGHT>0</EXPRESSION_BROW_RAISER_RIGHT>
    <EXPRESSION_BROW_LOWERER_LEFT>0</EXPRESSION_BROW_LOWERER_LEFT>
    <EXPRESSION_BROW_LOWERER_RIGHT>0</EXPRESSION_BROW_LOWERER_RIGHT>
    <EXPRESSION_SMILE>0</EXPRESSION_SMILE>
    <EXPRESSION_KISS>0</EXPRESSION_KISS>
    <EXPRESSION_MOUTH_OPEN>1</EXPRESSION_MOUTH_OPEN>
    <EXPRESSION_EYES_CLOSED_LEFT>0</EXPRESSION_EYES_CLOSED_LEFT>
    <EXPRESSION_EYES_CLOSED_RIGHT>0</EXPRESSION_EYES_CLOSED_RIGHT>
    <EXPRESSION_EYES_TURN_LEFT>0</EXPRESSION_EYES_TURN_LEFT>
    <EXPRESSION_EYES_TURN_RIGHT>0</EXPRESSION_EYES_TURN_RIGHT>
    <EXPRESSION_EYES_UP>0</EXPRESSION_EYES_UP>
    <EXPRESSION_EYES_DOWN>0</EXPRESSION_EYES_DOWN>
    <EMOTION_PRIMARY_ANGER_EVIDENCE>-1</EMOTION_PRIMARY_ANGER_EVIDENCE>
    <EMOTION_PRIMARY_ANGER_INTENSITY>0.006224988</EMOTION_PRIMARY_ANGER_INTENSITY>
    <EMOTION_PRIMARY_CONTEMPT_EVIDENCE>0</EMOTION_PRIMARY_CONTEMPT_EVIDENCE>
    <EMOTION_PRIMARY_CONTEMPT_INTENSITY>0.3665201</EMOTION_PRIMARY_CONTEMPT_INTENSITY>
    <EMOTION_PRIMARY_DISGUST_EVIDENCE>0</EMOTION_PRIMARY_DISGUST_EVIDENCE>
    <EMOTION_PRIMARY_DISGUST_INTENSITY>0.0760801062</EMOTION_PRIMARY_DISGUST_INTENSITY>
    <EMOTION_PRIMARY_FEAR_EVIDENCE>0</EMOTION_PRIMARY_FEAR_EVIDENCE>
    <EMOTION_PRIMARY_FEAR_INTENSITY>0.190631568</EMOTION_PRIMARY_FEAR_INTENSITY>
    <EMOTION_PRIMARY_JOY_EVIDENCE>0</EMOTION_PRIMARY_JOY_EVIDENCE>
    <EMOTION_PRIMARY_JOY_INTENSITY>0.399811119</EMOTION_PRIMARY_JOY_INTENSITY>
    <EMOTION_PRIMARY_SADNESS_EVIDENCE>-1</EMOTION_PRIMARY_SADNESS_EVIDENCE>
    <EMOTION_PRIMARY_SADNESS_INTENSITY>0.000297664577</EMOTION_PRIMARY_SADNESS_INTENSITY>
    <EMOTION_PRIMARY_SURPRISE_EVIDENCE>-1</EMOTION_PRIMARY_SURPRISE_EVIDENCE>
    <EMOTION_PRIMARY_SURPRISE_INTENSITY>0.0038002478</EMOTION_PRIMARY_SURPRISE_INTENSITY>
    <EMOTION_SENTIMENT_NEGATIVE_EVIDENCE>1</EMOTION_SENTIMENT_NEGATIVE_EVIDENCE>
    <EMOTION_SENTIMENT_NEGATIVE_INTENSITY>0.6784207</EMOTION_SENTIMENT_NEGATIVE_INTENSITY>
    <EMOTION_SENTIMENT_POSITIVE_EVIDENCE>0</EMOTION_SENTIMENT_POSITIVE_EVIDENCE>
    <EMOTION_SENTIMENT_POSITIVE_INTENSITY>0.309277683</EMOTION_SENTIMENT_POSITIVE_INTENSITY>
    <EMOTION_SENTIMENT_NEUTRAL_EVIDENCE>-2</EMOTION_SENTIMENT_NEUTRAL_EVIDENCE>
    <EMOTION_SENTIMENT_NEUTRAL_INTENSITY>0.00434156926</EMOTION_SENTIMENT_NEUTRAL_INTENSITY>
  </DATA>
  <DATA>
    <TimeStamp>196457</TimeStamp>
    <NumFaces>1</NumFaces>
    <Pulse>61</Pulse>
    <EXPRESSION_BROW_RAISER_LEFT>0</EXPRESSION_BROW_RAISER_LEFT>
    <EXPRESSION_BROW_RAISER_RIGHT>0</EXPRESSION_BROW_RAISER_RIGHT>
    <EXPRESSION_BROW_LOWERER_LEFT>0</EXPRESSION_BROW_LOWERER_LEFT>
    <EXPRESSION_BROW_LOWERER_RIGHT>0</EXPRESSION_BROW_LOWERER_RIGHT>
    <EXPRESSION_SMILE>0</EXPRESSION_SMILE>
    <EXPRESSION_KISS>0</EXPRESSION_KISS>
    <EXPRESSION_MOUTH_OPEN>1</EXPRESSION_MOUTH_OPEN>
    <EXPRESSION_EYES_CLOSED_LEFT>0</EXPRESSION_EYES_CLOSED_LEFT>
    <EXPRESSION_EYES_CLOSED_RIGHT>0</EXPRESSION_EYES_CLOSED_RIGHT>
    <EXPRESSION_EYES_TURN_LEFT>0</EXPRESSION_EYES_TURN_LEFT>
    <EXPRESSION_EYES_TURN_RIGHT>0</EXPRESSION_EYES_TURN_RIGHT>
    <EXPRESSION_EYES_UP>0</EXPRESSION_EYES_UP>
    <EXPRESSION_EYES_DOWN>0</EXPRESSION_EYES_DOWN>
    <EMOTION_PRIMARY_ANGER_EVIDENCE>-1</EMOTION_PRIMARY_ANGER_EVIDENCE>
    <EMOTION_PRIMARY_ANGER_INTENSITY>0.00174314482</EMOTION_PRIMARY_ANGER_INTENSITY>
    <EMOTION_PRIMARY_CONTEMPT_EVIDENCE>0</EMOTION_PRIMARY_CONTEMPT_EVIDENCE>
    <EMOTION_PRIMARY_CONTEMPT_INTENSITY>0.3631675</EMOTION_PRIMARY_CONTEMPT_INTENSITY>
    <EMOTION_PRIMARY_DISGUST_EVIDENCE>0</EMOTION_PRIMARY_DISGUST_EVIDENCE>
    <EMOTION_PRIMARY_DISGUST_INTENSITY>0.0405960567</EMOTION_PRIMARY_DISGUST_INTENSITY>
    <EMOTION_PRIMARY_FEAR_EVIDENCE>0</EMOTION_PRIMARY_FEAR_EVIDENCE>
    <EMOTION_PRIMARY_FEAR_INTENSITY>0.372011721</EMOTION_PRIMARY_FEAR_INTENSITY>
    <EMOTION_PRIMARY_JOY_EVIDENCE>0</EMOTION_PRIMARY_JOY_EVIDENCE>
    <EMOTION_PRIMARY_JOY_INTENSITY>0.624132931</EMOTION_PRIMARY_JOY_INTENSITY>
    <EMOTION_PRIMARY_SADNESS_EVIDENCE>-2</EMOTION_PRIMARY_SADNESS_EVIDENCE>
    <EMOTION_PRIMARY_SADNESS_INTENSITY>9.225657E-05</EMOTION_PRIMARY_SADNESS_INTENSITY>
    <EMOTION_PRIMARY_SURPRISE_EVIDENCE>-1</EMOTION_PRIMARY_SURPRISE_EVIDENCE>
    <EMOTION_PRIMARY_SURPRISE_INTENSITY>0.004149168</EMOTION_PRIMARY_SURPRISE_INTENSITY>
    <EMOTION_SENTIMENT_NEGATIVE_EVIDENCE>0</EMOTION_SENTIMENT_NEGATIVE_EVIDENCE>
    <EMOTION_SENTIMENT_NEGATIVE_INTENSITY>0.300916344</EMOTION_SENTIMENT_NEGATIVE_INTENSITY>
    <EMOTION_SENTIMENT_POSITIVE_EVIDENCE>0</EMOTION_SENTIMENT_POSITIVE_EVIDENCE>
    <EMOTION_SENTIMENT_POSITIVE_INTENSITY>0.4772715</EMOTION_SENTIMENT_POSITIVE_INTENSITY>
    <EMOTION_SENTIMENT_NEUTRAL_EVIDENCE>-2</EMOTION_SENTIMENT_NEUTRAL_EVIDENCE>
    <EMOTION_SENTIMENT_NEUTRAL_INTENSITY>0.00697784545</EMOTION_SENTIMENT_NEUTRAL_INTENSITY>
  </DATA>
  <DATA>
    <TimeStamp>196658</TimeStamp>
    <NumFaces>1</NumFaces>
    <Pulse>61</Pulse>
    <EXPRESSION_BROW_RAISER_LEFT>0</EXPRESSION_BROW_RAISER_LEFT>
    <EXPRESSION_BROW_RAISER_RIGHT>0</EXPRESSION_BROW_RAISER_RIGHT>
    <EXPRESSION_BROW_LOWERER_LEFT>0</EXPRESSION_BROW_LOWERER_LEFT>
    <EXPRESSION_BROW_LOWERER_RIGHT>0</EXPRESSION_BROW_LOWERER_RIGHT>
    <EXPRESSION_SMILE>18</EXPRESSION_SMILE>
    <EXPRESSION_KISS>0</EXPRESSION_KISS>
    <EXPRESSION_MOUTH_OPEN>4</EXPRESSION_MOUTH_OPEN>
    <EXPRESSION_EYES_CLOSED_LEFT>0</EXPRESSION_EYES_CLOSED_LEFT>
    <EXPRESSION_EYES_CLOSED_RIGHT>0</EXPRESSION_EYES_CLOSED_RIGHT>
    <EXPRESSION_EYES_TURN_LEFT>0</EXPRESSION_EYES_TURN_LEFT>
    <EXPRESSION_EYES_TURN_RIGHT>0</EXPRESSION_EYES_TURN_RIGHT>
    <EXPRESSION_EYES_UP>0</EXPRESSION_EYES_UP>
    <EXPRESSION_EYES_DOWN>0</EXPRESSION_EYES_DOWN>
    <EMOTION_PRIMARY_ANGER_EVIDENCE>-1</EMOTION_PRIMARY_ANGER_EVIDENCE>
    <EMOTION_PRIMARY_ANGER_INTENSITY>0.00288082077</EMOTION_PRIMARY_ANGER_INTENSITY>
    <EMOTION_PRIMARY_CONTEMPT_EVIDENCE>0</EMOTION_PRIMARY_CONTEMPT_EVIDENCE>
    <EMOTION_PRIMARY_CONTEMPT_INTENSITY>0.486940265</EMOTION_PRIMARY_CONTEMPT_INTENSITY>
    <EMOTION_PRIMARY_DISGUST_EVIDENCE>0</EMOTION_PRIMARY_DISGUST_EVIDENCE>
    <EMOTION_PRIMARY_DISGUST_INTENSITY>0.07424533</EMOTION_PRIMARY_DISGUST_INTENSITY>
    <EMOTION_PRIMARY_FEAR_EVIDENCE>0</EMOTION_PRIMARY_FEAR_EVIDENCE>
    <EMOTION_PRIMARY_FEAR_INTENSITY>0.09751558</EMOTION_PRIMARY_FEAR_INTENSITY>
    <EMOTION_PRIMARY_JOY_EVIDENCE>1</EMOTION_PRIMARY_JOY_EVIDENCE>
    <EMOTION_PRIMARY_JOY_INTENSITY>0.7444539</EMOTION_PRIMARY_JOY_INTENSITY>
    <EMOTION_PRIMARY_SADNESS_EVIDENCE>-2</EMOTION_PRIMARY_SADNESS_EVIDENCE>
    <EMOTION_PRIMARY_SADNESS_INTENSITY>4.95443237E-05</EMOTION_PRIMARY_SADNESS_INTENSITY>
    <EMOTION_PRIMARY_SURPRISE_EVIDENCE>-1</EMOTION_PRIMARY_SURPRISE_EVIDENCE>
    <EMOTION_PRIMARY_SURPRISE_INTENSITY>0.00384210679</EMOTION_PRIMARY_SURPRISE_INTENSITY>
    <EMOTION_SENTIMENT_NEGATIVE_EVIDENCE>1</EMOTION_SENTIMENT_NEGATIVE_EVIDENCE>
    <EMOTION_SENTIMENT_NEGATIVE_INTENSITY>0.499743</EMOTION_SENTIMENT_NEGATIVE_INTENSITY>
    <EMOTION_SENTIMENT_POSITIVE_EVIDENCE>0</EMOTION_SENTIMENT_POSITIVE_EVIDENCE>
    <EMOTION_SENTIMENT_POSITIVE_INTENSITY>0.5333706</EMOTION_SENTIMENT_POSITIVE_INTENSITY>
    <EMOTION_SENTIMENT_NEUTRAL_EVIDENCE>-2</EMOTION_SENTIMENT_NEUTRAL_EVIDENCE>
    <EMOTION_SENTIMENT_NEUTRAL_INTENSITY>0.0014393517</EMOTION_SENTIMENT_NEUTRAL_INTENSITY>
  </DATA>
  <DATA>
    <TimeStamp>196859</TimeStamp>
    <NumFaces>1</NumFaces>
    <Pulse>61</Pulse>
    <EXPRESSION_BROW_RAISER_LEFT>0</EXPRESSION_BROW_RAISER_LEFT>
    <EXPRESSION_BROW_RAISER_RIGHT>0</EXPRESSION_BROW_RAISER_RIGHT>
    <EXPRESSION_BROW_LOWERER_LEFT>0</EXPRESSION_BROW_LOWERER_LEFT>
    <EXPRESSION_BROW_LOWERER_RIGHT>0</EXPRESSION_BROW_LOWERER_RIGHT>
    <EXPRESSION_SMILE>35</EXPRESSION_SMILE>
    <EXPRESSION_KISS>0</EXPRESSION_KISS>
    <EXPRESSION_MOUTH_OPEN>6</EXPRESSION_MOUTH_OPEN>
    <EXPRESSION_EYES_CLOSED_LEFT>0</EXPRESSION_EYES_CLOSED_LEFT>
    <EXPRESSION_EYES_CLOSED_RIGHT>0</EXPRESSION_EYES_CLOSED_RIGHT>
    <EXPRESSION_EYES_TURN_LEFT>0</EXPRESSION_EYES_TURN_LEFT>
    <EXPRESSION_EYES_TURN_RIGHT>0</EXPRESSION_EYES_TURN_RIGHT>
    <EXPRESSION_EYES_UP>0</EXPRESSION_EYES_UP>
    <EXPRESSION_EYES_DOWN>0</EXPRESSION_EYES_DOWN>
    <EMOTION_PRIMARY_ANGER_EVIDENCE>-1</EMOTION_PRIMARY_ANGER_EVIDENCE>
    <EMOTION_PRIMARY_ANGER_INTENSITY>0.00118800113</EMOTION_PRIMARY_ANGER_INTENSITY>
    <EMOTION_PRIMARY_CONTEMPT_EVIDENCE>0</EMOTION_PRIMARY_CONTEMPT_EVIDENCE>
    <EMOTION_PRIMARY_CONTEMPT_INTENSITY>0.2146659</EMOTION_PRIMARY_CONTEMPT_INTENSITY>
    <EMOTION_PRIMARY_DISGUST_EVIDENCE>0</EMOTION_PRIMARY_DISGUST_EVIDENCE>
    <EMOTION_PRIMARY_DISGUST_INTENSITY>0.04074296</EMOTION_PRIMARY_DISGUST_INTENSITY>
    <EMOTION_PRIMARY_FEAR_EVIDENCE>0</EMOTION_PRIMARY_FEAR_EVIDENCE>
    <EMOTION_PRIMARY_FEAR_INTENSITY>0.09884155</EMOTION_PRIMARY_FEAR_INTENSITY>
    <EMOTION_PRIMARY_JOY_EVIDENCE>1</EMOTION_PRIMARY_JOY_EVIDENCE>
    <EMOTION_PRIMARY_JOY_INTENSITY>0.9201572</EMOTION_PRIMARY_JOY_INTENSITY>
    <EMOTION_PRIMARY_SADNESS_EVIDENCE>-2</EMOTION_PRIMARY_SADNESS_EVIDENCE>
    <EMOTION_PRIMARY_SADNESS_INTENSITY>1.66657574E-05</EMOTION_PRIMARY_SADNESS_INTENSITY>
    <EMOTION_PRIMARY_SURPRISE_EVIDENCE>-1</EMOTION_PRIMARY_SURPRISE_EVIDENCE>
    <EMOTION_PRIMARY_SURPRISE_INTENSITY>0.00331586041</EMOTION_PRIMARY_SURPRISE_INTENSITY>
    <EMOTION_SENTIMENT_NEGATIVE_EVIDENCE>0</EMOTION_SENTIMENT_NEGATIVE_EVIDENCE>
    <EMOTION_SENTIMENT_NEGATIVE_INTENSITY>0.296762675</EMOTION_SENTIMENT_NEGATIVE_INTENSITY>
    <EMOTION_SENTIMENT_POSITIVE_EVIDENCE>1</EMOTION_SENTIMENT_POSITIVE_EVIDENCE>
    <EMOTION_SENTIMENT_POSITIVE_INTENSITY>0.7814138</EMOTION_SENTIMENT_POSITIVE_INTENSITY>
    <EMOTION_SENTIMENT_NEUTRAL_EVIDENCE>-3</EMOTION_SENTIMENT_NEUTRAL_EVIDENCE>
    <EMOTION_SENTIMENT_NEUTRAL_INTENSITY>0.0005260096</EMOTION_SENTIMENT_NEUTRAL_INTENSITY>
  </DATA>
  <DATA>
    <TimeStamp>197059</TimeStamp>
    <NumFaces>1</NumFaces>
    <Pulse>61</Pulse>
    <EXPRESSION_BROW_RAISER_LEFT>0</EXPRESSION_BROW_RAISER_LEFT>
    <EXPRESSION_BROW_RAISER_RIGHT>0</EXPRESSION_BROW_RAISER_RIGHT>
    <EXPRESSION_BROW_LOWERER_LEFT>0</EXPRESSION_BROW_LOWERER_LEFT>
    <EXPRESSION_BROW_LOWERER_RIGHT>0</EXPRESSION_BROW_LOWERER_RIGHT>
    <EXPRESSION_SMILE>58</EXPRESSION_SMILE>
    <EXPRESSION_KISS>0</EXPRESSION_KISS>
    <EXPRESSION_MOUTH_OPEN>5</EXPRESSION_MOUTH_OPEN>
    <EXPRESSION_EYES_CLOSED_LEFT>0</EXPRESSION_EYES_CLOSED_LEFT>
    <EXPRESSION_EYES_CLOSED_RIGHT>0</EXPRESSION_EYES_CLOSED_RIGHT>
    <EXPRESSION_EYES_TURN_LEFT>100</EXPRESSION_EYES_TURN_LEFT>
    <EXPRESSION_EYES_TURN_RIGHT>0</EXPRESSION_EYES_TURN_RIGHT>
    <EXPRESSION_EYES_UP>0</EXPRESSION_EYES_UP>
    <EXPRESSION_EYES_DOWN>0</EXPRESSION_EYES_DOWN>
    <EMOTION_PRIMARY_ANGER_EVIDENCE>-1</EMOTION_PRIMARY_ANGER_EVIDENCE>
    <EMOTION_PRIMARY_ANGER_INTENSITY>0.00158651324</EMOTION_PRIMARY_ANGER_INTENSITY>
    <EMOTION_PRIMARY_CONTEMPT_EVIDENCE>0</EMOTION_PRIMARY_CONTEMPT_EVIDENCE>
    <EMOTION_PRIMARY_CONTEMPT_INTENSITY>0.159015968</EMOTION_PRIMARY_CONTEMPT_INTENSITY>
    <EMOTION_PRIMARY_DISGUST_EVIDENCE>0</EMOTION_PRIMARY_DISGUST_EVIDENCE>
    <EMOTION_PRIMARY_DISGUST_INTENSITY>0.0289306827</EMOTION_PRIMARY_DISGUST_INTENSITY>
    <EMOTION_PRIMARY_FEAR_EVIDENCE>0</EMOTION_PRIMARY_FEAR_EVIDENCE>
    <EMOTION_PRIMARY_FEAR_INTENSITY>0.138733312</EMOTION_PRIMARY_FEAR_INTENSITY>
    <EMOTION_PRIMARY_JOY_EVIDENCE>1</EMOTION_PRIMARY_JOY_EVIDENCE>
    <EMOTION_PRIMARY_JOY_INTENSITY>0.9388482</EMOTION_PRIMARY_JOY_INTENSITY>
    <EMOTION_PRIMARY_SADNESS_EVIDENCE>-2</EMOTION_PRIMARY_SADNESS_EVIDENCE>
    <EMOTION_PRIMARY_SADNESS_INTENSITY>3.55484881E-05</EMOTION_PRIMARY_SADNESS_INTENSITY>
    <EMOTION_PRIMARY_SURPRISE_EVIDENCE>-1</EMOTION_PRIMARY_SURPRISE_EVIDENCE>
    <EMOTION_PRIMARY_SURPRISE_INTENSITY>0.00274665654</EMOTION_PRIMARY_SURPRISE_INTENSITY>
    <EMOTION_SENTIMENT_NEGATIVE_EVIDENCE>0</EMOTION_SENTIMENT_NEGATIVE_EVIDENCE>
    <EMOTION_SENTIMENT_NEGATIVE_INTENSITY>0.3302585</EMOTION_SENTIMENT_NEGATIVE_INTENSITY>
    <EMOTION_SENTIMENT_POSITIVE_EVIDENCE>1</EMOTION_SENTIMENT_POSITIVE_EVIDENCE>
    <EMOTION_SENTIMENT_POSITIVE_INTENSITY>0.815872</EMOTION_SENTIMENT_POSITIVE_INTENSITY>
    <EMOTION_SENTIMENT_NEUTRAL_EVIDENCE>-3</EMOTION_SENTIMENT_NEUTRAL_EVIDENCE>
    <EMOTION_SENTIMENT_NEUTRAL_INTENSITY>0.0004825271</EMOTION_SENTIMENT_NEUTRAL_INTENSITY>
  </DATA>
  <DATA>
    <TimeStamp>197259</TimeStamp>
    <NumFaces>1</NumFaces>
    <Pulse>61</Pulse>
    <EXPRESSION_BROW_RAISER_LEFT>0</EXPRESSION_BROW_RAISER_LEFT>
    <EXPRESSION_BROW_RAISER_RIGHT>0</EXPRESSION_BROW_RAISER_RIGHT>
    <EXPRESSION_BROW_LOWERER_LEFT>0</EXPRESSION_BROW_LOWERER_LEFT>
    <EXPRESSION_BROW_LOWERER_RIGHT>0</EXPRESSION_BROW_LOWERER_RIGHT>
    <EXPRESSION_SMILE>56</EXPRESSION_SMILE>
    <EXPRESSION_KISS>0</EXPRESSION_KISS>
    <EXPRESSION_MOUTH_OPEN>4</EXPRESSION_MOUTH_OPEN>
    <EXPRESSION_EYES_CLOSED_LEFT>0</EXPRESSION_EYES_CLOSED_LEFT>
    <EXPRESSION_EYES_CLOSED_RIGHT>0</EXPRESSION_EYES_CLOSED_RIGHT>
    <EXPRESSION_EYES_TURN_LEFT>0</EXPRESSION_EYES_TURN_LEFT>
    <EXPRESSION_EYES_TURN_RIGHT>0</EXPRESSION_EYES_TURN_RIGHT>
    <EXPRESSION_EYES_UP>0</EXPRESSION_EYES_UP>
    <EXPRESSION_EYES_DOWN>0</EXPRESSION_EYES_DOWN>
    <EMOTION_PRIMARY_ANGER_EVIDENCE>-1</EMOTION_PRIMARY_ANGER_EVIDENCE>
    <EMOTION_PRIMARY_ANGER_INTENSITY>0.0008125132</EMOTION_PRIMARY_ANGER_INTENSITY>
    <EMOTION_PRIMARY_CONTEMPT_EVIDENCE>0</EMOTION_PRIMARY_CONTEMPT_EVIDENCE>
    <EMOTION_PRIMARY_CONTEMPT_INTENSITY>0.19677946</EMOTION_PRIMARY_CONTEMPT_INTENSITY>
    <EMOTION_PRIMARY_DISGUST_EVIDENCE>0</EMOTION_PRIMARY_DISGUST_EVIDENCE>
    <EMOTION_PRIMARY_DISGUST_INTENSITY>0.03823674</EMOTION_PRIMARY_DISGUST_INTENSITY>
    <EMOTION_PRIMARY_FEAR_EVIDENCE>0</EMOTION_PRIMARY_FEAR_EVIDENCE>
    <EMOTION_PRIMARY_FEAR_INTENSITY>0.149076208</EMOTION_PRIMARY_FEAR_INTENSITY>
    <EMOTION_PRIMARY_JOY_EVIDENCE>1</EMOTION_PRIMARY_JOY_EVIDENCE>
    <EMOTION_PRIMARY_JOY_INTENSITY>0.925858438</EMOTION_PRIMARY_JOY_INTENSITY>
    <EMOTION_PRIMARY_SADNESS_EVIDENCE>-2</EMOTION_PRIMARY_SADNESS_EVIDENCE>
    <EMOTION_PRIMARY_SADNESS_INTENSITY>7.100875E-05</EMOTION_PRIMARY_SADNESS_INTENSITY>
    <EMOTION_PRIMARY_SURPRISE_EVIDENCE>-1</EMOTION_PRIMARY_SURPRISE_EVIDENCE>
    <EMOTION_PRIMARY_SURPRISE_INTENSITY>0.003625938</EMOTION_PRIMARY_SURPRISE_INTENSITY>
    <EMOTION_SENTIMENT_NEGATIVE_EVIDENCE>0</EMOTION_SENTIMENT_NEGATIVE_EVIDENCE>
    <EMOTION_SENTIMENT_NEGATIVE_INTENSITY>0.475675672</EMOTION_SENTIMENT_NEGATIVE_INTENSITY>
    <EMOTION_SENTIMENT_POSITIVE_EVIDENCE>1</EMOTION_SENTIMENT_POSITIVE_EVIDENCE>
    <EMOTION_SENTIMENT_POSITIVE_INTENSITY>0.782346666</EMOTION_SENTIMENT_POSITIVE_INTENSITY>
    <EMOTION_SENTIMENT_NEUTRAL_EVIDENCE>-3</EMOTION_SENTIMENT_NEUTRAL_EVIDENCE>
    <EMOTION_SENTIMENT_NEUTRAL_INTENSITY>0.000190031555</EMOTION_SENTIMENT_NEUTRAL_INTENSITY>
  </DATA>
</QuizDataSet>