<?xml version="1.0" standalone="yes"?>
<QuizDataSet xmlns="http://tempuri.org/QuizDataSet.xsd">
  <RESPONSES>
    <Text>Barack OP</Text>
    <qID>1</qID>
  </RESPONSES>
  <USERS>
    <Name>Paige Selby</Name>
  </USERS>
  <DATA>
    <TimeStamp>31478</TimeStamp>
    <NumFaces>1</NumFaces>
    <Pulse>58</Pulse>
    <EXPRESSION_BROW_RAISER_LEFT>0</EXPRESSION_BROW_RAISER_LEFT>
    <EXPRESSION_BROW_RAISER_RIGHT>0</EXPRESSION_BROW_RAISER_RIGHT>
    <EXPRESSION_BROW_LOWERER_LEFT>0</EXPRESSION_BROW_LOWERER_LEFT>
    <EXPRESSION_BROW_LOWERER_RIGHT>0</EXPRESSION_BROW_LOWERER_RIGHT>
    <EXPRESSION_SMILE>0</EXPRESSION_SMILE>
    <EXPRESSION_KISS>0</EXPRESSION_KISS>
    <EXPRESSION_MOUTH_OPEN>0</EXPRESSION_MOUTH_OPEN>
    <EXPRESSION_EYES_CLOSED_LEFT>0</EXPRESSION_EYES_CLOSED_LEFT>
    <EXPRESSION_EYES_CLOSED_RIGHT>0</EXPRESSION_EYES_CLOSED_RIGHT>
    <EXPRESSION_EYES_TURN_LEFT>0</EXPRESSION_EYES_TURN_LEFT>
    <EXPRESSION_EYES_TURN_RIGHT>0</EXPRESSION_EYES_TURN_RIGHT>
    <EXPRESSION_EYES_UP>0</EXPRESSION_EYES_UP>
    <EXPRESSION_EYES_DOWN>0</EXPRESSION_EYES_DOWN>
    <EMOTION_PRIMARY_ANGER_EVIDENCE>-1</EMOTION_PRIMARY_ANGER_EVIDENCE>
    <EMOTION_PRIMARY_ANGER_INTENSITY>0.000892122</EMOTION_PRIMARY_ANGER_INTENSITY>
    <EMOTION_PRIMARY_CONTEMPT_EVIDENCE>0</EMOTION_PRIMARY_CONTEMPT_EVIDENCE>
    <EMOTION_PRIMARY_CONTEMPT_INTENSITY>0.1650686</EMOTION_PRIMARY_CONTEMPT_INTENSITY>
    <EMOTION_PRIMARY_DISGUST_EVIDENCE>-1</EMOTION_PRIMARY_DISGUST_EVIDENCE>
    <EMOTION_PRIMARY_DISGUST_INTENSITY>0.008250392</EMOTION_PRIMARY_DISGUST_INTENSITY>
    <EMOTION_PRIMARY_FEAR_EVIDENCE>0</EMOTION_PRIMARY_FEAR_EVIDENCE>
    <EMOTION_PRIMARY_FEAR_INTENSITY>0.0303386059</EMOTION_PRIMARY_FEAR_INTENSITY>
    <EMOTION_PRIMARY_JOY_EVIDENCE>0</EMOTION_PRIMARY_JOY_EVIDENCE>
    <EMOTION_PRIMARY_JOY_INTENSITY>0.584849</EMOTION_PRIMARY_JOY_INTENSITY>
    <EMOTION_PRIMARY_SADNESS_EVIDENCE>-1</EMOTION_PRIMARY_SADNESS_EVIDENCE>
    <EMOTION_PRIMARY_SADNESS_INTENSITY>0.00438328972</EMOTION_PRIMARY_SADNESS_INTENSITY>
    <EMOTION_PRIMARY_SURPRISE_EVIDENCE>-2</EMOTION_PRIMARY_SURPRISE_EVIDENCE>
    <EMOTION_PRIMARY_SURPRISE_INTENSITY>0.00171436137</EMOTION_PRIMARY_SURPRISE_INTENSITY>
    <EMOTION_SENTIMENT_NEGATIVE_EVIDENCE>0</EMOTION_SENTIMENT_NEGATIVE_EVIDENCE>
    <EMOTION_SENTIMENT_NEGATIVE_INTENSITY>0.05842201</EMOTION_SENTIMENT_NEGATIVE_INTENSITY>
    <EMOTION_SENTIMENT_POSITIVE_EVIDENCE>1</EMOTION_SENTIMENT_POSITIVE_EVIDENCE>
    <EMOTION_SENTIMENT_POSITIVE_INTENSITY>0.7050945</EMOTION_SENTIMENT_POSITIVE_INTENSITY>
    <EMOTION_SENTIMENT_NEUTRAL_EVIDENCE>0</EMOTION_SENTIMENT_NEUTRAL_EVIDENCE>
    <EMOTION_SENTIMENT_NEUTRAL_INTENSITY>0.11648</EMOTION_SENTIMENT_NEUTRAL_INTENSITY>
  </DATA>
  <DATA>
    <TimeStamp>31678</TimeStamp>
    <NumFaces>1</NumFaces>
    <Pulse>58</Pulse>
    <EXPRESSION_BROW_RAISER_LEFT>0</EXPRESSION_BROW_RAISER_LEFT>
    <EXPRESSION_BROW_RAISER_RIGHT>0</EXPRESSION_BROW_RAISER_RIGHT>
    <EXPRESSION_BROW_LOWERER_LEFT>0</EXPRESSION_BROW_LOWERER_LEFT>
    <EXPRESSION_BROW_LOWERER_RIGHT>0</EXPRESSION_BROW_LOWERER_RIGHT>
    <EXPRESSION_SMILE>0</EXPRESSION_SMILE>
    <EXPRESSION_KISS>0</EXPRESSION_KISS>
    <EXPRESSION_MOUTH_OPEN>0</EXPRESSION_MOUTH_OPEN>
    <EXPRESSION_EYES_CLOSED_LEFT>0</EXPRESSION_EYES_CLOSED_LEFT>
    <EXPRESSION_EYES_CLOSED_RIGHT>0</EXPRESSION_EYES_CLOSED_RIGHT>
    <EXPRESSION_EYES_TURN_LEFT>0</EXPRESSION_EYES_TURN_LEFT>
    <EXPRESSION_EYES_TURN_RIGHT>0</EXPRESSION_EYES_TURN_RIGHT>
    <EXPRESSION_EYES_UP>0</EXPRESSION_EYES_UP>
    <EXPRESSION_EYES_DOWN>0</EXPRESSION_EYES_DOWN>
    <EMOTION_PRIMARY_ANGER_EVIDENCE>-1</EMOTION_PRIMARY_ANGER_EVIDENCE>
    <EMOTION_PRIMARY_ANGER_INTENSITY>0.000888736453</EMOTION_PRIMARY_ANGER_INTENSITY>
    <EMOTION_PRIMARY_CONTEMPT_EVIDENCE>0</EMOTION_PRIMARY_CONTEMPT_EVIDENCE>
    <EMOTION_PRIMARY_CONTEMPT_INTENSITY>0.168112889</EMOTION_PRIMARY_CONTEMPT_INTENSITY>
    <EMOTION_PRIMARY_DISGUST_EVIDENCE>-1</EMOTION_PRIMARY_DISGUST_EVIDENCE>
    <EMOTION_PRIMARY_DISGUST_INTENSITY>0.0101976385</EMOTION_PRIMARY_DISGUST_INTENSITY>
    <EMOTION_PRIMARY_FEAR_EVIDENCE>0</EMOTION_PRIMARY_FEAR_EVIDENCE>
    <EMOTION_PRIMARY_FEAR_INTENSITY>0.02747616</EMOTION_PRIMARY_FEAR_INTENSITY>
    <EMOTION_PRIMARY_JOY_EVIDENCE>0</EMOTION_PRIMARY_JOY_EVIDENCE>
    <EMOTION_PRIMARY_JOY_INTENSITY>0.5908427</EMOTION_PRIMARY_JOY_INTENSITY>
    <EMOTION_PRIMARY_SADNESS_EVIDENCE>-1</EMOTION_PRIMARY_SADNESS_EVIDENCE>
    <EMOTION_PRIMARY_SADNESS_INTENSITY>0.003354811</EMOTION_PRIMARY_SADNESS_INTENSITY>
    <EMOTION_PRIMARY_SURPRISE_EVIDENCE>-2</EMOTION_PRIMARY_SURPRISE_EVIDENCE>
    <EMOTION_PRIMARY_SURPRISE_INTENSITY>0.001975584</EMOTION_PRIMARY_SURPRISE_INTENSITY>
    <EMOTION_SENTIMENT_NEGATIVE_EVIDENCE>0</EMOTION_SENTIMENT_NEGATIVE_EVIDENCE>
    <EMOTION_SENTIMENT_NEGATIVE_INTENSITY>0.058140263</EMOTION_SENTIMENT_NEGATIVE_INTENSITY>
    <EMOTION_SENTIMENT_POSITIVE_EVIDENCE>1</EMOTION_SENTIMENT_POSITIVE_EVIDENCE>
    <EMOTION_SENTIMENT_POSITIVE_INTENSITY>0.7040052</EMOTION_SENTIMENT_POSITIVE_INTENSITY>
    <EMOTION_SENTIMENT_NEUTRAL_EVIDENCE>0</EMOTION_SENTIMENT_NEUTRAL_EVIDENCE>
    <EMOTION_SENTIMENT_NEUTRAL_INTENSITY>0.112279959</EMOTION_SENTIMENT_NEUTRAL_INTENSITY>
  </DATA>
  <DATA>
    <TimeStamp>31879</TimeStamp>
    <NumFaces>1</NumFaces>
    <Pulse>58</Pulse>
    <EXPRESSION_BROW_RAISER_LEFT>0</EXPRESSION_BROW_RAISER_LEFT>
    <EXPRESSION_BROW_RAISER_RIGHT>0</EXPRESSION_BROW_RAISER_RIGHT>
    <EXPRESSION_BROW_LOWERER_LEFT>0</EXPRESSION_BROW_LOWERER_LEFT>
    <EXPRESSION_BROW_LOWERER_RIGHT>0</EXPRESSION_BROW_LOWERER_RIGHT>
    <EXPRESSION_SMILE>0</EXPRESSION_SMILE>
    <EXPRESSION_KISS>0</EXPRESSION_KISS>
    <EXPRESSION_MOUTH_OPEN>0</EXPRESSION_MOUTH_OPEN>
    <EXPRESSION_EYES_CLOSED_LEFT>0</EXPRESSION_EYES_CLOSED_LEFT>
    <EXPRESSION_EYES_CLOSED_RIGHT>0</EXPRESSION_EYES_CLOSED_RIGHT>
    <EXPRESSION_EYES_TURN_LEFT>0</EXPRESSION_EYES_TURN_LEFT>
    <EXPRESSION_EYES_TURN_RIGHT>0</EXPRESSION_EYES_TURN_RIGHT>
    <EXPRESSION_EYES_UP>0</EXPRESSION_EYES_UP>
    <EXPRESSION_EYES_DOWN>0</EXPRESSION_EYES_DOWN>
    <EMOTION_PRIMARY_ANGER_EVIDENCE>-1</EMOTION_PRIMARY_ANGER_EVIDENCE>
    <EMOTION_PRIMARY_ANGER_INTENSITY>0.0005921973</EMOTION_PRIMARY_ANGER_INTENSITY>
    <EMOTION_PRIMARY_CONTEMPT_EVIDENCE>0</EMOTION_PRIMARY_CONTEMPT_EVIDENCE>
    <EMOTION_PRIMARY_CONTEMPT_INTENSITY>0.130387411</EMOTION_PRIMARY_CONTEMPT_INTENSITY>
    <EMOTION_PRIMARY_DISGUST_EVIDENCE>-1</EMOTION_PRIMARY_DISGUST_EVIDENCE>
    <EMOTION_PRIMARY_DISGUST_INTENSITY>0.00717735058</EMOTION_PRIMARY_DISGUST_INTENSITY>
    <EMOTION_PRIMARY_FEAR_EVIDENCE>0</EMOTION_PRIMARY_FEAR_EVIDENCE>
    <EMOTION_PRIMARY_FEAR_INTENSITY>0.0293706246</EMOTION_PRIMARY_FEAR_INTENSITY>
    <EMOTION_PRIMARY_JOY_EVIDENCE>0</EMOTION_PRIMARY_JOY_EVIDENCE>
    <EMOTION_PRIMARY_JOY_INTENSITY>0.638781846</EMOTION_PRIMARY_JOY_INTENSITY>
    <EMOTION_PRIMARY_SADNESS_EVIDENCE>-1</EMOTION_PRIMARY_SADNESS_EVIDENCE>
    <EMOTION_PRIMARY_SADNESS_INTENSITY>0.00245203334</EMOTION_PRIMARY_SADNESS_INTENSITY>
    <EMOTION_PRIMARY_SURPRISE_EVIDENCE>-2</EMOTION_PRIMARY_SURPRISE_EVIDENCE>
    <EMOTION_PRIMARY_SURPRISE_INTENSITY>0.001947284</EMOTION_PRIMARY_SURPRISE_INTENSITY>
    <EMOTION_SENTIMENT_NEGATIVE_EVIDENCE>-1</EMOTION_SENTIMENT_NEGATIVE_EVIDENCE>
    <EMOTION_SENTIMENT_NEGATIVE_INTENSITY>0.04131462</EMOTION_SENTIMENT_NEGATIVE_INTENSITY>
    <EMOTION_SENTIMENT_POSITIVE_EVIDENCE>1</EMOTION_SENTIMENT_POSITIVE_EVIDENCE>
    <EMOTION_SENTIMENT_POSITIVE_INTENSITY>0.7548147</EMOTION_SENTIMENT_POSITIVE_INTENSITY>
    <EMOTION_SENTIMENT_NEUTRAL_EVIDENCE>0</EMOTION_SENTIMENT_NEUTRAL_EVIDENCE>
    <EMOTION_SENTIMENT_NEUTRAL_INTENSITY>0.10645292</EMOTION_SENTIMENT_NEUTRAL_INTENSITY>
  </DATA>
  <DATA>
    <TimeStamp>32080</TimeStamp>
    <NumFaces>1</NumFaces>
    <Pulse>58</Pulse>
    <EXPRESSION_BROW_RAISER_LEFT>0</EXPRESSION_BROW_RAISER_LEFT>
    <EXPRESSION_BROW_RAISER_RIGHT>0</EXPRESSION_BROW_RAISER_RIGHT>
    <EXPRESSION_BROW_LOWERER_LEFT>0</EXPRESSION_BROW_LOWERER_LEFT>
    <EXPRESSION_BROW_LOWERER_RIGHT>0</EXPRESSION_BROW_LOWERER_RIGHT>
    <EXPRESSION_SMILE>0</EXPRESSION_SMILE>
    <EXPRESSION_KISS>0</EXPRESSION_KISS>
    <EXPRESSION_MOUTH_OPEN>0</EXPRESSION_MOUTH_OPEN>
    <EXPRESSION_EYES_CLOSED_LEFT>0</EXPRESSION_EYES_CLOSED_LEFT>
    <EXPRESSION_EYES_CLOSED_RIGHT>0</EXPRESSION_EYES_CLOSED_RIGHT>
    <EXPRESSION_EYES_TURN_LEFT>0</EXPRESSION_EYES_TURN_LEFT>
    <EXPRESSION_EYES_TURN_RIGHT>0</EXPRESSION_EYES_TURN_RIGHT>
    <EXPRESSION_EYES_UP>0</EXPRESSION_EYES_UP>
    <EXPRESSION_EYES_DOWN>0</EXPRESSION_EYES_DOWN>
    <EMOTION_PRIMARY_ANGER_EVIDENCE>-1</EMOTION_PRIMARY_ANGER_EVIDENCE>
    <EMOTION_PRIMARY_ANGER_INTENSITY>0.00116912869</EMOTION_PRIMARY_ANGER_INTENSITY>
    <EMOTION_PRIMARY_CONTEMPT_EVIDENCE>0</EMOTION_PRIMARY_CONTEMPT_EVIDENCE>
    <EMOTION_PRIMARY_CONTEMPT_INTENSITY>0.173118025</EMOTION_PRIMARY_CONTEMPT_INTENSITY>
    <EMOTION_PRIMARY_DISGUST_EVIDENCE>-1</EMOTION_PRIMARY_DISGUST_EVIDENCE>
    <EMOTION_PRIMARY_DISGUST_INTENSITY>0.008104844</EMOTION_PRIMARY_DISGUST_INTENSITY>
    <EMOTION_PRIMARY_FEAR_EVIDENCE>0</EMOTION_PRIMARY_FEAR_EVIDENCE>
    <EMOTION_PRIMARY_FEAR_INTENSITY>0.0430996828</EMOTION_PRIMARY_FEAR_INTENSITY>
    <EMOTION_PRIMARY_JOY_EVIDENCE>0</EMOTION_PRIMARY_JOY_EVIDENCE>
    <EMOTION_PRIMARY_JOY_INTENSITY>0.5575041</EMOTION_PRIMARY_JOY_INTENSITY>
    <EMOTION_PRIMARY_SADNESS_EVIDENCE>-1</EMOTION_PRIMARY_SADNESS_EVIDENCE>
    <EMOTION_PRIMARY_SADNESS_INTENSITY>0.0028121674</EMOTION_PRIMARY_SADNESS_INTENSITY>
    <EMOTION_PRIMARY_SURPRISE_EVIDENCE>-1</EMOTION_PRIMARY_SURPRISE_EVIDENCE>
    <EMOTION_PRIMARY_SURPRISE_INTENSITY>0.002268672</EMOTION_PRIMARY_SURPRISE_INTENSITY>
    <EMOTION_SENTIMENT_NEGATIVE_EVIDENCE>0</EMOTION_SENTIMENT_NEGATIVE_EVIDENCE>
    <EMOTION_SENTIMENT_NEGATIVE_INTENSITY>0.06443776</EMOTION_SENTIMENT_NEGATIVE_INTENSITY>
    <EMOTION_SENTIMENT_POSITIVE_EVIDENCE>1</EMOTION_SENTIMENT_POSITIVE_EVIDENCE>
    <EMOTION_SENTIMENT_POSITIVE_INTENSITY>0.6688594</EMOTION_SENTIMENT_POSITIVE_INTENSITY>
    <EMOTION_SENTIMENT_NEUTRAL_EVIDENCE>0</EMOTION_SENTIMENT_NEUTRAL_EVIDENCE>
    <EMOTION_SENTIMENT_NEUTRAL_INTENSITY>0.09221618</EMOTION_SENTIMENT_NEUTRAL_INTENSITY>
  </DATA>
  <DATA>
    <TimeStamp>32281</TimeStamp>
    <NumFaces>1</NumFaces>
    <Pulse>58</Pulse>
    <EXPRESSION_BROW_RAISER_LEFT>0</EXPRESSION_BROW_RAISER_LEFT>
    <EXPRESSION_BROW_RAISER_RIGHT>0</EXPRESSION_BROW_RAISER_RIGHT>
    <EXPRESSION_BROW_LOWERER_LEFT>0</EXPRESSION_BROW_LOWERER_LEFT>
    <EXPRESSION_BROW_LOWERER_RIGHT>0</EXPRESSION_BROW_LOWERER_RIGHT>
    <EXPRESSION_SMILE>0</EXPRESSION_SMILE>
    <EXPRESSION_KISS>0</EXPRESSION_KISS>
    <EXPRESSION_MOUTH_OPEN>0</EXPRESSION_MOUTH_OPEN>
    <EXPRESSION_EYES_CLOSED_LEFT>0</EXPRESSION_EYES_CLOSED_LEFT>
    <EXPRESSION_EYES_CLOSED_RIGHT>0</EXPRESSION_EYES_CLOSED_RIGHT>
    <EXPRESSION_EYES_TURN_LEFT>0</EXPRESSION_EYES_TURN_LEFT>
    <EXPRESSION_EYES_TURN_RIGHT>0</EXPRESSION_EYES_TURN_RIGHT>
    <EXPRESSION_EYES_UP>0</EXPRESSION_EYES_UP>
    <EXPRESSION_EYES_DOWN>0</EXPRESSION_EYES_DOWN>
    <EMOTION_PRIMARY_ANGER_EVIDENCE>-1</EMOTION_PRIMARY_ANGER_EVIDENCE>
    <EMOTION_PRIMARY_ANGER_INTENSITY>0.000925666944</EMOTION_PRIMARY_ANGER_INTENSITY>
    <EMOTION_PRIMARY_CONTEMPT_EVIDENCE>0</EMOTION_PRIMARY_CONTEMPT_EVIDENCE>
    <EMOTION_PRIMARY_CONTEMPT_INTENSITY>0.140049428</EMOTION_PRIMARY_CONTEMPT_INTENSITY>
    <EMOTION_PRIMARY_DISGUST_EVIDENCE>-1</EMOTION_PRIMARY_DISGUST_EVIDENCE>
    <EMOTION_PRIMARY_DISGUST_INTENSITY>0.008472732</EMOTION_PRIMARY_DISGUST_INTENSITY>
    <EMOTION_PRIMARY_FEAR_EVIDENCE>0</EMOTION_PRIMARY_FEAR_EVIDENCE>
    <EMOTION_PRIMARY_FEAR_INTENSITY>0.0360372141</EMOTION_PRIMARY_FEAR_INTENSITY>
    <EMOTION_PRIMARY_JOY_EVIDENCE>0</EMOTION_PRIMARY_JOY_EVIDENCE>
    <EMOTION_PRIMARY_JOY_INTENSITY>0.560407937</EMOTION_PRIMARY_JOY_INTENSITY>
    <EMOTION_PRIMARY_SADNESS_EVIDENCE>-1</EMOTION_PRIMARY_SADNESS_EVIDENCE>
    <EMOTION_PRIMARY_SADNESS_INTENSITY>0.00235962216</EMOTION_PRIMARY_SADNESS_INTENSITY>
    <EMOTION_PRIMARY_SURPRISE_EVIDENCE>-1</EMOTION_PRIMARY_SURPRISE_EVIDENCE>
    <EMOTION_PRIMARY_SURPRISE_INTENSITY>0.00245585525</EMOTION_PRIMARY_SURPRISE_INTENSITY>
    <EMOTION_SENTIMENT_NEGATIVE_EVIDENCE>-1</EMOTION_SENTIMENT_NEGATIVE_EVIDENCE>
    <EMOTION_SENTIMENT_NEGATIVE_INTENSITY>0.0508580431</EMOTION_SENTIMENT_NEGATIVE_INTENSITY>
    <EMOTION_SENTIMENT_POSITIVE_EVIDENCE>1</EMOTION_SENTIMENT_POSITIVE_EVIDENCE>
    <EMOTION_SENTIMENT_POSITIVE_INTENSITY>0.6892513</EMOTION_SENTIMENT_POSITIVE_INTENSITY>
    <EMOTION_SENTIMENT_NEUTRAL_EVIDENCE>0</EMOTION_SENTIMENT_NEUTRAL_EVIDENCE>
    <EMOTION_SENTIMENT_NEUTRAL_INTENSITY>0.111219525</EMOTION_SENTIMENT_NEUTRAL_INTENSITY>
  </DATA>
  <DATA>
    <TimeStamp>32482</TimeStamp>
    <NumFaces>1</NumFaces>
    <Pulse>58</Pulse>
    <EXPRESSION_BROW_RAISER_LEFT>0</EXPRESSION_BROW_RAISER_LEFT>
    <EXPRESSION_BROW_RAISER_RIGHT>0</EXPRESSION_BROW_RAISER_RIGHT>
    <EXPRESSION_BROW_LOWERER_LEFT>0</EXPRESSION_BROW_LOWERER_LEFT>
    <EXPRESSION_BROW_LOWERER_RIGHT>0</EXPRESSION_BROW_LOWERER_RIGHT>
    <EXPRESSION_SMILE>0</EXPRESSION_SMILE>
    <EXPRESSION_KISS>0</EXPRESSION_KISS>
    <EXPRESSION_MOUTH_OPEN>0</EXPRESSION_MOUTH_OPEN>
    <EXPRESSION_EYES_CLOSED_LEFT>0</EXPRESSION_EYES_CLOSED_LEFT>
    <EXPRESSION_EYES_CLOSED_RIGHT>0</EXPRESSION_EYES_CLOSED_RIGHT>
    <EXPRESSION_EYES_TURN_LEFT>0</EXPRESSION_EYES_TURN_LEFT>
    <EXPRESSION_EYES_TURN_RIGHT>0</EXPRESSION_EYES_TURN_RIGHT>
    <EXPRESSION_EYES_UP>0</EXPRESSION_EYES_UP>
    <EXPRESSION_EYES_DOWN>0</EXPRESSION_EYES_DOWN>
    <EMOTION_PRIMARY_ANGER_EVIDENCE>-2</EMOTION_PRIMARY_ANGER_EVIDENCE>
    <EMOTION_PRIMARY_ANGER_INTENSITY>0.000485122175</EMOTION_PRIMARY_ANGER_INTENSITY>
    <EMOTION_PRIMARY_CONTEMPT_EVIDENCE>0</EMOTION_PRIMARY_CONTEMPT_EVIDENCE>
    <EMOTION_PRIMARY_CONTEMPT_INTENSITY>0.129544392</EMOTION_PRIMARY_CONTEMPT_INTENSITY>
    <EMOTION_PRIMARY_DISGUST_EVIDENCE>-1</EMOTION_PRIMARY_DISGUST_EVIDENCE>
    <EMOTION_PRIMARY_DISGUST_INTENSITY>0.0105243577</EMOTION_PRIMARY_DISGUST_INTENSITY>
    <EMOTION_PRIMARY_FEAR_EVIDENCE>0</EMOTION_PRIMARY_FEAR_EVIDENCE>
    <EMOTION_PRIMARY_FEAR_INTENSITY>0.04728741</EMOTION_PRIMARY_FEAR_INTENSITY>
    <EMOTION_PRIMARY_JOY_EVIDENCE>0</EMOTION_PRIMARY_JOY_EVIDENCE>
    <EMOTION_PRIMARY_JOY_INTENSITY>0.6147338</EMOTION_PRIMARY_JOY_INTENSITY>
    <EMOTION_PRIMARY_SADNESS_EVIDENCE>-1</EMOTION_PRIMARY_SADNESS_EVIDENCE>
    <EMOTION_PRIMARY_SADNESS_INTENSITY>0.00249009836</EMOTION_PRIMARY_SADNESS_INTENSITY>
    <EMOTION_PRIMARY_SURPRISE_EVIDENCE>-1</EMOTION_PRIMARY_SURPRISE_EVIDENCE>
    <EMOTION_PRIMARY_SURPRISE_INTENSITY>0.003067712</EMOTION_PRIMARY_SURPRISE_INTENSITY>
    <EMOTION_SENTIMENT_NEGATIVE_EVIDENCE>-1</EMOTION_SENTIMENT_NEGATIVE_EVIDENCE>
    <EMOTION_SENTIMENT_NEGATIVE_INTENSITY>0.0382938534</EMOTION_SENTIMENT_NEGATIVE_INTENSITY>
    <EMOTION_SENTIMENT_POSITIVE_EVIDENCE>1</EMOTION_SENTIMENT_POSITIVE_EVIDENCE>
    <EMOTION_SENTIMENT_POSITIVE_INTENSITY>0.7335771</EMOTION_SENTIMENT_POSITIVE_INTENSITY>
    <EMOTION_SENTIMENT_NEUTRAL_EVIDENCE>0</EMOTION_SENTIMENT_NEUTRAL_EVIDENCE>
    <EMOTION_SENTIMENT_NEUTRAL_INTENSITY>0.144076765</EMOTION_SENTIMENT_NEUTRAL_INTENSITY>
  </DATA>
  <DATA>
    <TimeStamp>32683</TimeStamp>
    <NumFaces>1</NumFaces>
    <Pulse>58</Pulse>
    <EXPRESSION_BROW_RAISER_LEFT>0</EXPRESSION_BROW_RAISER_LEFT>
    <EXPRESSION_BROW_RAISER_RIGHT>0</EXPRESSION_BROW_RAISER_RIGHT>
    <EXPRESSION_BROW_LOWERER_LEFT>0</EXPRESSION_BROW_LOWERER_LEFT>
    <EXPRESSION_BROW_LOWERER_RIGHT>0</EXPRESSION_BROW_LOWERER_RIGHT>
    <EXPRESSION_SMILE>0</EXPRESSION_SMILE>
    <EXPRESSION_KISS>0</EXPRESSION_KISS>
    <EXPRESSION_MOUTH_OPEN>0</EXPRESSION_MOUTH_OPEN>
    <EXPRESSION_EYES_CLOSED_LEFT>0</EXPRESSION_EYES_CLOSED_LEFT>
    <EXPRESSION_EYES_CLOSED_RIGHT>0</EXPRESSION_EYES_CLOSED_RIGHT>
    <EXPRESSION_EYES_TURN_LEFT>0</EXPRESSION_EYES_TURN_LEFT>
    <EXPRESSION_EYES_TURN_RIGHT>0</EXPRESSION_EYES_TURN_RIGHT>
    <EXPRESSION_EYES_UP>0</EXPRESSION_EYES_UP>
    <EXPRESSION_EYES_DOWN>0</EXPRESSION_EYES_DOWN>
    <EMOTION_PRIMARY_ANGER_EVIDENCE>-1</EMOTION_PRIMARY_ANGER_EVIDENCE>
    <EMOTION_PRIMARY_ANGER_INTENSITY>0.000733990339</EMOTION_PRIMARY_ANGER_INTENSITY>
    <EMOTION_PRIMARY_CONTEMPT_EVIDENCE>0</EMOTION_PRIMARY_CONTEMPT_EVIDENCE>
    <EMOTION_PRIMARY_CONTEMPT_INTENSITY>0.159142986</EMOTION_PRIMARY_CONTEMPT_INTENSITY>
    <EMOTION_PRIMARY_DISGUST_EVIDENCE>-1</EMOTION_PRIMARY_DISGUST_EVIDENCE>
    <EMOTION_PRIMARY_DISGUST_INTENSITY>0.0104911923</EMOTION_PRIMARY_DISGUST_INTENSITY>
    <EMOTION_PRIMARY_FEAR_EVIDENCE>0</EMOTION_PRIMARY_FEAR_EVIDENCE>
    <EMOTION_PRIMARY_FEAR_INTENSITY>0.0416655168</EMOTION_PRIMARY_FEAR_INTENSITY>
    <EMOTION_PRIMARY_JOY_EVIDENCE>0</EMOTION_PRIMARY_JOY_EVIDENCE>
    <EMOTION_PRIMARY_JOY_INTENSITY>0.5432394</EMOTION_PRIMARY_JOY_INTENSITY>
    <EMOTION_PRIMARY_SADNESS_EVIDENCE>-1</EMOTION_PRIMARY_SADNESS_EVIDENCE>
    <EMOTION_PRIMARY_SADNESS_INTENSITY>0.00227296446</EMOTION_PRIMARY_SADNESS_INTENSITY>
    <EMOTION_PRIMARY_SURPRISE_EVIDENCE>-1</EMOTION_PRIMARY_SURPRISE_EVIDENCE>
    <EMOTION_PRIMARY_SURPRISE_INTENSITY>0.00253309775</EMOTION_PRIMARY_SURPRISE_INTENSITY>
    <EMOTION_SENTIMENT_NEGATIVE_EVIDENCE>-1</EMOTION_SENTIMENT_NEGATIVE_EVIDENCE>
    <EMOTION_SENTIMENT_NEGATIVE_INTENSITY>0.0538451</EMOTION_SENTIMENT_NEGATIVE_INTENSITY>
    <EMOTION_SENTIMENT_POSITIVE_EVIDENCE>1</EMOTION_SENTIMENT_POSITIVE_EVIDENCE>
    <EMOTION_SENTIMENT_POSITIVE_INTENSITY>0.669849634</EMOTION_SENTIMENT_POSITIVE_INTENSITY>
    <EMOTION_SENTIMENT_NEUTRAL_EVIDENCE>0</EMOTION_SENTIMENT_NEUTRAL_EVIDENCE>
    <EMOTION_SENTIMENT_NEUTRAL_INTENSITY>0.112495378</EMOTION_SENTIMENT_NEUTRAL_INTENSITY>
  </DATA>
  <DATA>
    <TimeStamp>32884</TimeStamp>
    <NumFaces>1</NumFaces>
    <Pulse>58</Pulse>
    <EXPRESSION_BROW_RAISER_LEFT>0</EXPRESSION_BROW_RAISER_LEFT>
    <EXPRESSION_BROW_RAISER_RIGHT>0</EXPRESSION_BROW_RAISER_RIGHT>
    <EXPRESSION_BROW_LOWERER_LEFT>0</EXPRESSION_BROW_LOWERER_LEFT>
    <EXPRESSION_BROW_LOWERER_RIGHT>0</EXPRESSION_BROW_LOWERER_RIGHT>
    <EXPRESSION_SMILE>0</EXPRESSION_SMILE>
    <EXPRESSION_KISS>0</EXPRESSION_KISS>
    <EXPRESSION_MOUTH_OPEN>0</EXPRESSION_MOUTH_OPEN>
    <EXPRESSION_EYES_CLOSED_LEFT>0</EXPRESSION_EYES_CLOSED_LEFT>
    <EXPRESSION_EYES_CLOSED_RIGHT>0</EXPRESSION_EYES_CLOSED_RIGHT>
    <EXPRESSION_EYES_TURN_LEFT>0</EXPRESSION_EYES_TURN_LEFT>
    <EXPRESSION_EYES_TURN_RIGHT>0</EXPRESSION_EYES_TURN_RIGHT>
    <EXPRESSION_EYES_UP>0</EXPRESSION_EYES_UP>
    <EXPRESSION_EYES_DOWN>0</EXPRESSION_EYES_DOWN>
    <EMOTION_PRIMARY_ANGER_EVIDENCE>-1</EMOTION_PRIMARY_ANGER_EVIDENCE>
    <EMOTION_PRIMARY_ANGER_INTENSITY>0.0008172979</EMOTION_PRIMARY_ANGER_INTENSITY>
    <EMOTION_PRIMARY_CONTEMPT_EVIDENCE>0</EMOTION_PRIMARY_CONTEMPT_EVIDENCE>
    <EMOTION_PRIMARY_CONTEMPT_INTENSITY>0.111383148</EMOTION_PRIMARY_CONTEMPT_INTENSITY>
    <EMOTION_PRIMARY_DISGUST_EVIDENCE>-1</EMOTION_PRIMARY_DISGUST_EVIDENCE>
    <EMOTION_PRIMARY_DISGUST_INTENSITY>0.009910019</EMOTION_PRIMARY_DISGUST_INTENSITY>
    <EMOTION_PRIMARY_FEAR_EVIDENCE>0</EMOTION_PRIMARY_FEAR_EVIDENCE>
    <EMOTION_PRIMARY_FEAR_INTENSITY>0.068117924</EMOTION_PRIMARY_FEAR_INTENSITY>
    <EMOTION_PRIMARY_JOY_EVIDENCE>1</EMOTION_PRIMARY_JOY_EVIDENCE>
    <EMOTION_PRIMARY_JOY_INTENSITY>0.6896086</EMOTION_PRIMARY_JOY_INTENSITY>
    <EMOTION_PRIMARY_SADNESS_EVIDENCE>-1</EMOTION_PRIMARY_SADNESS_EVIDENCE>
    <EMOTION_PRIMARY_SADNESS_INTENSITY>0.001461857</EMOTION_PRIMARY_SADNESS_INTENSITY>
    <EMOTION_PRIMARY_SURPRISE_EVIDENCE>-1</EMOTION_PRIMARY_SURPRISE_EVIDENCE>
    <EMOTION_PRIMARY_SURPRISE_INTENSITY>0.00299375132</EMOTION_PRIMARY_SURPRISE_INTENSITY>
    <EMOTION_SENTIMENT_NEGATIVE_EVIDENCE>-1</EMOTION_SENTIMENT_NEGATIVE_EVIDENCE>
    <EMOTION_SENTIMENT_NEGATIVE_INTENSITY>0.044963263</EMOTION_SENTIMENT_NEGATIVE_INTENSITY>
    <EMOTION_SENTIMENT_POSITIVE_EVIDENCE>1</EMOTION_SENTIMENT_POSITIVE_EVIDENCE>
    <EMOTION_SENTIMENT_POSITIVE_INTENSITY>0.7523931</EMOTION_SENTIMENT_POSITIVE_INTENSITY>
    <EMOTION_SENTIMENT_NEUTRAL_EVIDENCE>0</EMOTION_SENTIMENT_NEUTRAL_EVIDENCE>
    <EMOTION_SENTIMENT_NEUTRAL_INTENSITY>0.101485439</EMOTION_SENTIMENT_NEUTRAL_INTENSITY>
  </DATA>
  <DATA>
    <TimeStamp>33085</TimeStamp>
    <NumFaces>1</NumFaces>
    <Pulse>58</Pulse>
    <EXPRESSION_BROW_RAISER_LEFT>0</EXPRESSION_BROW_RAISER_LEFT>
    <EXPRESSION_BROW_RAISER_RIGHT>0</EXPRESSION_BROW_RAISER_RIGHT>
    <EXPRESSION_BROW_LOWERER_LEFT>0</EXPRESSION_BROW_LOWERER_LEFT>
    <EXPRESSION_BROW_LOWERER_RIGHT>0</EXPRESSION_BROW_LOWERER_RIGHT>
    <EXPRESSION_SMILE>0</EXPRESSION_SMILE>
    <EXPRESSION_KISS>0</EXPRESSION_KISS>
    <EXPRESSION_MOUTH_OPEN>0</EXPRESSION_MOUTH_OPEN>
    <EXPRESSION_EYES_CLOSED_LEFT>0</EXPRESSION_EYES_CLOSED_LEFT>
    <EXPRESSION_EYES_CLOSED_RIGHT>0</EXPRESSION_EYES_CLOSED_RIGHT>
    <EXPRESSION_EYES_TURN_LEFT>0</EXPRESSION_EYES_TURN_LEFT>
    <EXPRESSION_EYES_TURN_RIGHT>0</EXPRESSION_EYES_TURN_RIGHT>
    <EXPRESSION_EYES_UP>0</EXPRESSION_EYES_UP>
    <EXPRESSION_EYES_DOWN>0</EXPRESSION_EYES_DOWN>
    <EMOTION_PRIMARY_ANGER_EVIDENCE>-1</EMOTION_PRIMARY_ANGER_EVIDENCE>
    <EMOTION_PRIMARY_ANGER_INTENSITY>0.000838074833</EMOTION_PRIMARY_ANGER_INTENSITY>
    <EMOTION_PRIMARY_CONTEMPT_EVIDENCE>0</EMOTION_PRIMARY_CONTEMPT_EVIDENCE>
    <EMOTION_PRIMARY_CONTEMPT_INTENSITY>0.144918337</EMOTION_PRIMARY_CONTEMPT_INTENSITY>
    <EMOTION_PRIMARY_DISGUST_EVIDENCE>-1</EMOTION_PRIMARY_DISGUST_EVIDENCE>
    <EMOTION_PRIMARY_DISGUST_INTENSITY>0.009689527</EMOTION_PRIMARY_DISGUST_INTENSITY>
    <EMOTION_PRIMARY_FEAR_EVIDENCE>0</EMOTION_PRIMARY_FEAR_EVIDENCE>
    <EMOTION_PRIMARY_FEAR_INTENSITY>0.03954512</EMOTION_PRIMARY_FEAR_INTENSITY>
    <EMOTION_PRIMARY_JOY_EVIDENCE>1</EMOTION_PRIMARY_JOY_EVIDENCE>
    <EMOTION_PRIMARY_JOY_INTENSITY>0.753371358</EMOTION_PRIMARY_JOY_INTENSITY>
    <EMOTION_PRIMARY_SADNESS_EVIDENCE>-1</EMOTION_PRIMARY_SADNESS_EVIDENCE>
    <EMOTION_PRIMARY_SADNESS_INTENSITY>0.001925419</EMOTION_PRIMARY_SADNESS_INTENSITY>
    <EMOTION_PRIMARY_SURPRISE_EVIDENCE>-1</EMOTION_PRIMARY_SURPRISE_EVIDENCE>
    <EMOTION_PRIMARY_SURPRISE_INTENSITY>0.00301677268</EMOTION_PRIMARY_SURPRISE_INTENSITY>
    <EMOTION_SENTIMENT_NEGATIVE_EVIDENCE>-1</EMOTION_SENTIMENT_NEGATIVE_EVIDENCE>
    <EMOTION_SENTIMENT_NEGATIVE_INTENSITY>0.035170652</EMOTION_SENTIMENT_NEGATIVE_INTENSITY>
    <EMOTION_SENTIMENT_POSITIVE_EVIDENCE>1</EMOTION_SENTIMENT_POSITIVE_EVIDENCE>
    <EMOTION_SENTIMENT_POSITIVE_INTENSITY>0.8093072</EMOTION_SENTIMENT_POSITIVE_INTENSITY>
    <EMOTION_SENTIMENT_NEUTRAL_EVIDENCE>0</EMOTION_SENTIMENT_NEUTRAL_EVIDENCE>
    <EMOTION_SENTIMENT_NEUTRAL_INTENSITY>0.136738852</EMOTION_SENTIMENT_NEUTRAL_INTENSITY>
  </DATA>
  <DATA>
    <TimeStamp>33286</TimeStamp>
    <NumFaces>1</NumFaces>
    <Pulse>58</Pulse>
    <EXPRESSION_BROW_RAISER_LEFT>0</EXPRESSION_BROW_RAISER_LEFT>
    <EXPRESSION_BROW_RAISER_RIGHT>0</EXPRESSION_BROW_RAISER_RIGHT>
    <EXPRESSION_BROW_LOWERER_LEFT>0</EXPRESSION_BROW_LOWERER_LEFT>
    <EXPRESSION_BROW_LOWERER_RIGHT>0</EXPRESSION_BROW_LOWERER_RIGHT>
    <EXPRESSION_SMILE>0</EXPRESSION_SMILE>
    <EXPRESSION_KISS>0</EXPRESSION_KISS>
    <EXPRESSION_MOUTH_OPEN>0</EXPRESSION_MOUTH_OPEN>
    <EXPRESSION_EYES_CLOSED_LEFT>0</EXPRESSION_EYES_CLOSED_LEFT>
    <EXPRESSION_EYES_CLOSED_RIGHT>0</EXPRESSION_EYES_CLOSED_RIGHT>
    <EXPRESSION_EYES_TURN_LEFT>0</EXPRESSION_EYES_TURN_LEFT>
    <EXPRESSION_EYES_TURN_RIGHT>0</EXPRESSION_EYES_TURN_RIGHT>
    <EXPRESSION_EYES_UP>0</EXPRESSION_EYES_UP>
    <EXPRESSION_EYES_DOWN>0</EXPRESSION_EYES_DOWN>
    <EMOTION_PRIMARY_ANGER_EVIDENCE>-1</EMOTION_PRIMARY_ANGER_EVIDENCE>
    <EMOTION_PRIMARY_ANGER_INTENSITY>0.000943312</EMOTION_PRIMARY_ANGER_INTENSITY>
    <EMOTION_PRIMARY_CONTEMPT_EVIDENCE>0</EMOTION_PRIMARY_CONTEMPT_EVIDENCE>
    <EMOTION_PRIMARY_CONTEMPT_INTENSITY>0.1461432</EMOTION_PRIMARY_CONTEMPT_INTENSITY>
    <EMOTION_PRIMARY_DISGUST_EVIDENCE>-1</EMOTION_PRIMARY_DISGUST_EVIDENCE>
    <EMOTION_PRIMARY_DISGUST_INTENSITY>0.0129799424</EMOTION_PRIMARY_DISGUST_INTENSITY>
    <EMOTION_PRIMARY_FEAR_EVIDENCE>0</EMOTION_PRIMARY_FEAR_EVIDENCE>
    <EMOTION_PRIMARY_FEAR_INTENSITY>0.0379807279</EMOTION_PRIMARY_FEAR_INTENSITY>
    <EMOTION_PRIMARY_JOY_EVIDENCE>1</EMOTION_PRIMARY_JOY_EVIDENCE>
    <EMOTION_PRIMARY_JOY_INTENSITY>0.7332398</EMOTION_PRIMARY_JOY_INTENSITY>
    <EMOTION_PRIMARY_SADNESS_EVIDENCE>-1</EMOTION_PRIMARY_SADNESS_EVIDENCE>
    <EMOTION_PRIMARY_SADNESS_INTENSITY>0.00176747469</EMOTION_PRIMARY_SADNESS_INTENSITY>
    <EMOTION_PRIMARY_SURPRISE_EVIDENCE>-1</EMOTION_PRIMARY_SURPRISE_EVIDENCE>
    <EMOTION_PRIMARY_SURPRISE_INTENSITY>0.00267142872</EMOTION_PRIMARY_SURPRISE_INTENSITY>
    <EMOTION_SENTIMENT_NEGATIVE_EVIDENCE>-1</EMOTION_SENTIMENT_NEGATIVE_EVIDENCE>
    <EMOTION_SENTIMENT_NEGATIVE_INTENSITY>0.036468368</EMOTION_SENTIMENT_NEGATIVE_INTENSITY>
    <EMOTION_SENTIMENT_POSITIVE_EVIDENCE>1</EMOTION_SENTIMENT_POSITIVE_EVIDENCE>
    <EMOTION_SENTIMENT_POSITIVE_INTENSITY>0.7901274</EMOTION_SENTIMENT_POSITIVE_INTENSITY>
    <EMOTION_SENTIMENT_NEUTRAL_EVIDENCE>0</EMOTION_SENTIMENT_NEUTRAL_EVIDENCE>
    <EMOTION_SENTIMENT_NEUTRAL_INTENSITY>0.18889147</EMOTION_SENTIMENT_NEUTRAL_INTENSITY>
  </DATA>
  <DATA>
    <TimeStamp>33486</TimeStamp>
    <NumFaces>1</NumFaces>
    <Pulse>58</Pulse>
    <EXPRESSION_BROW_RAISER_LEFT>0</EXPRESSION_BROW_RAISER_LEFT>
    <EXPRESSION_BROW_RAISER_RIGHT>0</EXPRESSION_BROW_RAISER_RIGHT>
    <EXPRESSION_BROW_LOWERER_LEFT>0</EXPRESSION_BROW_LOWERER_LEFT>
    <EXPRESSION_BROW_LOWERER_RIGHT>0</EXPRESSION_BROW_LOWERER_RIGHT>
    <EXPRESSION_SMILE>0</EXPRESSION_SMILE>
    <EXPRESSION_KISS>0</EXPRESSION_KISS>
    <EXPRESSION_MOUTH_OPEN>6</EXPRESSION_MOUTH_OPEN>
    <EXPRESSION_EYES_CLOSED_LEFT>0</EXPRESSION_EYES_CLOSED_LEFT>
    <EXPRESSION_EYES_CLOSED_RIGHT>0</EXPRESSION_EYES_CLOSED_RIGHT>
    <EXPRESSION_EYES_TURN_LEFT>0</EXPRESSION_EYES_TURN_LEFT>
    <EXPRESSION_EYES_TURN_RIGHT>0</EXPRESSION_EYES_TURN_RIGHT>
    <EXPRESSION_EYES_UP>0</EXPRESSION_EYES_UP>
    <EXPRESSION_EYES_DOWN>0</EXPRESSION_EYES_DOWN>
    <EMOTION_PRIMARY_ANGER_EVIDENCE>-1</EMOTION_PRIMARY_ANGER_EVIDENCE>
    <EMOTION_PRIMARY_ANGER_INTENSITY>0.010032461</EMOTION_PRIMARY_ANGER_INTENSITY>
    <EMOTION_PRIMARY_CONTEMPT_EVIDENCE>-1</EMOTION_PRIMARY_CONTEMPT_EVIDENCE>
    <EMOTION_PRIMARY_CONTEMPT_INTENSITY>0.007287953</EMOTION_PRIMARY_CONTEMPT_INTENSITY>
    <EMOTION_PRIMARY_DISGUST_EVIDENCE>0</EMOTION_PRIMARY_DISGUST_EVIDENCE>
    <EMOTION_PRIMARY_DISGUST_INTENSITY>0.03915113</EMOTION_PRIMARY_DISGUST_INTENSITY>
    <EMOTION_PRIMARY_FEAR_EVIDENCE>0</EMOTION_PRIMARY_FEAR_EVIDENCE>
    <EMOTION_PRIMARY_FEAR_INTENSITY>0.25002113</EMOTION_PRIMARY_FEAR_INTENSITY>
    <EMOTION_PRIMARY_JOY_EVIDENCE>0</EMOTION_PRIMARY_JOY_EVIDENCE>
    <EMOTION_PRIMARY_JOY_INTENSITY>0.0588583</EMOTION_PRIMARY_JOY_INTENSITY>
    <EMOTION_PRIMARY_SADNESS_EVIDENCE>-1</EMOTION_PRIMARY_SADNESS_EVIDENCE>
    <EMOTION_PRIMARY_SADNESS_INTENSITY>0.00284504378</EMOTION_PRIMARY_SADNESS_INTENSITY>
    <EMOTION_PRIMARY_SURPRISE_EVIDENCE>0</EMOTION_PRIMARY_SURPRISE_EVIDENCE>
    <EMOTION_PRIMARY_SURPRISE_INTENSITY>0.0340954</EMOTION_PRIMARY_SURPRISE_INTENSITY>
    <EMOTION_SENTIMENT_NEGATIVE_EVIDENCE>0</EMOTION_SENTIMENT_NEGATIVE_EVIDENCE>
    <EMOTION_SENTIMENT_NEGATIVE_INTENSITY>0.2250065</EMOTION_SENTIMENT_NEGATIVE_INTENSITY>
    <EMOTION_SENTIMENT_POSITIVE_EVIDENCE>0</EMOTION_SENTIMENT_POSITIVE_EVIDENCE>
    <EMOTION_SENTIMENT_POSITIVE_INTENSITY>0.196734861</EMOTION_SENTIMENT_POSITIVE_INTENSITY>
    <EMOTION_SENTIMENT_NEUTRAL_EVIDENCE>0</EMOTION_SENTIMENT_NEUTRAL_EVIDENCE>
    <EMOTION_SENTIMENT_NEUTRAL_INTENSITY>0.0985087156</EMOTION_SENTIMENT_NEUTRAL_INTENSITY>
  </DATA>
  <DATA>
    <TimeStamp>33687</TimeStamp>
    <NumFaces>1</NumFaces>
    <Pulse>58</Pulse>
    <EXPRESSION_BROW_RAISER_LEFT>0</EXPRESSION_BROW_RAISER_LEFT>
    <EXPRESSION_BROW_RAISER_RIGHT>0</EXPRESSION_BROW_RAISER_RIGHT>
    <EXPRESSION_BROW_LOWERER_LEFT>0</EXPRESSION_BROW_LOWERER_LEFT>
    <EXPRESSION_BROW_LOWERER_RIGHT>0</EXPRESSION_BROW_LOWERER_RIGHT>
    <EXPRESSION_SMILE>0</EXPRESSION_SMILE>
    <EXPRESSION_KISS>0</EXPRESSION_KISS>
    <EXPRESSION_MOUTH_OPEN>0</EXPRESSION_MOUTH_OPEN>
    <EXPRESSION_EYES_CLOSED_LEFT>0</EXPRESSION_EYES_CLOSED_LEFT>
    <EXPRESSION_EYES_CLOSED_RIGHT>0</EXPRESSION_EYES_CLOSED_RIGHT>
    <EXPRESSION_EYES_TURN_LEFT>0</EXPRESSION_EYES_TURN_LEFT>
    <EXPRESSION_EYES_TURN_RIGHT>0</EXPRESSION_EYES_TURN_RIGHT>
    <EXPRESSION_EYES_UP>0</EXPRESSION_EYES_UP>
    <EXPRESSION_EYES_DOWN>0</EXPRESSION_EYES_DOWN>
    <EMOTION_PRIMARY_ANGER_EVIDENCE>-1</EMOTION_PRIMARY_ANGER_EVIDENCE>
    <EMOTION_PRIMARY_ANGER_INTENSITY>0.008314101</EMOTION_PRIMARY_ANGER_INTENSITY>
    <EMOTION_PRIMARY_CONTEMPT_EVIDENCE>-1</EMOTION_PRIMARY_CONTEMPT_EVIDENCE>
    <EMOTION_PRIMARY_CONTEMPT_INTENSITY>0.011118317</EMOTION_PRIMARY_CONTEMPT_INTENSITY>
    <EMOTION_PRIMARY_DISGUST_EVIDENCE>0</EMOTION_PRIMARY_DISGUST_EVIDENCE>
    <EMOTION_PRIMARY_DISGUST_INTENSITY>0.0430207662</EMOTION_PRIMARY_DISGUST_INTENSITY>
    <EMOTION_PRIMARY_FEAR_EVIDENCE>0</EMOTION_PRIMARY_FEAR_EVIDENCE>
    <EMOTION_PRIMARY_FEAR_INTENSITY>0.0160027537</EMOTION_PRIMARY_FEAR_INTENSITY>
    <EMOTION_PRIMARY_JOY_EVIDENCE>0</EMOTION_PRIMARY_JOY_EVIDENCE>
    <EMOTION_PRIMARY_JOY_INTENSITY>0.0542700551</EMOTION_PRIMARY_JOY_INTENSITY>
    <EMOTION_PRIMARY_SADNESS_EVIDENCE>0</EMOTION_PRIMARY_SADNESS_EVIDENCE>
    <EMOTION_PRIMARY_SADNESS_INTENSITY>0.0108098621</EMOTION_PRIMARY_SADNESS_INTENSITY>
    <EMOTION_PRIMARY_SURPRISE_EVIDENCE>0</EMOTION_PRIMARY_SURPRISE_EVIDENCE>
    <EMOTION_PRIMARY_SURPRISE_INTENSITY>0.03704942</EMOTION_PRIMARY_SURPRISE_INTENSITY>
    <EMOTION_SENTIMENT_NEGATIVE_EVIDENCE>0</EMOTION_SENTIMENT_NEGATIVE_EVIDENCE>
    <EMOTION_SENTIMENT_NEGATIVE_INTENSITY>0.146020651</EMOTION_SENTIMENT_NEGATIVE_INTENSITY>
    <EMOTION_SENTIMENT_POSITIVE_EVIDENCE>0</EMOTION_SENTIMENT_POSITIVE_EVIDENCE>
    <EMOTION_SENTIMENT_POSITIVE_INTENSITY>0.250084281</EMOTION_SENTIMENT_POSITIVE_INTENSITY>
    <EMOTION_SENTIMENT_NEUTRAL_EVIDENCE>0</EMOTION_SENTIMENT_NEUTRAL_EVIDENCE>
    <EMOTION_SENTIMENT_NEUTRAL_INTENSITY>0.154321685</EMOTION_SENTIMENT_NEUTRAL_INTENSITY>
  </DATA>
  <DATA>
    <TimeStamp>33887</TimeStamp>
    <NumFaces>1</NumFaces>
    <Pulse>58</Pulse>
    <EXPRESSION_BROW_RAISER_LEFT>0</EXPRESSION_BROW_RAISER_LEFT>
    <EXPRESSION_BROW_RAISER_RIGHT>0</EXPRESSION_BROW_RAISER_RIGHT>
    <EXPRESSION_BROW_LOWERER_LEFT>0</EXPRESSION_BROW_LOWERER_LEFT>
    <EXPRESSION_BROW_LOWERER_RIGHT>0</EXPRESSION_BROW_LOWERER_RIGHT>
    <EXPRESSION_SMILE>0</EXPRESSION_SMILE>
    <EXPRESSION_KISS>0</EXPRESSION_KISS>
    <EXPRESSION_MOUTH_OPEN>28</EXPRESSION_MOUTH_OPEN>
    <EXPRESSION_EYES_CLOSED_LEFT>0</EXPRESSION_EYES_CLOSED_LEFT>
    <EXPRESSION_EYES_CLOSED_RIGHT>0</EXPRESSION_EYES_CLOSED_RIGHT>
    <EXPRESSION_EYES_TURN_LEFT>0</EXPRESSION_EYES_TURN_LEFT>
    <EXPRESSION_EYES_TURN_RIGHT>0</EXPRESSION_EYES_TURN_RIGHT>
    <EXPRESSION_EYES_UP>0</EXPRESSION_EYES_UP>
    <EXPRESSION_EYES_DOWN>0</EXPRESSION_EYES_DOWN>
    <EMOTION_PRIMARY_ANGER_EVIDENCE>-1</EMOTION_PRIMARY_ANGER_EVIDENCE>
    <EMOTION_PRIMARY_ANGER_INTENSITY>0.000637738558</EMOTION_PRIMARY_ANGER_INTENSITY>
    <EMOTION_PRIMARY_CONTEMPT_EVIDENCE>-1</EMOTION_PRIMARY_CONTEMPT_EVIDENCE>
    <EMOTION_PRIMARY_CONTEMPT_INTENSITY>0.008269495</EMOTION_PRIMARY_CONTEMPT_INTENSITY>
    <EMOTION_PRIMARY_DISGUST_EVIDENCE>-1</EMOTION_PRIMARY_DISGUST_EVIDENCE>
    <EMOTION_PRIMARY_DISGUST_INTENSITY>0.0185855515</EMOTION_PRIMARY_DISGUST_INTENSITY>
    <EMOTION_PRIMARY_FEAR_EVIDENCE>0</EMOTION_PRIMARY_FEAR_EVIDENCE>
    <EMOTION_PRIMARY_FEAR_INTENSITY>0.149872541</EMOTION_PRIMARY_FEAR_INTENSITY>
    <EMOTION_PRIMARY_JOY_EVIDENCE>0</EMOTION_PRIMARY_JOY_EVIDENCE>
    <EMOTION_PRIMARY_JOY_INTENSITY>0.1676034</EMOTION_PRIMARY_JOY_INTENSITY>
    <EMOTION_PRIMARY_SADNESS_EVIDENCE>-1</EMOTION_PRIMARY_SADNESS_EVIDENCE>
    <EMOTION_PRIMARY_SADNESS_INTENSITY>0.00176294078</EMOTION_PRIMARY_SADNESS_INTENSITY>
    <EMOTION_PRIMARY_SURPRISE_EVIDENCE>0</EMOTION_PRIMARY_SURPRISE_EVIDENCE>
    <EMOTION_PRIMARY_SURPRISE_INTENSITY>0.0599538572</EMOTION_PRIMARY_SURPRISE_INTENSITY>
    <EMOTION_SENTIMENT_NEGATIVE_EVIDENCE>-1</EMOTION_SENTIMENT_NEGATIVE_EVIDENCE>
    <EMOTION_SENTIMENT_NEGATIVE_INTENSITY>0.0460832566</EMOTION_SENTIMENT_NEGATIVE_INTENSITY>
    <EMOTION_SENTIMENT_POSITIVE_EVIDENCE>0</EMOTION_SENTIMENT_POSITIVE_EVIDENCE>
    <EMOTION_SENTIMENT_POSITIVE_INTENSITY>0.430014</EMOTION_SENTIMENT_POSITIVE_INTENSITY>
    <EMOTION_SENTIMENT_NEUTRAL_EVIDENCE>-1</EMOTION_SENTIMENT_NEUTRAL_EVIDENCE>
    <EMOTION_SENTIMENT_NEUTRAL_INTENSITY>0.069810316</EMOTION_SENTIMENT_NEUTRAL_INTENSITY>
  </DATA>
  <DATA>
    <TimeStamp>34088</TimeStamp>
    <NumFaces>1</NumFaces>
    <Pulse>58</Pulse>
    <EXPRESSION_BROW_RAISER_LEFT>0</EXPRESSION_BROW_RAISER_LEFT>
    <EXPRESSION_BROW_RAISER_RIGHT>0</EXPRESSION_BROW_RAISER_RIGHT>
    <EXPRESSION_BROW_LOWERER_LEFT>0</EXPRESSION_BROW_LOWERER_LEFT>
    <EXPRESSION_BROW_LOWERER_RIGHT>0</EXPRESSION_BROW_LOWERER_RIGHT>
    <EXPRESSION_SMILE>0</EXPRESSION_SMILE>
    <EXPRESSION_KISS>0</EXPRESSION_KISS>
    <EXPRESSION_MOUTH_OPEN>0</EXPRESSION_MOUTH_OPEN>
    <EXPRESSION_EYES_CLOSED_LEFT>0</EXPRESSION_EYES_CLOSED_LEFT>
    <EXPRESSION_EYES_CLOSED_RIGHT>0</EXPRESSION_EYES_CLOSED_RIGHT>
    <EXPRESSION_EYES_TURN_LEFT>0</EXPRESSION_EYES_TURN_LEFT>
    <EXPRESSION_EYES_TURN_RIGHT>0</EXPRESSION_EYES_TURN_RIGHT>
    <EXPRESSION_EYES_UP>0</EXPRESSION_EYES_UP>
    <EXPRESSION_EYES_DOWN>0</EXPRESSION_EYES_DOWN>
    <EMOTION_PRIMARY_ANGER_EVIDENCE>-1</EMOTION_PRIMARY_ANGER_EVIDENCE>
    <EMOTION_PRIMARY_ANGER_INTENSITY>0.00454953033</EMOTION_PRIMARY_ANGER_INTENSITY>
    <EMOTION_PRIMARY_CONTEMPT_EVIDENCE>0</EMOTION_PRIMARY_CONTEMPT_EVIDENCE>
    <EMOTION_PRIMARY_CONTEMPT_INTENSITY>0.0272994712</EMOTION_PRIMARY_CONTEMPT_INTENSITY>
    <EMOTION_PRIMARY_DISGUST_EVIDENCE>-1</EMOTION_PRIMARY_DISGUST_EVIDENCE>
    <EMOTION_PRIMARY_DISGUST_INTENSITY>0.0248475671</EMOTION_PRIMARY_DISGUST_INTENSITY>
    <EMOTION_PRIMARY_FEAR_EVIDENCE>0</EMOTION_PRIMARY_FEAR_EVIDENCE>
    <EMOTION_PRIMARY_FEAR_INTENSITY>0.09467462</EMOTION_PRIMARY_FEAR_INTENSITY>
    <EMOTION_PRIMARY_JOY_EVIDENCE>0</EMOTION_PRIMARY_JOY_EVIDENCE>
    <EMOTION_PRIMARY_JOY_INTENSITY>0.112005174</EMOTION_PRIMARY_JOY_INTENSITY>
    <EMOTION_PRIMARY_SADNESS_EVIDENCE>0</EMOTION_PRIMARY_SADNESS_EVIDENCE>
    <EMOTION_PRIMARY_SADNESS_INTENSITY>0.0209813416</EMOTION_PRIMARY_SADNESS_INTENSITY>
    <EMOTION_PRIMARY_SURPRISE_EVIDENCE>-1</EMOTION_PRIMARY_SURPRISE_EVIDENCE>
    <EMOTION_PRIMARY_SURPRISE_INTENSITY>0.00201408914</EMOTION_PRIMARY_SURPRISE_INTENSITY>
    <EMOTION_SENTIMENT_NEGATIVE_EVIDENCE>0</EMOTION_SENTIMENT_NEGATIVE_EVIDENCE>
    <EMOTION_SENTIMENT_NEGATIVE_INTENSITY>0.209900677</EMOTION_SENTIMENT_NEGATIVE_INTENSITY>
    <EMOTION_SENTIMENT_POSITIVE_EVIDENCE>0</EMOTION_SENTIMENT_POSITIVE_EVIDENCE>
    <EMOTION_SENTIMENT_POSITIVE_INTENSITY>0.289694339</EMOTION_SENTIMENT_POSITIVE_INTENSITY>
    <EMOTION_SENTIMENT_NEUTRAL_EVIDENCE>0</EMOTION_SENTIMENT_NEUTRAL_EVIDENCE>
    <EMOTION_SENTIMENT_NEUTRAL_INTENSITY>0.329542756</EMOTION_SENTIMENT_NEUTRAL_INTENSITY>
  </DATA>
  <DATA>
    <TimeStamp>34289</TimeStamp>
    <NumFaces>1</NumFaces>
    <Pulse>58</Pulse>
    <EXPRESSION_BROW_RAISER_LEFT>0</EXPRESSION_BROW_RAISER_LEFT>
    <EXPRESSION_BROW_RAISER_RIGHT>0</EXPRESSION_BROW_RAISER_RIGHT>
    <EXPRESSION_BROW_LOWERER_LEFT>0</EXPRESSION_BROW_LOWERER_LEFT>
    <EXPRESSION_BROW_LOWERER_RIGHT>0</EXPRESSION_BROW_LOWERER_RIGHT>
    <EXPRESSION_SMILE>0</EXPRESSION_SMILE>
    <EXPRESSION_KISS>0</EXPRESSION_KISS>
    <EXPRESSION_MOUTH_OPEN>0</EXPRESSION_MOUTH_OPEN>
    <EXPRESSION_EYES_CLOSED_LEFT>0</EXPRESSION_EYES_CLOSED_LEFT>
    <EXPRESSION_EYES_CLOSED_RIGHT>0</EXPRESSION_EYES_CLOSED_RIGHT>
    <EXPRESSION_EYES_TURN_LEFT>0</EXPRESSION_EYES_TURN_LEFT>
    <EXPRESSION_EYES_TURN_RIGHT>0</EXPRESSION_EYES_TURN_RIGHT>
    <EXPRESSION_EYES_UP>0</EXPRESSION_EYES_UP>
    <EXPRESSION_EYES_DOWN>0</EXPRESSION_EYES_DOWN>
    <EMOTION_PRIMARY_ANGER_EVIDENCE>-1</EMOTION_PRIMARY_ANGER_EVIDENCE>
    <EMOTION_PRIMARY_ANGER_INTENSITY>0.00339455018</EMOTION_PRIMARY_ANGER_INTENSITY>
    <EMOTION_PRIMARY_CONTEMPT_EVIDENCE>-1</EMOTION_PRIMARY_CONTEMPT_EVIDENCE>
    <EMOTION_PRIMARY_CONTEMPT_INTENSITY>0.0118787847</EMOTION_PRIMARY_CONTEMPT_INTENSITY>
    <EMOTION_PRIMARY_DISGUST_EVIDENCE>-1</EMOTION_PRIMARY_DISGUST_EVIDENCE>
    <EMOTION_PRIMARY_DISGUST_INTENSITY>0.0177955329</EMOTION_PRIMARY_DISGUST_INTENSITY>
    <EMOTION_PRIMARY_FEAR_EVIDENCE>0</EMOTION_PRIMARY_FEAR_EVIDENCE>
    <EMOTION_PRIMARY_FEAR_INTENSITY>0.05274063</EMOTION_PRIMARY_FEAR_INTENSITY>
    <EMOTION_PRIMARY_JOY_EVIDENCE>0</EMOTION_PRIMARY_JOY_EVIDENCE>
    <EMOTION_PRIMARY_JOY_INTENSITY>0.18353045</EMOTION_PRIMARY_JOY_INTENSITY>
    <EMOTION_PRIMARY_SADNESS_EVIDENCE>0</EMOTION_PRIMARY_SADNESS_EVIDENCE>
    <EMOTION_PRIMARY_SADNESS_INTENSITY>0.008364772</EMOTION_PRIMARY_SADNESS_INTENSITY>
    <EMOTION_PRIMARY_SURPRISE_EVIDENCE>-1</EMOTION_PRIMARY_SURPRISE_EVIDENCE>
    <EMOTION_PRIMARY_SURPRISE_INTENSITY>0.00302214385</EMOTION_PRIMARY_SURPRISE_INTENSITY>
    <EMOTION_SENTIMENT_NEGATIVE_EVIDENCE>0</EMOTION_SENTIMENT_NEGATIVE_EVIDENCE>
    <EMOTION_SENTIMENT_NEGATIVE_INTENSITY>0.09900597</EMOTION_SENTIMENT_NEGATIVE_INTENSITY>
    <EMOTION_SENTIMENT_POSITIVE_EVIDENCE>0</EMOTION_SENTIMENT_POSITIVE_EVIDENCE>
    <EMOTION_SENTIMENT_POSITIVE_INTENSITY>0.415844232</EMOTION_SENTIMENT_POSITIVE_INTENSITY>
    <EMOTION_SENTIMENT_NEUTRAL_EVIDENCE>0</EMOTION_SENTIMENT_NEUTRAL_EVIDENCE>
    <EMOTION_SENTIMENT_NEUTRAL_INTENSITY>0.294788867</EMOTION_SENTIMENT_NEUTRAL_INTENSITY>
  </DATA>
  <DATA>
    <TimeStamp>34490</TimeStamp>
    <NumFaces>1</NumFaces>
    <Pulse>58</Pulse>
    <EXPRESSION_BROW_RAISER_LEFT>0</EXPRESSION_BROW_RAISER_LEFT>
    <EXPRESSION_BROW_RAISER_RIGHT>0</EXPRESSION_BROW_RAISER_RIGHT>
    <EXPRESSION_BROW_LOWERER_LEFT>0</EXPRESSION_BROW_LOWERER_LEFT>
    <EXPRESSION_BROW_LOWERER_RIGHT>0</EXPRESSION_BROW_LOWERER_RIGHT>
    <EXPRESSION_SMILE>0</EXPRESSION_SMILE>
    <EXPRESSION_KISS>0</EXPRESSION_KISS>
    <EXPRESSION_MOUTH_OPEN>10</EXPRESSION_MOUTH_OPEN>
    <EXPRESSION_EYES_CLOSED_LEFT>0</EXPRESSION_EYES_CLOSED_LEFT>
    <EXPRESSION_EYES_CLOSED_RIGHT>0</EXPRESSION_EYES_CLOSED_RIGHT>
    <EXPRESSION_EYES_TURN_LEFT>0</EXPRESSION_EYES_TURN_LEFT>
    <EXPRESSION_EYES_TURN_RIGHT>0</EXPRESSION_EYES_TURN_RIGHT>
    <EXPRESSION_EYES_UP>0</EXPRESSION_EYES_UP>
    <EXPRESSION_EYES_DOWN>0</EXPRESSION_EYES_DOWN>
    <EMOTION_PRIMARY_ANGER_EVIDENCE>-1</EMOTION_PRIMARY_ANGER_EVIDENCE>
    <EMOTION_PRIMARY_ANGER_INTENSITY>0.000670106732</EMOTION_PRIMARY_ANGER_INTENSITY>
    <EMOTION_PRIMARY_CONTEMPT_EVIDENCE>-1</EMOTION_PRIMARY_CONTEMPT_EVIDENCE>
    <EMOTION_PRIMARY_CONTEMPT_INTENSITY>0.009265957</EMOTION_PRIMARY_CONTEMPT_INTENSITY>
    <EMOTION_PRIMARY_DISGUST_EVIDENCE>-1</EMOTION_PRIMARY_DISGUST_EVIDENCE>
    <EMOTION_PRIMARY_DISGUST_INTENSITY>0.0219141785</EMOTION_PRIMARY_DISGUST_INTENSITY>
    <EMOTION_PRIMARY_FEAR_EVIDENCE>0</EMOTION_PRIMARY_FEAR_EVIDENCE>
    <EMOTION_PRIMARY_FEAR_INTENSITY>0.5019966</EMOTION_PRIMARY_FEAR_INTENSITY>
    <EMOTION_PRIMARY_JOY_EVIDENCE>0</EMOTION_PRIMARY_JOY_EVIDENCE>
    <EMOTION_PRIMARY_JOY_INTENSITY>0.407917529</EMOTION_PRIMARY_JOY_INTENSITY>
    <EMOTION_PRIMARY_SADNESS_EVIDENCE>-1</EMOTION_PRIMARY_SADNESS_EVIDENCE>
    <EMOTION_PRIMARY_SADNESS_INTENSITY>0.00061616936</EMOTION_PRIMARY_SADNESS_INTENSITY>
    <EMOTION_PRIMARY_SURPRISE_EVIDENCE>-1</EMOTION_PRIMARY_SURPRISE_EVIDENCE>
    <EMOTION_PRIMARY_SURPRISE_INTENSITY>0.003824849</EMOTION_PRIMARY_SURPRISE_INTENSITY>
    <EMOTION_SENTIMENT_NEGATIVE_EVIDENCE>0</EMOTION_SENTIMENT_NEGATIVE_EVIDENCE>
    <EMOTION_SENTIMENT_NEGATIVE_INTENSITY>0.09194483</EMOTION_SENTIMENT_NEGATIVE_INTENSITY>
    <EMOTION_SENTIMENT_POSITIVE_EVIDENCE>0</EMOTION_SENTIMENT_POSITIVE_EVIDENCE>
    <EMOTION_SENTIMENT_POSITIVE_INTENSITY>0.504035652</EMOTION_SENTIMENT_POSITIVE_INTENSITY>
    <EMOTION_SENTIMENT_NEUTRAL_EVIDENCE>-1</EMOTION_SENTIMENT_NEUTRAL_EVIDENCE>
    <EMOTION_SENTIMENT_NEUTRAL_INTENSITY>0.08087452</EMOTION_SENTIMENT_NEUTRAL_INTENSITY>
  </DATA>
  <DATA>
    <TimeStamp>34691</TimeStamp>
    <NumFaces>1</NumFaces>
    <Pulse>58</Pulse>
    <EXPRESSION_BROW_RAISER_LEFT>0</EXPRESSION_BROW_RAISER_LEFT>
    <EXPRESSION_BROW_RAISER_RIGHT>0</EXPRESSION_BROW_RAISER_RIGHT>
    <EXPRESSION_BROW_LOWERER_LEFT>0</EXPRESSION_BROW_LOWERER_LEFT>
    <EXPRESSION_BROW_LOWERER_RIGHT>0</EXPRESSION_BROW_LOWERER_RIGHT>
    <EXPRESSION_SMILE>0</EXPRESSION_SMILE>
    <EXPRESSION_KISS>0</EXPRESSION_KISS>
    <EXPRESSION_MOUTH_OPEN>0</EXPRESSION_MOUTH_OPEN>
    <EXPRESSION_EYES_CLOSED_LEFT>0</EXPRESSION_EYES_CLOSED_LEFT>
    <EXPRESSION_EYES_CLOSED_RIGHT>0</EXPRESSION_EYES_CLOSED_RIGHT>
    <EXPRESSION_EYES_TURN_LEFT>0</EXPRESSION_EYES_TURN_LEFT>
    <EXPRESSION_EYES_TURN_RIGHT>0</EXPRESSION_EYES_TURN_RIGHT>
    <EXPRESSION_EYES_UP>0</EXPRESSION_EYES_UP>
    <EXPRESSION_EYES_DOWN>0</EXPRESSION_EYES_DOWN>
    <EMOTION_PRIMARY_ANGER_EVIDENCE>-2</EMOTION_PRIMARY_ANGER_EVIDENCE>
    <EMOTION_PRIMARY_ANGER_INTENSITY>0.0004981429</EMOTION_PRIMARY_ANGER_INTENSITY>
    <EMOTION_PRIMARY_CONTEMPT_EVIDENCE>0</EMOTION_PRIMARY_CONTEMPT_EVIDENCE>
    <EMOTION_PRIMARY_CONTEMPT_INTENSITY>0.0455542542</EMOTION_PRIMARY_CONTEMPT_INTENSITY>
    <EMOTION_PRIMARY_DISGUST_EVIDENCE>-1</EMOTION_PRIMARY_DISGUST_EVIDENCE>
    <EMOTION_PRIMARY_DISGUST_INTENSITY>0.00704551861</EMOTION_PRIMARY_DISGUST_INTENSITY>
    <EMOTION_PRIMARY_FEAR_EVIDENCE>0</EMOTION_PRIMARY_FEAR_EVIDENCE>
    <EMOTION_PRIMARY_FEAR_INTENSITY>0.28996107</EMOTION_PRIMARY_FEAR_INTENSITY>
    <EMOTION_PRIMARY_JOY_EVIDENCE>0</EMOTION_PRIMARY_JOY_EVIDENCE>
    <EMOTION_PRIMARY_JOY_INTENSITY>0.5155595</EMOTION_PRIMARY_JOY_INTENSITY>
    <EMOTION_PRIMARY_SADNESS_EVIDENCE>-1</EMOTION_PRIMARY_SADNESS_EVIDENCE>
    <EMOTION_PRIMARY_SADNESS_INTENSITY>0.00100980734</EMOTION_PRIMARY_SADNESS_INTENSITY>
    <EMOTION_PRIMARY_SURPRISE_EVIDENCE>-1</EMOTION_PRIMARY_SURPRISE_EVIDENCE>
    <EMOTION_PRIMARY_SURPRISE_INTENSITY>0.00240760064</EMOTION_PRIMARY_SURPRISE_INTENSITY>
    <EMOTION_SENTIMENT_NEGATIVE_EVIDENCE>-1</EMOTION_SENTIMENT_NEGATIVE_EVIDENCE>
    <EMOTION_SENTIMENT_NEGATIVE_INTENSITY>0.0332879163</EMOTION_SENTIMENT_NEGATIVE_INTENSITY>
    <EMOTION_SENTIMENT_POSITIVE_EVIDENCE>1</EMOTION_SENTIMENT_POSITIVE_EVIDENCE>
    <EMOTION_SENTIMENT_POSITIVE_INTENSITY>0.64877516</EMOTION_SENTIMENT_POSITIVE_INTENSITY>
    <EMOTION_SENTIMENT_NEUTRAL_EVIDENCE>0</EMOTION_SENTIMENT_NEUTRAL_EVIDENCE>
    <EMOTION_SENTIMENT_NEUTRAL_INTENSITY>0.233773455</EMOTION_SENTIMENT_NEUTRAL_INTENSITY>
  </DATA>
  <DATA>
    <TimeStamp>34892</TimeStamp>
    <NumFaces>1</NumFaces>
    <Pulse>58</Pulse>
    <EXPRESSION_BROW_RAISER_LEFT>0</EXPRESSION_BROW_RAISER_LEFT>
    <EXPRESSION_BROW_RAISER_RIGHT>0</EXPRESSION_BROW_RAISER_RIGHT>
    <EXPRESSION_BROW_LOWERER_LEFT>0</EXPRESSION_BROW_LOWERER_LEFT>
    <EXPRESSION_BROW_LOWERER_RIGHT>0</EXPRESSION_BROW_LOWERER_RIGHT>
    <EXPRESSION_SMILE>0</EXPRESSION_SMILE>
    <EXPRESSION_KISS>0</EXPRESSION_KISS>
    <EXPRESSION_MOUTH_OPEN>0</EXPRESSION_MOUTH_OPEN>
    <EXPRESSION_EYES_CLOSED_LEFT>0</EXPRESSION_EYES_CLOSED_LEFT>
    <EXPRESSION_EYES_CLOSED_RIGHT>0</EXPRESSION_EYES_CLOSED_RIGHT>
    <EXPRESSION_EYES_TURN_LEFT>0</EXPRESSION_EYES_TURN_LEFT>
    <EXPRESSION_EYES_TURN_RIGHT>0</EXPRESSION_EYES_TURN_RIGHT>
    <EXPRESSION_EYES_UP>0</EXPRESSION_EYES_UP>
    <EXPRESSION_EYES_DOWN>0</EXPRESSION_EYES_DOWN>
    <EMOTION_PRIMARY_ANGER_EVIDENCE>-1</EMOTION_PRIMARY_ANGER_EVIDENCE>
    <EMOTION_PRIMARY_ANGER_INTENSITY>0.0007992825</EMOTION_PRIMARY_ANGER_INTENSITY>
    <EMOTION_PRIMARY_CONTEMPT_EVIDENCE>0</EMOTION_PRIMARY_CONTEMPT_EVIDENCE>
    <EMOTION_PRIMARY_CONTEMPT_INTENSITY>0.05451936</EMOTION_PRIMARY_CONTEMPT_INTENSITY>
    <EMOTION_PRIMARY_DISGUST_EVIDENCE>-1</EMOTION_PRIMARY_DISGUST_EVIDENCE>
    <EMOTION_PRIMARY_DISGUST_INTENSITY>0.0105713792</EMOTION_PRIMARY_DISGUST_INTENSITY>
    <EMOTION_PRIMARY_FEAR_EVIDENCE>0</EMOTION_PRIMARY_FEAR_EVIDENCE>
    <EMOTION_PRIMARY_FEAR_INTENSITY>0.067919</EMOTION_PRIMARY_FEAR_INTENSITY>
    <EMOTION_PRIMARY_JOY_EVIDENCE>0</EMOTION_PRIMARY_JOY_EVIDENCE>
    <EMOTION_PRIMARY_JOY_INTENSITY>0.634439468</EMOTION_PRIMARY_JOY_INTENSITY>
    <EMOTION_PRIMARY_SADNESS_EVIDENCE>-1</EMOTION_PRIMARY_SADNESS_EVIDENCE>
    <EMOTION_PRIMARY_SADNESS_INTENSITY>0.004326699</EMOTION_PRIMARY_SADNESS_INTENSITY>
    <EMOTION_PRIMARY_SURPRISE_EVIDENCE>-1</EMOTION_PRIMARY_SURPRISE_EVIDENCE>
    <EMOTION_PRIMARY_SURPRISE_INTENSITY>0.00214069756</EMOTION_PRIMARY_SURPRISE_INTENSITY>
    <EMOTION_SENTIMENT_NEGATIVE_EVIDENCE>-1</EMOTION_SENTIMENT_NEGATIVE_EVIDENCE>
    <EMOTION_SENTIMENT_NEGATIVE_INTENSITY>0.0507457741</EMOTION_SENTIMENT_NEGATIVE_INTENSITY>
    <EMOTION_SENTIMENT_POSITIVE_EVIDENCE>1</EMOTION_SENTIMENT_POSITIVE_EVIDENCE>
    <EMOTION_SENTIMENT_POSITIVE_INTENSITY>0.7360487</EMOTION_SENTIMENT_POSITIVE_INTENSITY>
    <EMOTION_SENTIMENT_NEUTRAL_EVIDENCE>0</EMOTION_SENTIMENT_NEUTRAL_EVIDENCE>
    <EMOTION_SENTIMENT_NEUTRAL_INTENSITY>0.156512067</EMOTION_SENTIMENT_NEUTRAL_INTENSITY>
  </DATA>
  <DATA>
    <TimeStamp>35093</TimeStamp>
    <NumFaces>1</NumFaces>
    <Pulse>58</Pulse>
    <EXPRESSION_BROW_RAISER_LEFT>0</EXPRESSION_BROW_RAISER_LEFT>
    <EXPRESSION_BROW_RAISER_RIGHT>0</EXPRESSION_BROW_RAISER_RIGHT>
    <EXPRESSION_BROW_LOWERER_LEFT>0</EXPRESSION_BROW_LOWERER_LEFT>
    <EXPRESSION_BROW_LOWERER_RIGHT>0</EXPRESSION_BROW_LOWERER_RIGHT>
    <EXPRESSION_SMILE>0</EXPRESSION_SMILE>
    <EXPRESSION_KISS>0</EXPRESSION_KISS>
    <EXPRESSION_MOUTH_OPEN>0</EXPRESSION_MOUTH_OPEN>
    <EXPRESSION_EYES_CLOSED_LEFT>0</EXPRESSION_EYES_CLOSED_LEFT>
    <EXPRESSION_EYES_CLOSED_RIGHT>0</EXPRESSION_EYES_CLOSED_RIGHT>
    <EXPRESSION_EYES_TURN_LEFT>0</EXPRESSION_EYES_TURN_LEFT>
    <EXPRESSION_EYES_TURN_RIGHT>0</EXPRESSION_EYES_TURN_RIGHT>
    <EXPRESSION_EYES_UP>0</EXPRESSION_EYES_UP>
    <EXPRESSION_EYES_DOWN>0</EXPRESSION_EYES_DOWN>
    <EMOTION_PRIMARY_ANGER_EVIDENCE>-2</EMOTION_PRIMARY_ANGER_EVIDENCE>
    <EMOTION_PRIMARY_ANGER_INTENSITY>0.000403347425</EMOTION_PRIMARY_ANGER_INTENSITY>
    <EMOTION_PRIMARY_CONTEMPT_EVIDENCE>0</EMOTION_PRIMARY_CONTEMPT_EVIDENCE>
    <EMOTION_PRIMARY_CONTEMPT_INTENSITY>0.101662621</EMOTION_PRIMARY_CONTEMPT_INTENSITY>
    <EMOTION_PRIMARY_DISGUST_EVIDENCE>-1</EMOTION_PRIMARY_DISGUST_EVIDENCE>
    <EMOTION_PRIMARY_DISGUST_INTENSITY>0.0141280983</EMOTION_PRIMARY_DISGUST_INTENSITY>
    <EMOTION_PRIMARY_FEAR_EVIDENCE>0</EMOTION_PRIMARY_FEAR_EVIDENCE>
    <EMOTION_PRIMARY_FEAR_INTENSITY>0.010491685</EMOTION_PRIMARY_FEAR_INTENSITY>
    <EMOTION_PRIMARY_JOY_EVIDENCE>0</EMOTION_PRIMARY_JOY_EVIDENCE>
    <EMOTION_PRIMARY_JOY_INTENSITY>0.6435057</EMOTION_PRIMARY_JOY_INTENSITY>
    <EMOTION_PRIMARY_SADNESS_EVIDENCE>0</EMOTION_PRIMARY_SADNESS_EVIDENCE>
    <EMOTION_PRIMARY_SADNESS_INTENSITY>0.0551240332</EMOTION_PRIMARY_SADNESS_INTENSITY>
    <EMOTION_PRIMARY_SURPRISE_EVIDENCE>-1</EMOTION_PRIMARY_SURPRISE_EVIDENCE>
    <EMOTION_PRIMARY_SURPRISE_INTENSITY>0.00246385415</EMOTION_PRIMARY_SURPRISE_INTENSITY>
    <EMOTION_SENTIMENT_NEGATIVE_EVIDENCE>-1</EMOTION_SENTIMENT_NEGATIVE_EVIDENCE>
    <EMOTION_SENTIMENT_NEGATIVE_INTENSITY>0.046380613</EMOTION_SENTIMENT_NEGATIVE_INTENSITY>
    <EMOTION_SENTIMENT_POSITIVE_EVIDENCE>1</EMOTION_SENTIMENT_POSITIVE_EVIDENCE>
    <EMOTION_SENTIMENT_POSITIVE_INTENSITY>0.8039426</EMOTION_SENTIMENT_POSITIVE_INTENSITY>
    <EMOTION_SENTIMENT_NEUTRAL_EVIDENCE>0</EMOTION_SENTIMENT_NEUTRAL_EVIDENCE>
    <EMOTION_SENTIMENT_NEUTRAL_INTENSITY>0.219709933</EMOTION_SENTIMENT_NEUTRAL_INTENSITY>
  </DATA>
  <DATA>
    <TimeStamp>35294</TimeStamp>
    <NumFaces>1</NumFaces>
    <Pulse>58</Pulse>
    <EXPRESSION_BROW_RAISER_LEFT>0</EXPRESSION_BROW_RAISER_LEFT>
    <EXPRESSION_BROW_RAISER_RIGHT>0</EXPRESSION_BROW_RAISER_RIGHT>
    <EXPRESSION_BROW_LOWERER_LEFT>0</EXPRESSION_BROW_LOWERER_LEFT>
    <EXPRESSION_BROW_LOWERER_RIGHT>0</EXPRESSION_BROW_LOWERER_RIGHT>
    <EXPRESSION_SMILE>0</EXPRESSION_SMILE>
    <EXPRESSION_KISS>0</EXPRESSION_KISS>
    <EXPRESSION_MOUTH_OPEN>0</EXPRESSION_MOUTH_OPEN>
    <EXPRESSION_EYES_CLOSED_LEFT>0</EXPRESSION_EYES_CLOSED_LEFT>
    <EXPRESSION_EYES_CLOSED_RIGHT>0</EXPRESSION_EYES_CLOSED_RIGHT>
    <EXPRESSION_EYES_TURN_LEFT>0</EXPRESSION_EYES_TURN_LEFT>
    <EXPRESSION_EYES_TURN_RIGHT>0</EXPRESSION_EYES_TURN_RIGHT>
    <EXPRESSION_EYES_UP>0</EXPRESSION_EYES_UP>
    <EXPRESSION_EYES_DOWN>0</EXPRESSION_EYES_DOWN>
    <EMOTION_PRIMARY_ANGER_EVIDENCE>-2</EMOTION_PRIMARY_ANGER_EVIDENCE>
    <EMOTION_PRIMARY_ANGER_INTENSITY>0.000387191278</EMOTION_PRIMARY_ANGER_INTENSITY>
    <EMOTION_PRIMARY_CONTEMPT_EVIDENCE>0</EMOTION_PRIMARY_CONTEMPT_EVIDENCE>
    <EMOTION_PRIMARY_CONTEMPT_INTENSITY>0.0571609847</EMOTION_PRIMARY_CONTEMPT_INTENSITY>
    <EMOTION_PRIMARY_DISGUST_EVIDENCE>-1</EMOTION_PRIMARY_DISGUST_EVIDENCE>
    <EMOTION_PRIMARY_DISGUST_INTENSITY>0.0160590447</EMOTION_PRIMARY_DISGUST_INTENSITY>
    <EMOTION_PRIMARY_FEAR_EVIDENCE>0</EMOTION_PRIMARY_FEAR_EVIDENCE>
    <EMOTION_PRIMARY_FEAR_INTENSITY>0.017322816</EMOTION_PRIMARY_FEAR_INTENSITY>
    <EMOTION_PRIMARY_JOY_EVIDENCE>1</EMOTION_PRIMARY_JOY_EVIDENCE>
    <EMOTION_PRIMARY_JOY_INTENSITY>0.7017808</EMOTION_PRIMARY_JOY_INTENSITY>
    <EMOTION_PRIMARY_SADNESS_EVIDENCE>0</EMOTION_PRIMARY_SADNESS_EVIDENCE>
    <EMOTION_PRIMARY_SADNESS_INTENSITY>0.009529026</EMOTION_PRIMARY_SADNESS_INTENSITY>
    <EMOTION_PRIMARY_SURPRISE_EVIDENCE>-2</EMOTION_PRIMARY_SURPRISE_EVIDENCE>
    <EMOTION_PRIMARY_SURPRISE_INTENSITY>0.001564872</EMOTION_PRIMARY_SURPRISE_INTENSITY>
    <EMOTION_SENTIMENT_NEGATIVE_EVIDENCE>-1</EMOTION_SENTIMENT_NEGATIVE_EVIDENCE>
    <EMOTION_SENTIMENT_NEGATIVE_INTENSITY>0.0369091481</EMOTION_SENTIMENT_NEGATIVE_INTENSITY>
    <EMOTION_SENTIMENT_POSITIVE_EVIDENCE>1</EMOTION_SENTIMENT_POSITIVE_EVIDENCE>
    <EMOTION_SENTIMENT_POSITIVE_INTENSITY>0.8175719</EMOTION_SENTIMENT_POSITIVE_INTENSITY>
    <EMOTION_SENTIMENT_NEUTRAL_EVIDENCE>0</EMOTION_SENTIMENT_NEUTRAL_EVIDENCE>
    <EMOTION_SENTIMENT_NEUTRAL_INTENSITY>0.2529542</EMOTION_SENTIMENT_NEUTRAL_INTENSITY>
  </DATA>
  <DATA>
    <TimeStamp>35495</TimeStamp>
    <NumFaces>1</NumFaces>
    <Pulse>58</Pulse>
    <EXPRESSION_BROW_RAISER_LEFT>0</EXPRESSION_BROW_RAISER_LEFT>
    <EXPRESSION_BROW_RAISER_RIGHT>0</EXPRESSION_BROW_RAISER_RIGHT>
    <EXPRESSION_BROW_LOWERER_LEFT>0</EXPRESSION_BROW_LOWERER_LEFT>
    <EXPRESSION_BROW_LOWERER_RIGHT>0</EXPRESSION_BROW_LOWERER_RIGHT>
    <EXPRESSION_SMILE>0</EXPRESSION_SMILE>
    <EXPRESSION_KISS>0</EXPRESSION_KISS>
    <EXPRESSION_MOUTH_OPEN>0</EXPRESSION_MOUTH_OPEN>
    <EXPRESSION_EYES_CLOSED_LEFT>0</EXPRESSION_EYES_CLOSED_LEFT>
    <EXPRESSION_EYES_CLOSED_RIGHT>0</EXPRESSION_EYES_CLOSED_RIGHT>
    <EXPRESSION_EYES_TURN_LEFT>0</EXPRESSION_EYES_TURN_LEFT>
    <EXPRESSION_EYES_TURN_RIGHT>0</EXPRESSION_EYES_TURN_RIGHT>
    <EXPRESSION_EYES_UP>0</EXPRESSION_EYES_UP>
    <EXPRESSION_EYES_DOWN>0</EXPRESSION_EYES_DOWN>
    <EMOTION_PRIMARY_ANGER_EVIDENCE>-1</EMOTION_PRIMARY_ANGER_EVIDENCE>
    <EMOTION_PRIMARY_ANGER_INTENSITY>0.0005288721</EMOTION_PRIMARY_ANGER_INTENSITY>
    <EMOTION_PRIMARY_CONTEMPT_EVIDENCE>0</EMOTION_PRIMARY_CONTEMPT_EVIDENCE>
    <EMOTION_PRIMARY_CONTEMPT_INTENSITY>0.0791640654</EMOTION_PRIMARY_CONTEMPT_INTENSITY>
    <EMOTION_PRIMARY_DISGUST_EVIDENCE>-1</EMOTION_PRIMARY_DISGUST_EVIDENCE>
    <EMOTION_PRIMARY_DISGUST_INTENSITY>0.0122483326</EMOTION_PRIMARY_DISGUST_INTENSITY>
    <EMOTION_PRIMARY_FEAR_EVIDENCE>0</EMOTION_PRIMARY_FEAR_EVIDENCE>
    <EMOTION_PRIMARY_FEAR_INTENSITY>0.0369954221</EMOTION_PRIMARY_FEAR_INTENSITY>
    <EMOTION_PRIMARY_JOY_EVIDENCE>1</EMOTION_PRIMARY_JOY_EVIDENCE>
    <EMOTION_PRIMARY_JOY_INTENSITY>0.697106957</EMOTION_PRIMARY_JOY_INTENSITY>
    <EMOTION_PRIMARY_SADNESS_EVIDENCE>-1</EMOTION_PRIMARY_SADNESS_EVIDENCE>
    <EMOTION_PRIMARY_SADNESS_INTENSITY>0.00298175635</EMOTION_PRIMARY_SADNESS_INTENSITY>
    <EMOTION_PRIMARY_SURPRISE_EVIDENCE>-2</EMOTION_PRIMARY_SURPRISE_EVIDENCE>
    <EMOTION_PRIMARY_SURPRISE_INTENSITY>0.00155627192</EMOTION_PRIMARY_SURPRISE_INTENSITY>
    <EMOTION_SENTIMENT_NEGATIVE_EVIDENCE>-1</EMOTION_SENTIMENT_NEGATIVE_EVIDENCE>
    <EMOTION_SENTIMENT_NEGATIVE_INTENSITY>0.03850406</EMOTION_SENTIMENT_NEGATIVE_INTENSITY>
    <EMOTION_SENTIMENT_POSITIVE_EVIDENCE>1</EMOTION_SENTIMENT_POSITIVE_EVIDENCE>
    <EMOTION_SENTIMENT_POSITIVE_INTENSITY>0.7856925</EMOTION_SENTIMENT_POSITIVE_INTENSITY>
    <EMOTION_SENTIMENT_NEUTRAL_EVIDENCE>0</EMOTION_SENTIMENT_NEUTRAL_EVIDENCE>
    <EMOTION_SENTIMENT_NEUTRAL_INTENSITY>0.198413789</EMOTION_SENTIMENT_NEUTRAL_INTENSITY>
  </DATA>
  <DATA>
    <TimeStamp>35695</TimeStamp>
    <NumFaces>1</NumFaces>
    <Pulse>58</Pulse>
    <EXPRESSION_BROW_RAISER_LEFT>0</EXPRESSION_BROW_RAISER_LEFT>
    <EXPRESSION_BROW_RAISER_RIGHT>0</EXPRESSION_BROW_RAISER_RIGHT>
    <EXPRESSION_BROW_LOWERER_LEFT>0</EXPRESSION_BROW_LOWERER_LEFT>
    <EXPRESSION_BROW_LOWERER_RIGHT>0</EXPRESSION_BROW_LOWERER_RIGHT>
    <EXPRESSION_SMILE>0</EXPRESSION_SMILE>
    <EXPRESSION_KISS>0</EXPRESSION_KISS>
    <EXPRESSION_MOUTH_OPEN>0</EXPRESSION_MOUTH_OPEN>
    <EXPRESSION_EYES_CLOSED_LEFT>0</EXPRESSION_EYES_CLOSED_LEFT>
    <EXPRESSION_EYES_CLOSED_RIGHT>0</EXPRESSION_EYES_CLOSED_RIGHT>
    <EXPRESSION_EYES_TURN_LEFT>0</EXPRESSION_EYES_TURN_LEFT>
    <EXPRESSION_EYES_TURN_RIGHT>0</EXPRESSION_EYES_TURN_RIGHT>
    <EXPRESSION_EYES_UP>0</EXPRESSION_EYES_UP>
    <EXPRESSION_EYES_DOWN>0</EXPRESSION_EYES_DOWN>
    <EMOTION_PRIMARY_ANGER_EVIDENCE>-1</EMOTION_PRIMARY_ANGER_EVIDENCE>
    <EMOTION_PRIMARY_ANGER_INTENSITY>0.000846359762</EMOTION_PRIMARY_ANGER_INTENSITY>
    <EMOTION_PRIMARY_CONTEMPT_EVIDENCE>0</EMOTION_PRIMARY_CONTEMPT_EVIDENCE>
    <EMOTION_PRIMARY_CONTEMPT_INTENSITY>0.091745235</EMOTION_PRIMARY_CONTEMPT_INTENSITY>
    <EMOTION_PRIMARY_DISGUST_EVIDENCE>-1</EMOTION_PRIMARY_DISGUST_EVIDENCE>
    <EMOTION_PRIMARY_DISGUST_INTENSITY>0.0107065933</EMOTION_PRIMARY_DISGUST_INTENSITY>
    <EMOTION_PRIMARY_FEAR_EVIDENCE>0</EMOTION_PRIMARY_FEAR_EVIDENCE>
    <EMOTION_PRIMARY_FEAR_INTENSITY>0.0269192941</EMOTION_PRIMARY_FEAR_INTENSITY>
    <EMOTION_PRIMARY_JOY_EVIDENCE>1</EMOTION_PRIMARY_JOY_EVIDENCE>
    <EMOTION_PRIMARY_JOY_INTENSITY>0.694737554</EMOTION_PRIMARY_JOY_INTENSITY>
    <EMOTION_PRIMARY_SADNESS_EVIDENCE>-1</EMOTION_PRIMARY_SADNESS_EVIDENCE>
    <EMOTION_PRIMARY_SADNESS_INTENSITY>0.00300917868</EMOTION_PRIMARY_SADNESS_INTENSITY>
    <EMOTION_PRIMARY_SURPRISE_EVIDENCE>-2</EMOTION_PRIMARY_SURPRISE_EVIDENCE>
    <EMOTION_PRIMARY_SURPRISE_INTENSITY>0.00190257572</EMOTION_PRIMARY_SURPRISE_INTENSITY>
    <EMOTION_SENTIMENT_NEGATIVE_EVIDENCE>-1</EMOTION_SENTIMENT_NEGATIVE_EVIDENCE>
    <EMOTION_SENTIMENT_NEGATIVE_INTENSITY>0.04648573</EMOTION_SENTIMENT_NEGATIVE_INTENSITY>
    <EMOTION_SENTIMENT_POSITIVE_EVIDENCE>1</EMOTION_SENTIMENT_POSITIVE_EVIDENCE>
    <EMOTION_SENTIMENT_POSITIVE_INTENSITY>0.7791569</EMOTION_SENTIMENT_POSITIVE_INTENSITY>
    <EMOTION_SENTIMENT_NEUTRAL_EVIDENCE>0</EMOTION_SENTIMENT_NEUTRAL_EVIDENCE>
    <EMOTION_SENTIMENT_NEUTRAL_INTENSITY>0.128114626</EMOTION_SENTIMENT_NEUTRAL_INTENSITY>
  </DATA>
  <DATA>
    <TimeStamp>35896</TimeStamp>
    <NumFaces>1</NumFaces>
    <Pulse>58</Pulse>
    <EXPRESSION_BROW_RAISER_LEFT>0</EXPRESSION_BROW_RAISER_LEFT>
    <EXPRESSION_BROW_RAISER_RIGHT>0</EXPRESSION_BROW_RAISER_RIGHT>
    <EXPRESSION_BROW_LOWERER_LEFT>0</EXPRESSION_BROW_LOWERER_LEFT>
    <EXPRESSION_BROW_LOWERER_RIGHT>0</EXPRESSION_BROW_LOWERER_RIGHT>
    <EXPRESSION_SMILE>0</EXPRESSION_SMILE>
    <EXPRESSION_KISS>0</EXPRESSION_KISS>
    <EXPRESSION_MOUTH_OPEN>0</EXPRESSION_MOUTH_OPEN>
    <EXPRESSION_EYES_CLOSED_LEFT>0</EXPRESSION_EYES_CLOSED_LEFT>
    <EXPRESSION_EYES_CLOSED_RIGHT>0</EXPRESSION_EYES_CLOSED_RIGHT>
    <EXPRESSION_EYES_TURN_LEFT>0</EXPRESSION_EYES_TURN_LEFT>
    <EXPRESSION_EYES_TURN_RIGHT>0</EXPRESSION_EYES_TURN_RIGHT>
    <EXPRESSION_EYES_UP>0</EXPRESSION_EYES_UP>
    <EXPRESSION_EYES_DOWN>0</EXPRESSION_EYES_DOWN>
    <EMOTION_PRIMARY_ANGER_EVIDENCE>-1</EMOTION_PRIMARY_ANGER_EVIDENCE>
    <EMOTION_PRIMARY_ANGER_INTENSITY>0.00102014618</EMOTION_PRIMARY_ANGER_INTENSITY>
    <EMOTION_PRIMARY_CONTEMPT_EVIDENCE>0</EMOTION_PRIMARY_CONTEMPT_EVIDENCE>
    <EMOTION_PRIMARY_CONTEMPT_INTENSITY>0.083508186</EMOTION_PRIMARY_CONTEMPT_INTENSITY>
    <EMOTION_PRIMARY_DISGUST_EVIDENCE>-1</EMOTION_PRIMARY_DISGUST_EVIDENCE>
    <EMOTION_PRIMARY_DISGUST_INTENSITY>0.009884595</EMOTION_PRIMARY_DISGUST_INTENSITY>
    <EMOTION_PRIMARY_FEAR_EVIDENCE>0</EMOTION_PRIMARY_FEAR_EVIDENCE>
    <EMOTION_PRIMARY_FEAR_INTENSITY>0.0278406311</EMOTION_PRIMARY_FEAR_INTENSITY>
    <EMOTION_PRIMARY_JOY_EVIDENCE>1</EMOTION_PRIMARY_JOY_EVIDENCE>
    <EMOTION_PRIMARY_JOY_INTENSITY>0.7424685</EMOTION_PRIMARY_JOY_INTENSITY>
    <EMOTION_PRIMARY_SADNESS_EVIDENCE>-1</EMOTION_PRIMARY_SADNESS_EVIDENCE>
    <EMOTION_PRIMARY_SADNESS_INTENSITY>0.00196953933</EMOTION_PRIMARY_SADNESS_INTENSITY>
    <EMOTION_PRIMARY_SURPRISE_EVIDENCE>-1</EMOTION_PRIMARY_SURPRISE_EVIDENCE>
    <EMOTION_PRIMARY_SURPRISE_INTENSITY>0.00243267533</EMOTION_PRIMARY_SURPRISE_INTENSITY>
    <EMOTION_SENTIMENT_NEGATIVE_EVIDENCE>-1</EMOTION_SENTIMENT_NEGATIVE_EVIDENCE>
    <EMOTION_SENTIMENT_NEGATIVE_INTENSITY>0.03859143</EMOTION_SENTIMENT_NEGATIVE_INTENSITY>
    <EMOTION_SENTIMENT_POSITIVE_EVIDENCE>1</EMOTION_SENTIMENT_POSITIVE_EVIDENCE>
    <EMOTION_SENTIMENT_POSITIVE_INTENSITY>0.8093354</EMOTION_SENTIMENT_POSITIVE_INTENSITY>
    <EMOTION_SENTIMENT_NEUTRAL_EVIDENCE>0</EMOTION_SENTIMENT_NEUTRAL_EVIDENCE>
    <EMOTION_SENTIMENT_NEUTRAL_INTENSITY>0.126071438</EMOTION_SENTIMENT_NEUTRAL_INTENSITY>
  </DATA>
  <DATA>
    <TimeStamp>36096</TimeStamp>
    <NumFaces>1</NumFaces>
    <Pulse>58</Pulse>
    <EXPRESSION_BROW_RAISER_LEFT>0</EXPRESSION_BROW_RAISER_LEFT>
    <EXPRESSION_BROW_RAISER_RIGHT>0</EXPRESSION_BROW_RAISER_RIGHT>
    <EXPRESSION_BROW_LOWERER_LEFT>0</EXPRESSION_BROW_LOWERER_LEFT>
    <EXPRESSION_BROW_LOWERER_RIGHT>0</EXPRESSION_BROW_LOWERER_RIGHT>
    <EXPRESSION_SMILE>0</EXPRESSION_SMILE>
    <EXPRESSION_KISS>0</EXPRESSION_KISS>
    <EXPRESSION_MOUTH_OPEN>0</EXPRESSION_MOUTH_OPEN>
    <EXPRESSION_EYES_CLOSED_LEFT>0</EXPRESSION_EYES_CLOSED_LEFT>
    <EXPRESSION_EYES_CLOSED_RIGHT>0</EXPRESSION_EYES_CLOSED_RIGHT>
    <EXPRESSION_EYES_TURN_LEFT>0</EXPRESSION_EYES_TURN_LEFT>
    <EXPRESSION_EYES_TURN_RIGHT>0</EXPRESSION_EYES_TURN_RIGHT>
    <EXPRESSION_EYES_UP>0</EXPRESSION_EYES_UP>
    <EXPRESSION_EYES_DOWN>0</EXPRESSION_EYES_DOWN>
    <EMOTION_PRIMARY_ANGER_EVIDENCE>-1</EMOTION_PRIMARY_ANGER_EVIDENCE>
    <EMOTION_PRIMARY_ANGER_INTENSITY>0.0011542649</EMOTION_PRIMARY_ANGER_INTENSITY>
    <EMOTION_PRIMARY_CONTEMPT_EVIDENCE>0</EMOTION_PRIMARY_CONTEMPT_EVIDENCE>
    <EMOTION_PRIMARY_CONTEMPT_INTENSITY>0.0834933147</EMOTION_PRIMARY_CONTEMPT_INTENSITY>
    <EMOTION_PRIMARY_DISGUST_EVIDENCE>-1</EMOTION_PRIMARY_DISGUST_EVIDENCE>
    <EMOTION_PRIMARY_DISGUST_INTENSITY>0.0115707517</EMOTION_PRIMARY_DISGUST_INTENSITY>
    <EMOTION_PRIMARY_FEAR_EVIDENCE>0</EMOTION_PRIMARY_FEAR_EVIDENCE>
    <EMOTION_PRIMARY_FEAR_INTENSITY>0.0225385334</EMOTION_PRIMARY_FEAR_INTENSITY>
    <EMOTION_PRIMARY_JOY_EVIDENCE>1</EMOTION_PRIMARY_JOY_EVIDENCE>
    <EMOTION_PRIMARY_JOY_INTENSITY>0.7224496</EMOTION_PRIMARY_JOY_INTENSITY>
    <EMOTION_PRIMARY_SADNESS_EVIDENCE>-1</EMOTION_PRIMARY_SADNESS_EVIDENCE>
    <EMOTION_PRIMARY_SADNESS_INTENSITY>0.00238621677</EMOTION_PRIMARY_SADNESS_INTENSITY>
    <EMOTION_PRIMARY_SURPRISE_EVIDENCE>-1</EMOTION_PRIMARY_SURPRISE_EVIDENCE>
    <EMOTION_PRIMARY_SURPRISE_INTENSITY>0.00296005257</EMOTION_PRIMARY_SURPRISE_INTENSITY>
    <EMOTION_SENTIMENT_NEGATIVE_EVIDENCE>-1</EMOTION_SENTIMENT_NEGATIVE_EVIDENCE>
    <EMOTION_SENTIMENT_NEGATIVE_INTENSITY>0.0415870361</EMOTION_SENTIMENT_NEGATIVE_INTENSITY>
    <EMOTION_SENTIMENT_POSITIVE_EVIDENCE>1</EMOTION_SENTIMENT_POSITIVE_EVIDENCE>
    <EMOTION_SENTIMENT_POSITIVE_INTENSITY>0.798294663</EMOTION_SENTIMENT_POSITIVE_INTENSITY>
    <EMOTION_SENTIMENT_NEUTRAL_EVIDENCE>0</EMOTION_SENTIMENT_NEUTRAL_EVIDENCE>
    <EMOTION_SENTIMENT_NEUTRAL_INTENSITY>0.123184532</EMOTION_SENTIMENT_NEUTRAL_INTENSITY>
  </DATA>
  <DATA>
    <TimeStamp>36296</TimeStamp>
    <NumFaces>1</NumFaces>
    <Pulse>58</Pulse>
    <EXPRESSION_BROW_RAISER_LEFT>0</EXPRESSION_BROW_RAISER_LEFT>
    <EXPRESSION_BROW_RAISER_RIGHT>0</EXPRESSION_BROW_RAISER_RIGHT>
    <EXPRESSION_BROW_LOWERER_LEFT>0</EXPRESSION_BROW_LOWERER_LEFT>
    <EXPRESSION_BROW_LOWERER_RIGHT>0</EXPRESSION_BROW_LOWERER_RIGHT>
    <EXPRESSION_SMILE>0</EXPRESSION_SMILE>
    <EXPRESSION_KISS>0</EXPRESSION_KISS>
    <EXPRESSION_MOUTH_OPEN>0</EXPRESSION_MOUTH_OPEN>
    <EXPRESSION_EYES_CLOSED_LEFT>0</EXPRESSION_EYES_CLOSED_LEFT>
    <EXPRESSION_EYES_CLOSED_RIGHT>0</EXPRESSION_EYES_CLOSED_RIGHT>
    <EXPRESSION_EYES_TURN_LEFT>0</EXPRESSION_EYES_TURN_LEFT>
    <EXPRESSION_EYES_TURN_RIGHT>0</EXPRESSION_EYES_TURN_RIGHT>
    <EXPRESSION_EYES_UP>0</EXPRESSION_EYES_UP>
    <EXPRESSION_EYES_DOWN>0</EXPRESSION_EYES_DOWN>
    <EMOTION_PRIMARY_ANGER_EVIDENCE>-1</EMOTION_PRIMARY_ANGER_EVIDENCE>
    <EMOTION_PRIMARY_ANGER_INTENSITY>0.00107372156</EMOTION_PRIMARY_ANGER_INTENSITY>
    <EMOTION_PRIMARY_CONTEMPT_EVIDENCE>0</EMOTION_PRIMARY_CONTEMPT_EVIDENCE>
    <EMOTION_PRIMARY_CONTEMPT_INTENSITY>0.09178866</EMOTION_PRIMARY_CONTEMPT_INTENSITY>
    <EMOTION_PRIMARY_DISGUST_EVIDENCE>-1</EMOTION_PRIMARY_DISGUST_EVIDENCE>
    <EMOTION_PRIMARY_DISGUST_INTENSITY>0.009634864</EMOTION_PRIMARY_DISGUST_INTENSITY>
    <EMOTION_PRIMARY_FEAR_EVIDENCE>0</EMOTION_PRIMARY_FEAR_EVIDENCE>
    <EMOTION_PRIMARY_FEAR_INTENSITY>0.0264253616</EMOTION_PRIMARY_FEAR_INTENSITY>
    <EMOTION_PRIMARY_JOY_EVIDENCE>0</EMOTION_PRIMARY_JOY_EVIDENCE>
    <EMOTION_PRIMARY_JOY_INTENSITY>0.6706757</EMOTION_PRIMARY_JOY_INTENSITY>
    <EMOTION_PRIMARY_SADNESS_EVIDENCE>-1</EMOTION_PRIMARY_SADNESS_EVIDENCE>
    <EMOTION_PRIMARY_SADNESS_INTENSITY>0.00267946185</EMOTION_PRIMARY_SADNESS_INTENSITY>
    <EMOTION_PRIMARY_SURPRISE_EVIDENCE>-1</EMOTION_PRIMARY_SURPRISE_EVIDENCE>
    <EMOTION_PRIMARY_SURPRISE_INTENSITY>0.0025976086</EMOTION_PRIMARY_SURPRISE_INTENSITY>
    <EMOTION_SENTIMENT_NEGATIVE_EVIDENCE>-1</EMOTION_SENTIMENT_NEGATIVE_EVIDENCE>
    <EMOTION_SENTIMENT_NEGATIVE_INTENSITY>0.0489573926</EMOTION_SENTIMENT_NEGATIVE_INTENSITY>
    <EMOTION_SENTIMENT_POSITIVE_EVIDENCE>1</EMOTION_SENTIMENT_POSITIVE_EVIDENCE>
    <EMOTION_SENTIMENT_POSITIVE_INTENSITY>0.7632575</EMOTION_SENTIMENT_POSITIVE_INTENSITY>
    <EMOTION_SENTIMENT_NEUTRAL_EVIDENCE>0</EMOTION_SENTIMENT_NEUTRAL_EVIDENCE>
    <EMOTION_SENTIMENT_NEUTRAL_INTENSITY>0.098349385</EMOTION_SENTIMENT_NEUTRAL_INTENSITY>
  </DATA>
  <DATA>
    <TimeStamp>36498</TimeStamp>
    <NumFaces>1</NumFaces>
    <Pulse>58</Pulse>
    <EXPRESSION_BROW_RAISER_LEFT>0</EXPRESSION_BROW_RAISER_LEFT>
    <EXPRESSION_BROW_RAISER_RIGHT>0</EXPRESSION_BROW_RAISER_RIGHT>
    <EXPRESSION_BROW_LOWERER_LEFT>0</EXPRESSION_BROW_LOWERER_LEFT>
    <EXPRESSION_BROW_LOWERER_RIGHT>0</EXPRESSION_BROW_LOWERER_RIGHT>
    <EXPRESSION_SMILE>0</EXPRESSION_SMILE>
    <EXPRESSION_KISS>0</EXPRESSION_KISS>
    <EXPRESSION_MOUTH_OPEN>0</EXPRESSION_MOUTH_OPEN>
    <EXPRESSION_EYES_CLOSED_LEFT>0</EXPRESSION_EYES_CLOSED_LEFT>
    <EXPRESSION_EYES_CLOSED_RIGHT>0</EXPRESSION_EYES_CLOSED_RIGHT>
    <EXPRESSION_EYES_TURN_LEFT>0</EXPRESSION_EYES_TURN_LEFT>
    <EXPRESSION_EYES_TURN_RIGHT>0</EXPRESSION_EYES_TURN_RIGHT>
    <EXPRESSION_EYES_UP>0</EXPRESSION_EYES_UP>
    <EXPRESSION_EYES_DOWN>0</EXPRESSION_EYES_DOWN>
    <EMOTION_PRIMARY_ANGER_EVIDENCE>-1</EMOTION_PRIMARY_ANGER_EVIDENCE>
    <EMOTION_PRIMARY_ANGER_INTENSITY>0.000919469458</EMOTION_PRIMARY_ANGER_INTENSITY>
    <EMOTION_PRIMARY_CONTEMPT_EVIDENCE>0</EMOTION_PRIMARY_CONTEMPT_EVIDENCE>
    <EMOTION_PRIMARY_CONTEMPT_INTENSITY>0.09757975</EMOTION_PRIMARY_CONTEMPT_INTENSITY>
    <EMOTION_PRIMARY_DISGUST_EVIDENCE>-1</EMOTION_PRIMARY_DISGUST_EVIDENCE>
    <EMOTION_PRIMARY_DISGUST_INTENSITY>0.008989311</EMOTION_PRIMARY_DISGUST_INTENSITY>
    <EMOTION_PRIMARY_FEAR_EVIDENCE>0</EMOTION_PRIMARY_FEAR_EVIDENCE>
    <EMOTION_PRIMARY_FEAR_INTENSITY>0.0349791</EMOTION_PRIMARY_FEAR_INTENSITY>
    <EMOTION_PRIMARY_JOY_EVIDENCE>0</EMOTION_PRIMARY_JOY_EVIDENCE>
    <EMOTION_PRIMARY_JOY_INTENSITY>0.6180167</EMOTION_PRIMARY_JOY_INTENSITY>
    <EMOTION_PRIMARY_SADNESS_EVIDENCE>-1</EMOTION_PRIMARY_SADNESS_EVIDENCE>
    <EMOTION_PRIMARY_SADNESS_INTENSITY>0.00458278973</EMOTION_PRIMARY_SADNESS_INTENSITY>
    <EMOTION_PRIMARY_SURPRISE_EVIDENCE>-1</EMOTION_PRIMARY_SURPRISE_EVIDENCE>
    <EMOTION_PRIMARY_SURPRISE_INTENSITY>0.00237854617</EMOTION_PRIMARY_SURPRISE_INTENSITY>
    <EMOTION_SENTIMENT_NEGATIVE_EVIDENCE>-1</EMOTION_SENTIMENT_NEGATIVE_EVIDENCE>
    <EMOTION_SENTIMENT_NEGATIVE_INTENSITY>0.056194555</EMOTION_SENTIMENT_NEGATIVE_INTENSITY>
    <EMOTION_SENTIMENT_POSITIVE_EVIDENCE>1</EMOTION_SENTIMENT_POSITIVE_EVIDENCE>
    <EMOTION_SENTIMENT_POSITIVE_INTENSITY>0.7306102</EMOTION_SENTIMENT_POSITIVE_INTENSITY>
    <EMOTION_SENTIMENT_NEUTRAL_EVIDENCE>0</EMOTION_SENTIMENT_NEUTRAL_EVIDENCE>
    <EMOTION_SENTIMENT_NEUTRAL_INTENSITY>0.102427237</EMOTION_SENTIMENT_NEUTRAL_INTENSITY>
  </DATA>
</QuizDataSet>